flight_id,box,grp,reg,model,type,callsign,minutes,km,agl_med,agl_min,gs_med,interior,bracketed,lon,lat,start_ap,end_ap,week,d_own
405ff3:2025-06-20T15:33:41Z,LK_LakeDist,civ_ga,G-CFUE,ALPI Pioneer 330,PNR3,GCFUE,0.18,0.7,653,653,124.0,False,False,-3.05,54.5,,,2025-06-14,127.7
424c59:2025-06-20T12:35:26Z,LK_LakeDist,rotorcraft,M-PLGL,BELL 407,B407,MPLGL,0.66,2.1,340,334,98.0,False,False,-3.05,54.55,,,2025-06-14,9.4
424c59:2025-06-20T12:35:26Z,LK_LakeDist,rotorcraft,M-PLGL,BELL 407,B407,MPLGL,1.26,4.5,549,469,116.0,False,False,-3.05,54.5,,,2025-06-14,3.1
43c8d4:2025-06-20T11:40:45Z,LK_LakeDist,mil_state,ZM333,EMBRAER EMB-500 Phenom 100,E50P,CWL19,0.15,1.0,614,614,221.0,False,False,-2.95,54.45,EGYD,EGYD,2025-06-14,224.7
43c8d6:2025-06-20T11:12:06Z,LK_LakeDist,mil_state,ZM335,EMBRAER EMB-500 Phenom 100,E50P,CWL51,0.92,6.7,610,355,241.0,False,False,-2.95,54.475,EGYD,EGYD,2025-06-14,227.5
43c8e0:2025-06-20T08:35:32Z,LK_LakeDist,rotorcraft,ZM506,AIRBUS HELICOPTERS EC-135/635,EC35,SYS150,3.02,10.1,150,96,128.0,False,False,-2.95,54.483,EGOS,EGCB,2025-06-14,120.9
40296f:2025-06-19T15:29:49Z,LK_LakeDist,civ_ga,G-OZJX,PIPER PA-28-140/150/160/180,P28A,GOZJX,0.32,1.1,513,513,106.0,False,False,-2.95,54.5,,EGGP,2025-06-14,0.5
40296f:2025-06-19T15:29:49Z,LK_LakeDist,civ_ga,G-OZJX,PIPER PA-28-140/150/160/180,P28A,GOZJX,0.79,2.7,535,395,97.0,False,False,-2.95,54.45,,EGGP,2025-06-14,4.4
4046b6:2025-06-19T12:47:19Z,LK_LakeDist,civ_ga,G-UANT,PIPER PA-28-140/150/160/180,P28A,GUANT,0.8,2.3,641,641,111.0,False,False,-3.15,54.2,EGNH,EGNH,2025-06-14,49.5
4057c3:2025-06-18T12:44:24Z,LK_LakeDist,rotorcraft,G-GOES,ROBINSON R-44 Raven,R44,GGOES,0.86,3.0,654,572,108.0,False,False,-3.15,54.2,,,2025-06-14,7.3
43c8d6:2025-06-16T14:56:32Z,LK_LakeDist,mil_state,ZM335,EMBRAER EMB-500 Phenom 100,E50P,CWL36,1.68,11.8,547,438,211.0,False,False,-2.95,54.465,,EGXE,2025-06-14,91.9
4057c3:2025-07-16T11:20:46Z,LK_LakeDist,rotorcraft,G-GOES,ROBINSON R-44 Raven,R44,GGOES,0.73,2.8,520,520,96.0,False,False,-3.15,54.2,EGNL,,2025-07-12,9.3
43c8ee:2025-07-16T10:09:30Z,LK_LakeDist,rotorcraft,ZM520,AIRBUS HELICOPTERS EC-135/635,EC35,SYS150,3.24,10.5,189,101,100.0,False,False,-2.95,54.488,EGOS,EGCB,2025-07-12,122.1
43c94d:2025-07-14T13:10:33Z,LK_LakeDist,rotorcraft,ZM731,MCDONNELL DOUGLAS AH-64 Apache,H64,BACHUS1,0.53,1.6,80,80,103.0,False,False,-2.35,54.75,,EGXE,2025-07-12,0.8
4078b9:2025-07-14T12:58:09Z,LK_LakeDist,civ_ga,G-SHMB,LET L-39 Albatros,L39,GSHMB,0.52,4.4,486,468,258.0,False,False,-3.175,54.2,EGNH,EGNH,2025-07-12,50.7
43c953:2025-07-14T11:45:30Z,LK_LakeDist,rotorcraft,ZM737,MCDONNELL DOUGLAS AH-64 Apache,H64,BCCHS2,0.47,2.0,337,337,145.0,False,False,-2.35,54.75,EGXE,,2025-07-12,17.0
43c953:2025-07-14T11:45:30Z,LK_LakeDist,rotorcraft,ZM737,MCDONNELL DOUGLAS AH-64 Apache,H64,BCCHS2,0.07,0.3,420,420,142.0,False,False,-2.45,54.8,EGXE,,2025-07-12,7.4
401081:2025-07-14T10:57:10Z,LK_LakeDist,rotorcraft,G-FRYA,ROBINSON R-44 Raven,R44,GFRYA,0.77,2.5,658,524,98.0,False,False,-3.125,54.2,EGCB,EGPT,2025-07-12,92.9
406d34:2025-07-13T17:08:47Z,LK_LakeDist,rotorcraft,G-WSTO,AEROSPATIALE AS-355 Ecureuil 2,AS55,KNM04,0.36,1.5,274,274,132.0,True,True,-3.2,54.625,,EGPG,2025-07-12,156.1
406deb:2025-07-12T16:01:26Z,LK_LakeDist,rotorcraft,G-MCGV,AGUSTA AW-189,A189,SRG199,10.3,7.1,112,-88,48.0,False,False,-2.983,54.5,,,2025-07-12,1.2
406deb:2025-07-12T15:34:36Z,LK_LakeDist,rotorcraft,G-MCGV,AGUSTA AW-189,A189,SRG199,0.43,1.8,650,650,134.0,False,False,-3.0,54.55,,,2025-07-12,0.9
406deb:2025-07-12T15:34:36Z,LK_LakeDist,rotorcraft,G-MCGV,AGUSTA AW-189,A189,SRG199,11.05,8.9,231,-90,47.0,False,False,-3.0,54.504,,,2025-07-12,0.5
406deb:2025-07-12T14:13:37Z,LK_LakeDist,rotorcraft,G-MCGV,AGUSTA AW-189,A189,SRG199,2.32,1.4,228,16,152.0,False,False,-3.16,54.64,,,2025-07-12,0.1
406deb:2025-07-12T12:44:39Z,LK_LakeDist,rotorcraft,G-MCGV,AGUSTA AW-189,A189,SRG199,0.16,0.1,322,322,124.0,True,True,-2.9,54.45,EGPK,,2025-07-12,1.2
4080e6:2026-04-17T17:24:43Z,LK_LakeDist,rotorcraft,G-HFLW,AIRBUS HELICOPTERS EC-145,EC45,GHFLW,0.43,2.1,452,452,162.0,False,False,-2.35,54.8,,EGNT,2026-04-11,45.8
406de5:2026-04-16T13:57:28Z,LK_LakeDist,rotorcraft,G-MCGO,AGUSTA AW-149,A149,SRD897,6.79,3.4,409,124,86.0,False,False,-2.85,54.45,,,2026-04-11,0.7
406de5:2026-04-16T13:57:28Z,LK_LakeDist,rotorcraft,G-MCGO,AGUSTA AW-149,A149,SRD897,0.33,1.1,306,306,86.0,True,False,-2.85,54.4,,,2026-04-11,5.2
406de5:2026-04-16T13:57:28Z,LK_LakeDist,rotorcraft,G-MCGO,AGUSTA AW-149,A149,SRD897,2.29,12.1,470,236,117.0,True,False,-2.944,54.25,,,2026-04-11,25.3
406de5:2026-04-16T13:57:28Z,LK_LakeDist,rotorcraft,G-MCGO,AGUSTA AW-149,A149,SRD897,4.76,11.9,403,107,87.0,False,False,-3.042,54.498,,,2026-04-11,4.5
43c8ce:2026-04-16T12:55:06Z,LK_LakeDist,mil_state,ZM327,BEECHCRAFT T-6 Texan 2,TEX2,VYT74,0.25,4.6,423,372,266.0,False,False,-3.0,54.2,EGOV,EGOV,2026-04-11,150.6
406de5:2026-04-15T14:56:53Z,LK_LakeDist,rotorcraft,G-MCGO,AGUSTA AW-149,A149,SRD897,2.27,16.5,626,424,107.0,False,False,-3.4,54.3,,,2026-04-11,2.8
406de5:2026-04-15T14:56:53Z,LK_LakeDist,rotorcraft,G-MCGO,AGUSTA AW-149,A149,SRD897,1.16,9.6,654,465,122.0,False,False,-3.0,54.25,,,2026-04-11,7.0
43c8d7:2026-04-13T12:38:02Z,LK_LakeDist,mil_state,ZM336,EMBRAER EMB-500 Phenom 100,E50P,CWL19,1.15,7.5,582,494,211.0,True,False,-2.933,54.25,EGYD,EGYD,2026-04-11,210.2
43c8d7:2026-04-13T12:38:02Z,LK_LakeDist,mil_state,ZM336,EMBRAER EMB-500 Phenom 100,E50P,CWL19,1.07,7.7,495,469,229.0,False,False,-2.95,54.475,EGYD,EGYD,2026-04-11,227.6
4078b9:2026-04-13T08:49:53Z,LK_LakeDist,civ_ga,G-SHMB,LET L-39 Albatros,L39,GSHMB,0.25,2.2,654,654,278.0,True,True,-3.4,54.35,EGNH,EGNH,2026-04-11,68.5
4078b9:2026-04-13T08:49:53Z,LK_LakeDist,civ_ga,G-SHMB,LET L-39 Albatros,L39,GSHMB,0.44,8.4,634,443,278.0,True,True,-3.4,54.275,EGNH,EGNH,2026-04-11,61.6
406de5:2026-05-01T14:52:29Z,LK_LakeDist,rotorcraft,G-MCGO,AGUSTA AW-149,A149,SRD897,0.8,2.7,668,668,100.0,False,False,-2.95,54.5,,,2026-04-25,5.2
406de5:2026-05-01T14:52:29Z,LK_LakeDist,rotorcraft,G-MCGO,AGUSTA AW-149,A149,SRD897,0.31,1.0,659,659,89.0,False,False,-2.95,54.55,,,2026-04-25,0.5
406de5:2026-05-01T13:46:05Z,LK_LakeDist,rotorcraft,G-MCGO,AGUSTA AW-149,A149,SRD897,3.71,6.4,596,182,44.0,True,False,-2.908,54.5,,,2026-04-25,5.9
43c5dc:2026-05-01T07:51:39Z,LK_LakeDist,other,ZM402,AIRBUS A-400M,A400,GRFFN70,0.2,1.7,595,595,281.0,False,False,-3.0,54.25,EGVN,EGVN,2026-04-25,296.6
43c5dc:2026-05-01T07:51:39Z,LK_LakeDist,other,ZM402,AIRBUS A-400M,A400,GRFFN70,1.14,13.7,510,346,283.0,True,False,-2.95,54.469,EGVN,EGVN,2026-04-25,317.2
43c5dc:2026-05-01T07:51:39Z,LK_LakeDist,other,ZM402,AIRBUS A-400M,A400,GRFFN70,0.71,5.3,519,519,277.0,False,False,-2.7,54.2,EGVN,EGVN,2026-04-25,284.1
43c5eb:2026-04-30T16:58:31Z,LK_LakeDist,other,ZM417,AIRBUS A-400M,A400,CNTR63,1.03,5.7,575,500,181.0,False,False,-3.0,54.233,EGVN,EGVN,2026-04-25,294.5
400ee8:2026-04-30T13:24:31Z,LK_LakeDist,mil_state,G-BYVK,GROB G-115,G115,STEELER1,0.82,3.1,549,417,133.0,True,True,-3.008,54.5,EGXE,EGXE,2026-04-25,97.0
43c8d1:2026-04-30T12:45:43Z,LK_LakeDist,mil_state,ZM330,BEECHCRAFT T-6 Texan 2,TEX2,VYT61,0.33,2.4,513,513,242.0,False,False,-3.0,54.25,EGOV,EGOV,2026-04-25,152.4
43c8d1:2026-04-30T12:45:43Z,LK_LakeDist,mil_state,ZM330,BEECHCRAFT T-6 Texan 2,TEX2,VYT61,0.02,0.1,562,562,238.0,True,False,-2.7,54.4,EGOV,EGOV,2026-04-25,179.4
43c8de:2026-04-30T09:11:03Z,LK_LakeDist,rotorcraft,ZM504,AIRBUS HELICOPTERS EC-135/635,EC35,SYS700,0.4,1.3,201,110,101.0,False,False,-2.95,54.25,EGOS,,2026-04-25,0.6
43c5eb:2026-04-29T15:23:08Z,LK_LakeDist,other,ZM417,AIRBUS A-400M,A400,DRDNT42,0.07,0.5,660,660,288.0,False,False,-3.0,54.25,EGVN,EGVN,2026-04-25,293.1
407378:2026-04-29T13:51:12Z,LK_LakeDist,civ_ga,,,,LNCLN01,1.43,8.1,607,551,186.0,False,False,-2.95,54.479,EGNH,EGYE,2026-04-25,81.9
400eb4:2026-04-29T12:54:29Z,LK_LakeDist,mil_state,G-BYYA,GROB G-115,G115,UAX62,0.81,3.1,467,467,107.0,True,True,-2.883,54.45,EGXE,EGXE,2026-04-25,87.3
406105:2026-04-29T09:05:20Z,LK_LakeDist,rotorcraft,G-MXPI,ROBINSON R-44 Raven,R44,GMXPI,1.15,3.4,540,125,107.0,True,False,-3.3,54.3,EGLD,,2026-04-25,128.2
406105:2026-04-29T09:05:20Z,LK_LakeDist,rotorcraft,G-MXPI,ROBINSON R-44 Raven,R44,GMXPI,2.73,13.8,534,410,87.0,False,False,-3.483,54.45,EGLD,,2026-04-25,111.7
406de5:2026-04-28T14:25:54Z,LK_LakeDist,rotorcraft,G-MCGO,AGUSTA AW-149,A149,SRD897,2.4,5.6,450,180,100.0,True,True,-2.95,54.45,,,2026-04-25,15.1
406de5:2026-04-28T14:25:54Z,LK_LakeDist,rotorcraft,G-MCGO,AGUSTA AW-149,A149,SRD897,2.0,4.9,520,221,100.0,True,True,-3.03,54.5,,,2026-04-25,11.2
43c8b8:2026-04-28T13:41:11Z,LK_LakeDist,mil_state,ZM305,GROB G-120TP,G12T,PRF61,0.17,0.9,696,696,179.0,False,False,-2.95,54.45,EGNH,EGYD,2026-04-25,76.2
43c8b8:2026-04-28T13:41:11Z,LK_LakeDist,mil_state,ZM305,GROB G-120TP,G12T,PRF61,0.84,4.7,576,558,179.0,False,False,-2.95,54.513,EGNH,EGYD,2026-04-25,84.5
43c8bb:2026-04-28T13:25:54Z,LK_LakeDist,mil_state,ZM308,GROB G-120TP,G12T,PRF75,1.78,10.0,640,444,184.0,False,False,-2.95,54.475,EGNH,EGYD,2026-04-25,81.4
43c922:2026-04-28T12:47:20Z,LK_LakeDist,mil_state,ZM341,BEECHCRAFT T-6 Texan 2,TEX2,VYT60,1.37,10.2,281,266,246.0,False,False,-2.95,54.479,EGOV,EGOV,2026-04-25,174.0
43c5de:2026-04-27T16:47:17Z,LK_LakeDist,other,ZM404,AIRBUS A-400M,A400,FLTOT40,1.44,11.8,492,289,266.0,False,False,-2.95,54.482,EGVN,EGVN,2026-04-25,319.2
407bb6:2026-04-27T13:28:58Z,LK_LakeDist,civ_ga,G-CLZO,EVEKTOR SportStar,EVSS,GCLZO,0.24,0.7,657,657,89.0,False,False,-2.45,54.25,,,2026-04-25,0.4
406db4:2026-04-26T13:11:01Z,LK_LakeDist,rotorcraft,G-REYE,ROBINSON R-44 Raven,R44,GREYE,0.22,0.6,686,686,103.0,True,False,-3.2,54.5,,,2026-04-25,17.4
406db4:2026-04-26T13:11:01Z,LK_LakeDist,rotorcraft,G-REYE,ROBINSON R-44 Raven,R44,GREYE,0.63,1.9,467,419,97.0,True,False,-3.25,54.5,,,2026-04-25,18.8
406de5:2026-04-25T15:45:14Z,LK_LakeDist,rotorcraft,G-MCGO,AGUSTA AW-149,A149,SRG897A,5.49,1.0,20,-70,106.0,True,True,-3.3,54.45,,,2026-04-25,0.3
406de5:2026-04-25T15:45:14Z,LK_LakeDist,rotorcraft,G-MCGO,AGUSTA AW-149,A149,SRG897A,3.2,1.3,85,-54,106.0,True,True,-3.3,54.45,,,2026-04-25,0.3
406de5:2026-04-25T15:45:14Z,LK_LakeDist,rotorcraft,G-MCGO,AGUSTA AW-149,A149,SRG897A,0.63,1.1,511,279,106.0,True,True,-3.3,54.45,,,2026-04-25,0.4
406de5:2026-04-25T15:45:14Z,LK_LakeDist,rotorcraft,G-MCGO,AGUSTA AW-149,A149,SRG897A,4.85,1.4,58,-11,106.0,True,True,-3.3,54.45,,,2026-04-25,0.3
406de5:2026-04-25T15:45:14Z,LK_LakeDist,rotorcraft,G-MCGO,AGUSTA AW-149,A149,SRG897A,2.46,0.4,503,-14,106.0,False,False,-3.3,54.45,,,2026-04-25,0.1
406de5:2026-04-25T13:43:36Z,LK_LakeDist,rotorcraft,G-MCGO,AGUSTA AW-149,A149,SRD897,0.85,2.0,546,347,90.0,False,False,-3.25,54.4,EGPK,,2026-04-25,28.5
406de5:2026-04-25T13:43:36Z,LK_LakeDist,rotorcraft,G-MCGO,AGUSTA AW-149,A149,SRD897,0.21,0.5,555,555,88.0,True,False,-3.25,54.45,EGPK,,2026-04-25,27.2
406de5:2026-04-25T13:43:36Z,LK_LakeDist,rotorcraft,G-MCGO,AGUSTA AW-149,A149,SRD897,1.66,4.5,547,487,90.0,True,False,-3.1,54.467,EGPK,,2026-04-25,18.1
406de5:2026-04-25T13:43:36Z,LK_LakeDist,rotorcraft,G-MCGO,AGUSTA AW-149,A149,SRD897,2.01,4.3,481,308,90.0,True,False,-3.036,54.5,EGPK,,2026-04-25,15.6
406de5:2026-04-25T13:43:36Z,LK_LakeDist,rotorcraft,G-MCGO,AGUSTA AW-149,A149,SRD897,0.28,0.7,328,328,90.0,False,False,-2.825,54.45,EGPK,,2026-04-25,0.3
407fc8:2026-04-25T11:09:08Z,LK_LakeDist,rotorcraft,G-DBHI,BELL 505 JetRanger X,B505,GDBHI,2.39,8.6,612,612,,False,False,-3.25,54.2,EGNH,,2026-04-25,51.5
407fc8:2026-04-25T11:09:08Z,LK_LakeDist,rotorcraft,G-DBHI,BELL 505 JetRanger X,B505,GDBHI,3.1,11.1,680,658,,True,False,-3.35,54.325,EGNH,,2026-04-25,68.8
43c5e2:2026-05-15T13:53:39Z,LK_LakeDist,other,ZM408,AIRBUS A-400M,A400,NAPER77,0.21,1.8,469,431,279.0,True,True,-3.25,54.45,EGVN,EGVN,2026-05-09,319.8
408263:2026-05-15T13:39:12Z,LK_LakeDist,rotorcraft,G-SPYZ,ROBINSON R-66,R66,GSPYZ,1.27,4.3,549,289,117.0,False,False,-2.925,54.45,,,2026-05-09,290.1
43c8c7:2026-05-15T13:34:41Z,LK_LakeDist,mil_state,ZM320,GROB G-120TP,G12T,PRF61,0.27,1.5,532,532,179.0,False,False,-2.4,54.7,EGXE,EGYE,2026-05-09,72.6
43c8c7:2026-05-15T13:34:41Z,LK_LakeDist,mil_state,ZM320,GROB G-120TP,G12T,PRF61,0.29,1.8,640,640,182.0,False,False,-2.45,54.65,EGXE,EGYE,2026-05-09,71.4
43c5e2:2026-05-15T08:37:56Z,LK_LakeDist,other,ZM408,AIRBUS A-400M,A400,DRDNT44,0.25,2.1,591,591,258.0,False,False,-3.1,54.2,,EGVN,2026-05-09,293.9
43c5e2:2026-05-15T08:37:56Z,LK_LakeDist,other,ZM408,AIRBUS A-400M,A400,DRDNT44,0.85,6.8,443,337,264.0,False,False,-2.95,54.47,,EGVN,2026-05-09,317.2
43c8c4:2026-05-12T14:43:55Z,LK_LakeDist,mil_state,ZM317,GROB G-120TP,G12T,LNCLN2,1.08,6.1,554,554,176.0,False,False,-2.95,54.5,,EGYE,2026-05-09,40.8
43c5dc:2026-05-12T11:21:08Z,LK_LakeDist,other,ZM402,AIRBUS A-400M,A400,ASLAN70,0.21,1.8,586,586,268.0,False,False,-3.0,54.25,EGVN,EGVN,2026-05-09,294.9
400ed9:2026-05-11T13:09:46Z,LK_LakeDist,mil_state,G-BYUV,GROB G-115,G115,UAM05,0.14,0.6,576,576,126.0,True,False,-3.0,54.2,EGOW,EGOW,2026-05-09,73.4
406de6:2026-05-10T14:52:57Z,LK_LakeDist,rotorcraft,G-MCGP,AGUSTA AW-189,A189,SRG199,0.53,0.7,670,670,87.0,False,False,-3.3,54.45,,,2026-05-09,0.3
406de6:2026-05-10T14:06:06Z,LK_LakeDist,rotorcraft,G-MCGP,AGUSTA AW-189,A189,SRG199,0.54,1.4,521,521,94.0,False,False,-3.3,54.45,EGPK,,2026-05-09,1.4
406de6:2026-05-10T14:06:06Z,LK_LakeDist,rotorcraft,G-MCGP,AGUSTA AW-189,A189,SRG199,0.33,0.6,674,674,94.0,False,False,-3.3,54.45,EGPK,,2026-05-09,1.6
406de5:2026-05-10T13:29:57Z,LK_LakeDist,rotorcraft,G-MCGO,AGUSTA AW-149,A149,SRG897,7.72,7.5,362,-54,49.0,False,False,-3.047,54.45,,,2026-05-09,4.9
406de5:2026-05-10T13:29:57Z,LK_LakeDist,rotorcraft,G-MCGO,AGUSTA AW-149,A149,SRG897,2.47,1.0,435,20,93.0,True,False,-3.05,54.45,,,2026-05-09,5.4
407dc1:2026-05-09T10:42:49Z,LK_LakeDist,rotorcraft,G-YORX,AIRBUS HELICOPTERS EC-145,EC45,HLE99,0.14,0.2,254,254,135.0,False,False,-2.45,54.2,EGXZ,,2026-05-09,0.1
43c8d4:2026-05-29T14:20:46Z,LK_LakeDist,mil_state,ZM333,EMBRAER EMB-500 Phenom 100,E50P,CWL38,1.44,15.8,577,469,229.0,False,False,-2.95,54.456,EGYD,EGYD,2026-05-23,226.6
43c8d5:2026-05-29T11:16:05Z,LK_LakeDist,mil_state,ZM334,EMBRAER EMB-500 Phenom 100,E50P,CWL36,0.76,5.1,689,689,218.0,False,False,-2.75,54.2,EGYD,EGYD,2026-05-23,198.2
43c925:2026-05-29T10:59:28Z,LK_LakeDist,mil_state,XE688,HAWKER Hunter,HUNT,JAVLN94,1.14,13.2,524,337,424.0,False,False,-3.4,54.412,EGXE,EGXE,2026-05-23,120.6
43c5ef:2026-05-28T18:14:34Z,LK_LakeDist,other,ZM421,AIRBUS A-400M,A400,FLTOT43,0.67,5.9,696,502,284.0,False,False,-3.033,54.217,,EGVN,2026-05-23,68.0
43c8d8:2026-05-28T14:52:31Z,LK_LakeDist,mil_state,ZM337,EMBRAER EMB-500 Phenom 100,E50P,CWL48,0.22,1.6,578,578,216.0,False,False,-2.95,54.45,,EGYD,2026-05-23,151.2
43c8d4:2026-05-28T14:21:11Z,LK_LakeDist,mil_state,ZM333,EMBRAER EMB-500 Phenom 100,E50P,CWL55,1.13,7.0,611,504,200.0,False,False,-2.99,54.23,EGYD,,2026-05-23,212.0
43c8d4:2026-05-28T14:21:11Z,LK_LakeDist,mil_state,ZM333,EMBRAER EMB-500 Phenom 100,E50P,CWL55,1.29,8.3,640,539,201.0,False,False,-2.95,54.469,EGYD,,2026-05-23,227.6
43c5eb:2026-05-26T22:44:40Z,LK_LakeDist,other,ZM417,AIRBUS A-400M,A400,NAPER71,0.89,7.3,635,499,267.0,True,False,-2.95,54.475,EGVN,EGVN,2026-05-23,318.5
43c5eb:2026-05-26T22:44:40Z,LK_LakeDist,other,ZM417,AIRBUS A-400M,A400,NAPER71,0.84,7.2,690,688,269.0,False,False,-3.162,54.25,EGVN,EGVN,2026-05-23,299.6
406f3e:2026-05-26T15:35:32Z,LK_LakeDist,rotorcraft,G-NHAD,AEROSPATIALE AS-365 Dauphin 2,AS65,GNHAD,0.16,0.7,651,651,153.0,False,False,-3.0,54.5,EGNV,,2026-05-23,0.3
43c925:2026-05-26T14:07:20Z,LK_LakeDist,mil_state,XE688,HAWKER Hunter,HUNT,JAVLN94,1.05,14.5,573,390,434.0,True,False,-2.9,54.2,EGXE,EGXE,2026-05-23,87.9
43c925:2026-05-26T14:07:20Z,LK_LakeDist,mil_state,XE688,HAWKER Hunter,HUNT,JAVLN94,0.08,11.2,306,232,424.0,True,False,-2.95,54.45,EGXE,EGXE,2026-05-23,92.7
43c925:2026-05-26T14:07:20Z,LK_LakeDist,mil_state,XE688,HAWKER Hunter,HUNT,JAVLN94,0.88,11.0,267,130,406.0,True,False,-2.95,54.48,EGXE,EGXE,2026-05-23,93.6
43c925:2026-05-26T14:07:20Z,LK_LakeDist,mil_state,XE688,HAWKER Hunter,HUNT,JAVLN94,0.15,2.0,687,687,426.0,True,False,-2.65,54.35,EGXE,EGXE,2026-05-23,73.1
43c925:2026-05-26T14:07:20Z,LK_LakeDist,mil_state,XE688,HAWKER Hunter,HUNT,JAVLN94,0.79,10.3,409,230,434.0,True,False,-2.95,54.472,EGXE,EGXE,2026-05-23,93.0
43c925:2026-05-26T14:07:20Z,LK_LakeDist,mil_state,XE688,HAWKER Hunter,HUNT,JAVLN94,0.08,1.0,206,206,149.0,True,False,-2.95,54.25,EGXE,EGXE,2026-05-23,90.7
43c925:2026-05-26T14:07:20Z,LK_LakeDist,mil_state,XE688,HAWKER Hunter,HUNT,JAVLN94,0.35,4.8,602,602,149.0,False,False,-2.7,54.4,EGXE,EGXE,2026-05-23,76.9
400edb:2026-05-26T12:00:06Z,LK_LakeDist,mil_state,G-BYUX,GROB G-115,G115,UAQ830,0.26,0.9,429,429,112.0,False,False,-2.95,54.25,EGXE,EGXE,2026-05-23,90.4
400edb:2026-05-26T12:00:06Z,LK_LakeDist,mil_state,G-BYUX,GROB G-115,G115,UAQ830,0.36,1.4,577,577,110.0,False,False,-2.95,54.45,EGXE,EGXE,2026-05-23,93.5
400edb:2026-05-26T12:00:06Z,LK_LakeDist,mil_state,G-BYUX,GROB G-115,G115,UAQ830,0.23,0.8,355,355,110.0,False,False,-2.95,54.5,EGXE,EGXE,2026-05-23,95.7
400ebe:2026-05-26T11:54:01Z,LK_LakeDist,mil_state,G-BYWI,GROB G-115,G115,UAQ829,3.12,11.2,399,290,118.0,False,False,-2.95,54.483,EGXE,EGXE,2026-05-23,93.5
43c5eb:2026-05-26T10:17:00Z,LK_LakeDist,other,ZM417,AIRBUS A-400M,A400,ASLAN70,0.31,5.1,595,412,276.0,False,False,-3.15,54.2,EGVN,EGVN,2026-05-23,294.5
43c5eb:2026-05-26T10:17:00Z,LK_LakeDist,other,ZM417,AIRBUS A-400M,A400,ASLAN70,0.07,0.6,677,677,276.0,False,False,-3.0,54.25,EGVN,EGVN,2026-05-23,295.5
400ef3:2026-05-26T08:32:57Z,LK_LakeDist,mil_state,G-BYVW,GROB G-115,G115,UAX62,0.22,0.7,534,360,92.0,False,True,-2.45,54.2,EGXE,EGXE,2026-05-23,56.8
3dd37c:2026-05-26T06:20:44Z,LK_LakeDist,rotorcraft,D-HAIM,ROBINSON R-66,R66,DHAIM,0.45,1.7,596,596,124.0,True,False,-2.95,54.25,EGCB,EGPF,2026-05-23,96.3
407673:2026-05-25T18:30:25Z,LK_LakeDist,rotorcraft,G-SAPA,ROBINSON R-66,R66,GSAPA,1.55,5.0,350,350,91.0,False,False,-2.6,54.85,,,2026-05-23,1.5
406de5:2026-05-25T10:07:32Z,LK_LakeDist,rotorcraft,G-MCGO,AGUSTA AW-149,A149,SRD897,0.11,0.4,565,565,118.0,False,False,-3.7,54.7,,,2026-05-23,0.2
406de6:2026-05-24T15:01:25Z,LK_LakeDist,rotorcraft,G-MCGP,AGUSTA AW-189,A189,SRG199,0.18,0.3,449,449,108.0,False,False,-3.25,54.5,EGPK,,2026-05-23,0.1
407673:2026-05-24T12:31:38Z,LK_LakeDist,rotorcraft,G-SAPA,ROBINSON R-66,R66,GSAPA,0.6,2.3,522,522,124.0,False,True,-3.35,54.5,,,2026-05-23,6.8
406de6:2026-05-23T16:34:07Z,LK_LakeDist,rotorcraft,G-MCGP,AGUSTA AW-189,A189,SRG199,0.61,1.8,531,531,85.0,False,False,-3.575,54.5,,,2026-05-23,0.5
406de6:2026-05-23T15:49:03Z,LK_LakeDist,rotorcraft,G-MCGP,AGUSTA AW-189,A189,SRG199,1.92,7.3,405,263,114.0,False,False,-3.442,54.45,,,2026-05-23,5.8
406de5:2026-05-23T12:11:02Z,LK_LakeDist,rotorcraft,G-MCGO,AGUSTA AW-149,A149,SRD897,0.84,2.5,390,390,94.0,False,False,-2.95,54.45,,,2026-05-23,0.9
406de5:2026-05-23T12:11:02Z,LK_LakeDist,rotorcraft,G-MCGO,AGUSTA AW-149,A149,SRD897,1.31,2.5,549,387,87.0,False,False,-2.95,54.5,,,2026-05-23,7.1
406de5:2026-05-23T12:11:02Z,LK_LakeDist,rotorcraft,G-MCGO,AGUSTA AW-149,A149,SRD897,5.9,12.1,382,-10,1.0,False,False,-3.033,54.508,,,2026-05-23,6.8
407ff3:2026-06-12T17:16:08Z,LK_LakeDist,rotorcraft,G-HITC,AEROSPATIALE AS-350 Ecureuil,AS50,GHITC,0.49,3.0,655,655,143.0,False,False,-3.0,54.25,EGNH,,2026-06-06,2.1
401141:2026-06-10T18:24:02Z,LK_LakeDist,rotorcraft,G-NHAE,AEROSPATIALE AS-365 Dauphin 2,AS65,HM58,0.42,2.4,638,638,127.0,False,False,-2.425,54.65,,,2026-06-06,1.5
a02874:2026-06-10T11:33:49Z,LK_LakeDist,rotorcraft,N109ZT,AGUSTA AW-109 Grand,A109,N109ZT,0.98,4.5,570,566,154.0,True,False,-3.267,54.317,,EGNP,2026-06-06,116.4
4080c6:2026-06-09T20:21:25Z,LK_LakeDist,rotorcraft,G-RESE,AGUSTA AW-139,A139,SRG336,0.39,1.1,640,640,84.0,True,True,-3.15,54.35,EGCK,EGCK,2026-06-06,160.2
43c5ea:2026-06-09T07:14:19Z,LK_LakeDist,other,ZM416,AIRBUS A-400M,A400,JIGSW99,1.02,15.6,528,349,257.0,False,False,-3.25,54.275,EGVN,EGVN,2026-06-06,304.3
43c5ea:2026-06-08T15:02:14Z,LK_LakeDist,other,ZM416,AIRBUS A-400M,A400,FLTOT40,0.4,8.8,623,582,285.0,False,False,-3.0,54.25,EGVN,EGVN,2026-06-06,294.6
43c5ea:2026-06-08T15:02:14Z,LK_LakeDist,other,ZM416,AIRBUS A-400M,A400,FLTOT40,0.11,0.9,442,442,275.0,False,False,-2.95,54.45,EGVN,EGVN,2026-06-06,315.8
406d2d:2026-06-06T21:18:17Z,LK_LakeDist,rotorcraft,G-MCGI,SIKORSKY S-92 Helibus,S92,SRG912A,0.54,1.8,388,388,118.0,True,False,-2.95,54.2,EGNJ,EGNJ,2026-06-06,184.6
406d2d:2026-06-06T21:18:17Z,LK_LakeDist,rotorcraft,G-MCGI,SIKORSKY S-92 Helibus,S92,SRG912A,0.59,1.8,369,369,118.0,True,False,-3.0,54.25,EGNJ,EGNJ,2026-06-06,188.6
406d2d:2026-06-06T21:18:17Z,LK_LakeDist,rotorcraft,G-MCGI,SIKORSKY S-92 Helibus,S92,SRG912A,0.31,4.2,655,655,96.0,False,False,-3.075,54.2,EGNJ,EGNJ,2026-06-06,190.4
406de5:2026-06-06T14:51:50Z,LK_LakeDist,rotorcraft,G-MCGO,AGUSTA AW-149,A149,SRG897,0.11,0.4,375,375,107.0,False,False,-3.35,54.45,,,2026-06-06,0.2
406de5:2026-06-06T12:37:06Z,LK_LakeDist,rotorcraft,G-MCGO,AGUSTA AW-149,A149,SRG897,1.21,3.5,242,236,102.0,False,False,-3.438,54.475,,,2026-06-06,1.2
406de5:2026-06-06T11:48:58Z,LK_LakeDist,rotorcraft,G-MCGO,AGUSTA AW-149,A149,SRG897,1.12,4.3,240,240,118.0,False,False,-3.45,54.46,,,2026-06-06,1.9
406de5:2026-06-06T11:03:18Z,LK_LakeDist,rotorcraft,G-MCGO,AGUSTA AW-149,A149,SRG897,0.47,1.3,516,516,88.0,False,False,-3.3,54.45,,,2026-06-06,0.6
480891:2026-06-18T13:53:11Z,LK_LakeDist,rotorcraft,Q-48,MCDONNELL DOUGLAS AH-64 Apache,H64,APACHE3,0.68,2.3,405,365,111.0,False,False,-3.433,54.45,,,2026-06-13,1.4
400e8e:2026-06-18T11:52:00Z,LK_LakeDist,mil_state,G-BYWK,GROB G-115,G115,UAM03,0.11,0.5,688,688,129.0,True,False,-3.0,54.25,EGOW,EGOW,2026-06-13,75.4
43c5ec:2026-06-17T15:43:18Z,LK_LakeDist,other,ZM418,AIRBUS A-400M,A400,COM453,0.62,5.4,483,483,282.0,False,False,-3.03,54.22,EGDM,EGVN,2026-06-13,293.1
4057c3:2026-06-17T12:52:37Z,LK_LakeDist,rotorcraft,G-GOES,ROBINSON R-44 Raven,R44,GGOES,0.72,2.0,658,658,88.0,True,False,-3.05,54.2,EGNH,EGCB,2026-06-13,52.0
4057c3:2026-06-17T12:52:37Z,LK_LakeDist,rotorcraft,G-GOES,ROBINSON R-44 Raven,R44,GGOES,0.96,2.5,501,501,83.0,True,False,-3.1,54.2,EGNH,EGCB,2026-06-13,51.2
4057c3:2026-06-17T12:52:37Z,LK_LakeDist,rotorcraft,G-GOES,ROBINSON R-44 Raven,R44,GGOES,0.54,1.4,656,656,92.0,True,False,-3.15,54.2,EGNH,EGCB,2026-06-13,48.4
4057c3:2026-06-17T12:52:37Z,LK_LakeDist,rotorcraft,G-GOES,ROBINSON R-44 Raven,R44,GGOES,0.2,0.6,599,599,107.0,True,False,-3.05,54.2,EGNH,EGCB,2026-06-13,51.5
4057c3:2026-06-17T12:52:37Z,LK_LakeDist,rotorcraft,G-GOES,ROBINSON R-44 Raven,R44,GGOES,1.06,2.9,586,586,106.0,True,False,-2.9,54.25,EGNH,EGCB,2026-06-13,56.8
4057c3:2026-06-17T12:52:37Z,LK_LakeDist,rotorcraft,G-GOES,ROBINSON R-44 Raven,R44,GGOES,0.73,2.0,652,631,90.0,True,False,-3.15,54.2,EGNH,EGCB,2026-06-13,48.2
4057c3:2026-06-17T12:52:37Z,LK_LakeDist,rotorcraft,G-GOES,ROBINSON R-44 Raven,R44,GGOES,0.14,12.6,622,592,90.0,True,False,-3.4,54.25,EGNH,EGCB,2026-06-13,59.3
4057c3:2026-06-17T12:52:37Z,LK_LakeDist,rotorcraft,G-GOES,ROBINSON R-44 Raven,R44,GGOES,0.69,2.2,619,619,90.0,True,False,-3.4,54.3,EGNH,EGCB,2026-06-13,63.7
4057c3:2026-06-17T12:52:37Z,LK_LakeDist,rotorcraft,G-GOES,ROBINSON R-44 Raven,R44,GGOES,0.55,1.7,514,455,88.0,True,False,-3.4,54.35,EGNH,EGCB,2026-06-13,69.4
4057c3:2026-06-17T12:52:37Z,LK_LakeDist,rotorcraft,G-GOES,ROBINSON R-44 Raven,R44,GGOES,1.81,6.0,617,617,103.0,True,False,-3.5,54.417,EGNH,EGCB,2026-06-13,78.6
43c8ca:2026-06-17T12:26:46Z,LK_LakeDist,mil_state,ZM323,BEECHCRAFT T-6 Texan 2,TEX2,VYT99,0.59,4.6,434,374,257.0,False,False,-3.0,54.233,EGOV,EGOV,2026-06-13,151.1
43c8d2:2026-06-16T14:37:02Z,LK_LakeDist,mil_state,ZM331,BEECHCRAFT T-6 Texan 2,TEX2,VYT79,0.07,0.6,695,695,251.0,False,False,-3.0,54.2,EGOV,EGOV,2026-06-13,151.3
43c922:2026-06-16T14:33:37Z,LK_LakeDist,mil_state,ZM341,BEECHCRAFT T-6 Texan 2,TEX2,VYT75,0.41,3.2,640,640,262.0,False,False,-3.0,54.25,EGOV,EGOV,2026-06-13,153.5
43c922:2026-06-16T14:33:37Z,LK_LakeDist,mil_state,ZM341,BEECHCRAFT T-6 Texan 2,TEX2,VYT75,1.55,12.2,474,313,262.0,False,False,-2.95,54.456,EGOV,EGOV,2026-06-13,172.9
480440:2026-06-15T13:50:29Z,LK_LakeDist,rotorcraft,D-479,BOEING-VERTOL CH-47 Chinook,H47,NAF298B,0.31,1.1,236,236,121.0,False,False,-2.35,54.85,,,2026-06-13,0.6
480440:2026-06-15T13:50:29Z,LK_LakeDist,rotorcraft,D-479,BOEING-VERTOL CH-47 Chinook,H47,NAF298B,0.42,1.4,130,130,110.0,True,False,-2.35,54.85,,,2026-06-13,1.1
480440:2026-06-15T13:50:29Z,LK_LakeDist,rotorcraft,D-479,BOEING-VERTOL CH-47 Chinook,H47,NAF298B,1.04,3.0,107,97,107.0,False,False,-2.35,54.85,,,2026-06-13,1.5
407ee4:2026-06-15T10:51:08Z,LK_LakeDist,rotorcraft,G-TJPK,AGUSTA AW-109 Grand,A109,GTJPK,1.39,6.5,659,601,145.0,False,False,-2.725,54.425,,,2026-06-13,87.0
407d99:2026-06-15T09:02:18Z,LK_LakeDist,rotorcraft,G-JFPG,AGUSTA AW-109 Grand,A109,GJFPG,0.63,3.0,682,682,154.0,True,True,-2.4,54.35,,EGBK,2026-06-13,54.3
407e39:2026-06-13T14:58:16Z,LK_LakeDist,rotorcraft,G-NADE,BELL 505 JetRanger X,B505,GNADE,0.48,1.5,556,556,98.0,False,False,-3.1,54.45,,EGCB,2026-06-13,2.4
406de5:2026-07-03T14:57:19Z,LK_LakeDist,rotorcraft,G-MCGO,AGUSTA AW-149,A149,SRD897,1.85,3.0,263,215,123.0,True,False,-3.331,54.45,,,2026-06-27,9.2
406de5:2026-07-03T14:57:19Z,LK_LakeDist,rotorcraft,G-MCGO,AGUSTA AW-149,A149,SRD897,1.74,6.7,612,173,66.0,False,False,-3.4,54.467,,,2026-06-27,5.3
43c8d8:2026-07-03T12:19:59Z,LK_LakeDist,mil_state,ZM337,EMBRAER EMB-500 Phenom 100,E50P,CWL50,0.11,0.6,470,470,200.0,False,False,-3.0,54.25,EGYD,EGYD,2026-06-27,211.6
43c8d8:2026-07-03T12:19:59Z,LK_LakeDist,mil_state,ZM337,EMBRAER EMB-500 Phenom 100,E50P,CWL50,1.0,6.7,452,452,208.0,False,False,-2.95,54.48,EGYD,EGYD,2026-06-27,228.5
40820a:2026-07-03T10:53:55Z,LK_LakeDist,rotorcraft,G-KLCK,AEROSPATIALE AS-350 Ecureuil,AS50,OOK03,0.42,1.5,392,392,90.0,True,False,-3.2,54.3,,EGNH,2026-06-27,15.1
43c8d4:2026-07-03T10:20:35Z,LK_LakeDist,mil_state,ZM333,EMBRAER EMB-500 Phenom 100,E50P,CWL52,0.12,0.8,631,631,223.0,False,False,-2.95,54.25,EGYD,EGYD,2026-06-27,211.2
43c8d4:2026-07-03T10:20:35Z,LK_LakeDist,mil_state,ZM333,EMBRAER EMB-500 Phenom 100,E50P,CWL52,0.28,2.0,611,562,233.0,False,False,-2.95,54.45,EGYD,EGYD,2026-06-27,224.5
43c8d4:2026-07-03T10:20:35Z,LK_LakeDist,mil_state,ZM333,EMBRAER EMB-500 Phenom 100,E50P,CWL52,0.48,3.6,644,614,233.0,False,False,-2.95,54.525,EGYD,EGYD,2026-06-27,232.7
43c8e8:2026-07-03T09:06:12Z,LK_LakeDist,rotorcraft,ZM514,AIRBUS HELICOPTERS EC-135/635,EC35,SYS124,0.13,0.4,575,575,81.0,False,False,-3.0,54.25,EGOS,,2026-06-27,0.2
48084a:2026-07-03T08:13:42Z,LK_LakeDist,rotorcraft,D-473,BOEING-VERTOL CH-47 Chinook,H47,NAF298B,0.92,4.2,285,217,143.0,False,False,-2.367,54.8,,EHGR,2026-06-27,1.9
480447:2026-07-03T08:13:41Z,LK_LakeDist,rotorcraft,D-601,BOEING-VERTOL CH-47 Chinook,H47,GRZLY91,1.16,5.2,694,199,151.0,False,False,-2.375,54.8,,EHGR,2026-06-27,1.9
406de5:2026-07-02T15:35:05Z,LK_LakeDist,rotorcraft,G-MCGO,AGUSTA AW-149,A149,SRD897,5.1,11.1,566,179,64.0,False,False,-3.15,54.342,,,2026-06-27,1.6
406de5:2026-07-02T15:35:05Z,LK_LakeDist,rotorcraft,G-MCGO,AGUSTA AW-149,A149,SRD897,1.53,4.2,471,384,97.0,True,False,-3.142,54.342,,,2026-06-27,1.6
43c8c8:2026-07-02T10:27:38Z,LK_LakeDist,mil_state,ZM321,GROB G-120TP,G12T,PRF59,2.09,12.2,616,500,192.0,False,True,-2.945,54.459,,EGNV,2026-06-27,97.4
43c8c1:2026-07-02T09:04:20Z,LK_LakeDist,mil_state,ZM314,GROB G-120TP,G12T,PRF86,0.16,0.9,534,534,177.0,False,False,-2.95,54.45,EGYD,EGNV,2026-06-27,97.5
43c8c1:2026-07-02T09:04:20Z,LK_LakeDist,mil_state,ZM314,GROB G-120TP,G12T,PRF86,1.06,5.6,606,472,196.0,False,False,-2.95,54.508,EGYD,EGNV,2026-06-27,98.2
43c8d8:2026-07-01T14:37:31Z,LK_LakeDist,mil_state,ZM337,EMBRAER EMB-500 Phenom 100,E50P,CWL33,0.14,0.9,567,567,210.0,False,False,-2.65,54.2,EGYD,EGYD,2026-06-27,191.9
43c8d8:2026-07-01T14:37:31Z,LK_LakeDist,mil_state,ZM337,EMBRAER EMB-500 Phenom 100,E50P,CWL33,0.62,4.0,592,519,207.0,True,False,-2.925,54.25,EGYD,EGYD,2026-06-27,209.7
43c8d8:2026-07-01T14:37:31Z,LK_LakeDist,mil_state,ZM337,EMBRAER EMB-500 Phenom 100,E50P,CWL33,1.09,7.4,467,319,204.0,False,False,-2.95,54.464,EGYD,EGYD,2026-06-27,227.0
406f12:2026-07-01T11:15:52Z,LK_LakeDist,rotorcraft,G-LINZ,ROBINSON R-44 Raven,R44,GLINZ,0.71,2.3,580,580,104.0,False,False,-2.35,54.85,EGPG,,2026-06-27,59.3
406de5:2026-06-30T12:47:50Z,LK_LakeDist,rotorcraft,G-MCGO,AGUSTA AW-149,A149,SRD897,6.81,11.6,274,-3,112.0,True,False,-3.033,54.5,,,2026-06-27,8.4
406de5:2026-06-30T12:47:50Z,LK_LakeDist,rotorcraft,G-MCGO,AGUSTA AW-149,A149,SRD897,11.88,16.5,148,-80,112.0,True,False,-3.033,54.5,,,2026-06-27,8.3
406de5:2026-06-30T12:47:50Z,LK_LakeDist,rotorcraft,G-MCGO,AGUSTA AW-149,A149,SRD897,5.33,3.9,81,43,112.0,True,False,-3.042,54.5,,,2026-06-27,7.1
40108e:2026-06-29T12:08:46Z,LK_LakeDist,rotorcraft,G-NESH,ROBINSON R-44 Raven,R44,GNESH,0.6,1.6,658,648,97.0,False,False,-3.0,54.2,EGNH,EGNH,2026-06-27,51.9
40108e:2026-06-29T12:08:46Z,LK_LakeDist,rotorcraft,G-NESH,ROBINSON R-44 Raven,R44,GNESH,2.0,6.2,601,511,85.0,True,False,-3.125,54.2,EGNH,EGNH,2026-06-27,49.3
400eec:2026-06-29T11:49:03Z,LK_LakeDist,mil_state,G-BYVO,GROB G-115,G115,UAQ04,0.35,1.2,631,627,106.0,True,False,-2.95,54.25,EGXE,EGXE,2026-06-27,91.0
400eec:2026-06-29T11:49:03Z,LK_LakeDist,mil_state,G-BYVO,GROB G-115,G115,UAQ04,2.75,10.8,605,457,118.0,False,False,-2.95,54.471,EGXE,EGXE,2026-06-27,92.7
406de5:2026-06-29T11:01:09Z,LK_LakeDist,rotorcraft,G-MCGO,AGUSTA AW-149,A149,SRD897,2.88,6.1,292,153,77.0,True,False,-3.045,54.5,,,2026-06-27,7.8
406de5:2026-06-29T11:01:09Z,LK_LakeDist,rotorcraft,G-MCGO,AGUSTA AW-149,A149,SRD897,0.16,0.4,500,500,83.0,True,False,-3.0,54.5,,,2026-06-27,4.7
4078b9:2026-06-29T09:44:53Z,LK_LakeDist,civ_ga,G-SHMB,LET L-39 Albatros,L39,GSHMB,0.39,3.1,657,531,250.0,True,False,-3.475,54.45,EGNH,EGNH,2026-06-27,83.4
4078b9:2026-06-29T09:44:53Z,LK_LakeDist,civ_ga,G-SHMB,LET L-39 Albatros,L39,GSHMB,0.53,15.3,500,385,272.0,False,False,-3.4,54.275,EGNH,EGNH,2026-06-27,61.8
43c8e5:2026-06-29T08:54:53Z,LK_LakeDist,rotorcraft,ZM511,AIRBUS HELICOPTERS EC-135/635,EC35,SYS88,0.02,0.1,189,189,89.0,False,False,-2.95,54.25,EGOS,,2026-06-27,0.0
401141:2026-06-27T16:40:47Z,LK_LakeDist,rotorcraft,G-NHAE,AEROSPATIALE AS-365 Dauphin 2,AS65,GNHAE,0.19,0.9,598,375,129.0,False,False,-3.05,54.55,,,2026-06-27,1.6
406de5:2026-06-27T12:49:29Z,LK_LakeDist,rotorcraft,G-MCGO,AGUSTA AW-149,A149,SRD897,4.37,22.2,487,362,107.0,True,True,-3.633,54.267,,,2026-06-27,56.0
406de5:2026-06-27T12:49:29Z,LK_LakeDist,rotorcraft,G-MCGO,AGUSTA AW-149,A149,SRD897,5.69,1.8,149,0,107.0,True,True,-3.222,54.35,,,2026-06-27,27.8
406de5:2026-06-27T12:49:29Z,LK_LakeDist,rotorcraft,G-MCGO,AGUSTA AW-149,A149,SRD897,0.21,0.7,443,443,129.0,True,True,-3.1,54.4,,,2026-06-27,18.5
406de5:2026-06-27T12:49:29Z,LK_LakeDist,rotorcraft,G-MCGO,AGUSTA AW-149,A149,SRD897,2.65,8.6,466,308,129.0,False,False,-2.986,54.493,,,2026-06-27,6.6
400ce3:2026-07-17T17:10:39Z,LK_LakeDist,rotorcraft,G-ROMT,ROBINSON R-44 Raven,R44,GROMT,0.32,0.9,668,668,98.0,False,False,-3.0,54.25,,,2026-07-11,0.5
401141:2026-07-17T16:37:21Z,LK_LakeDist,rotorcraft,G-NHAE,AEROSPATIALE AS-365 Dauphin 2,AS65,HM58,0.53,3.3,506,431,164.0,False,False,-2.35,54.75,,,2026-07-11,5.5
407481:2026-07-17T16:02:04Z,LK_LakeDist,civ_ga,G-CKTE,AEROPRO Eurofox,EFOX,GCKTE,0.29,0.6,530,530,81.0,True,True,-3.2,54.3,,,2026-07-11,15.7
43c8d8:2026-07-17T14:22:57Z,LK_LakeDist,mil_state,ZM337,EMBRAER EMB-500 Phenom 100,E50P,CWL48,0.39,2.7,538,504,231.0,False,False,-2.967,54.217,EGYD,EGYD,2026-07-11,210.3
43c8d8:2026-07-17T14:22:57Z,LK_LakeDist,mil_state,ZM337,EMBRAER EMB-500 Phenom 100,E50P,CWL48,0.96,6.4,657,570,231.0,False,False,-2.95,54.5,EGYD,EGYD,2026-07-11,230.7
43c5e7:2026-07-17T08:13:53Z,LK_LakeDist,other,ZM413,AIRBUS A-400M,A400,ASLAN76,1.14,9.4,349,232,267.0,True,True,-2.95,54.475,EGVN,EGVN,2026-07-11,318.4
43c5e7:2026-07-17T08:13:53Z,LK_LakeDist,other,ZM413,AIRBUS A-400M,A400,ASLAN76,0.24,2.0,593,462,280.0,True,True,-3.325,54.4,EGVN,EGVN,2026-07-11,318.7
43c5e7:2026-07-17T08:13:53Z,LK_LakeDist,other,ZM413,AIRBUS A-400M,A400,ASLAN76,0.45,3.9,400,365,276.0,True,True,-3.217,54.433,EGVN,EGVN,2026-07-11,318.7
43c5e7:2026-07-17T08:13:53Z,LK_LakeDist,other,ZM413,AIRBUS A-400M,A400,ASLAN76,0.38,3.3,622,622,278.0,False,True,-3.05,54.2,EGVN,EGVN,2026-07-11,293.4
400eb0:2026-07-16T13:27:27Z,LK_LakeDist,mil_state,G-BYXT,GROB G-115,G115,UAM05,0.57,2.1,481,451,112.0,False,False,-2.95,54.25,EGOW,EGOW,2026-07-11,76.6
400eb0:2026-07-16T13:27:27Z,LK_LakeDist,mil_state,G-BYXT,GROB G-115,G115,UAM05,0.8,3.0,441,337,129.0,True,False,-2.95,54.45,EGOW,EGOW,2026-07-11,100.1
400eb0:2026-07-16T13:27:27Z,LK_LakeDist,mil_state,G-BYXT,GROB G-115,G115,UAM05,1.86,6.4,557,499,129.0,True,False,-2.95,54.517,EGOW,EGOW,2026-07-11,106.9
400ed9:2026-07-16T08:58:44Z,LK_LakeDist,mil_state,G-BYUV,GROB G-115,G115,UAM05,0.76,2.9,499,499,135.0,False,False,-2.95,54.45,EGOW,EGOW,2026-07-11,99.4
43c924:2026-07-15T14:46:36Z,LK_LakeDist,mil_state,ZM343,BEECHCRAFT T-6 Texan 2,TEX2,VYT79,0.74,5.5,436,276,250.0,False,False,-2.95,54.443,EGOV,EGOV,2026-07-11,171.3
43c924:2026-07-15T14:46:36Z,LK_LakeDist,mil_state,ZM343,BEECHCRAFT T-6 Texan 2,TEX2,VYT79,0.15,1.2,403,403,250.0,False,False,-3.05,54.5,EGOV,EGOV,2026-07-11,170.3
43c8cb:2026-07-15T14:03:58Z,LK_LakeDist,mil_state,ZM324,BEECHCRAFT T-6 Texan 2,TEX2,VYT81,1.24,9.6,522,440,127.0,False,False,-3.225,54.317,EGOV,,2026-07-11,149.3
43c8cb:2026-07-15T14:03:58Z,LK_LakeDist,mil_state,ZM324,BEECHCRAFT T-6 Texan 2,TEX2,VYT81,0.37,2.9,445,445,254.0,False,False,-3.3,54.4,EGOV,,2026-07-11,156.4
ae54d7:2026-07-15T11:17:10Z,LK_LakeDist,other,13-5776,Lockheed Martin MC-130J Commando II,C30J,,1.14,11.4,552,422,257.0,True,False,-2.788,54.413,EGUN,EGUN,2026-07-11,315.5
ae54d7:2026-07-15T11:17:10Z,LK_LakeDist,other,13-5776,Lockheed Martin MC-130J Commando II,C30J,,0.62,4.4,522,470,235.0,True,False,-3.4,54.433,EGUN,EGUN,2026-07-11,346.3
ae54d7:2026-07-15T11:17:10Z,LK_LakeDist,other,13-5776,Lockheed Martin MC-130J Commando II,C30J,,0.88,6.5,429,429,236.0,True,False,-3.22,54.34,EGUN,EGUN,2026-07-11,330.1
ae54d7:2026-07-15T11:17:10Z,LK_LakeDist,other,13-5776,Lockheed Martin MC-130J Commando II,C30J,,1.22,8.7,594,512,238.0,False,False,-3.1,54.217,EGUN,EGUN,2026-07-11,315.4
406f12:2026-07-15T09:41:53Z,LK_LakeDist,rotorcraft,G-LINZ,ROBINSON R-44 Raven,R44,GLINZ,0.72,1.8,299,299,92.0,False,False,-2.35,54.85,EGPT,,2026-07-11,56.2
406ded:2026-07-15T09:41:33Z,LK_LakeDist,rotorcraft,G-MCGX,AGUSTA AW-189,A189,SRG897,0.37,1.0,656,564,153.0,False,False,-3.25,54.45,,,2026-07-11,0.4
43c5e1:2026-07-14T17:29:51Z,LK_LakeDist,other,ZM407,AIRBUS A-400M,A400,FLTOT41,1.08,9.2,470,345,266.0,False,False,-2.95,54.489,EGVN,EGVN,2026-07-11,319.3
401141:2026-07-14T13:49:08Z,LK_LakeDist,rotorcraft,G-NHAE,AEROSPATIALE AS-365 Dauphin 2,AS65,GNHAE,0.73,1.6,392,287,97.0,False,False,-2.95,54.5,,,2026-07-11,1.6
401141:2026-07-14T13:49:08Z,LK_LakeDist,rotorcraft,G-NHAE,AEROSPATIALE AS-365 Dauphin 2,AS65,GNHAE,1.18,3.9,185,163,110.0,False,False,-2.95,54.5,,,2026-07-11,0.9
43c8d0:2026-07-14T12:06:23Z,LK_LakeDist,mil_state,ZM329,BEECHCRAFT T-6 Texan 2,TEX2,VYT96,1.12,7.6,469,433,246.0,False,False,-3.017,54.25,EGOV,EGOV,2026-07-11,153.4
43c5e3:2026-07-14T08:59:05Z,LK_LakeDist,other,ZM409,AIRBUS A-400M,A400,JIGSAW95,0.1,0.8,597,597,268.0,False,True,-3.0,54.25,EGVN,EGVN,2026-07-11,296.7
43c5e3:2026-07-14T08:59:05Z,LK_LakeDist,other,ZM409,AIRBUS A-400M,A400,JIGSAW95,0.18,1.5,690,690,178.0,True,True,-3.5,54.675,EGVN,EGVN,2026-07-11,350.8
406ded:2026-07-14T08:13:19Z,LK_LakeDist,rotorcraft,G-MCGX,AGUSTA AW-189,A189,SRG897,1.27,2.2,522,351,153.0,True,True,-3.25,54.45,,,2026-07-11,33.3
406ded:2026-07-14T08:13:19Z,LK_LakeDist,rotorcraft,G-MCGX,AGUSTA AW-189,A189,SRG897,0.23,0.7,661,661,101.0,True,True,-3.3,54.4,,,2026-07-11,34.9
43c924:2026-07-13T14:55:36Z,LK_LakeDist,mil_state,ZM343,BEECHCRAFT T-6 Texan 2,TEX2,VYT69,0.96,7.3,324,168,246.0,False,False,-2.95,54.47,EGOV,EGOV,2026-07-11,172.4
400d11:2026-07-13T11:52:21Z,LK_LakeDist,rotorcraft,G-NICI,ROBINSON R-44 Raven,R44,PIPE86,0.8,2.7,583,583,99.0,True,False,-2.95,54.2,EGNH,EGNH,2026-07-11,51.7
400d11:2026-07-13T11:52:21Z,LK_LakeDist,rotorcraft,G-NICI,ROBINSON R-44 Raven,R44,PIPE86,0.31,1.0,659,659,112.0,True,False,-3.1,54.2,EGNH,EGNH,2026-07-11,51.2
400d11:2026-07-13T11:52:21Z,LK_LakeDist,rotorcraft,G-NICI,ROBINSON R-44 Raven,R44,PIPE86,1.85,5.9,643,571,93.0,True,False,-3.138,54.2,EGNH,EGNH,2026-07-11,49.0
400d11:2026-07-13T11:52:21Z,LK_LakeDist,rotorcraft,G-NICI,ROBINSON R-44 Raven,R44,PIPE86,4.58,20.7,679,518,93.0,True,False,-3.4,54.29,EGNH,EGNH,2026-07-11,63.9
400d11:2026-07-13T11:52:21Z,LK_LakeDist,rotorcraft,G-NICI,ROBINSON R-44 Raven,R44,PIPE86,0.43,1.2,532,532,93.0,True,False,-3.5,54.4,EGNH,EGNH,2026-07-11,77.8
406ded:2026-07-12T17:28:55Z,LK_LakeDist,rotorcraft,G-MCGX,AGUSTA AW-189,A189,SRG897,2.22,2.9,678,290,133.0,False,False,-3.493,54.4,,,2026-07-11,0.3
406ded:2026-07-11T09:58:12Z,LK_LakeDist,rotorcraft,G-MCGX,AGUSTA AW-189,A189,SRD897,0.54,1.6,696,641,99.0,False,False,-3.0,54.5,,,2026-07-11,0.7
406ded:2026-07-11T09:58:12Z,LK_LakeDist,rotorcraft,G-MCGX,AGUSTA AW-189,A189,SRD897,0.21,0.5,415,415,86.0,True,False,-3.05,54.45,,,2026-07-11,2.6
43c8b8:2026-07-29T13:40:28Z,LK_LakeDist,mil_state,ZM305,GROB G-120TP,G12T,WRBYS2,1.6,9.4,624,530,180.0,False,False,-2.95,54.488,,,2026-07-25,31.3
43c8c4:2026-07-29T13:22:16Z,LK_LakeDist,mil_state,ZM317,GROB G-120TP,G12T,WRBYS1,0.69,10.5,596,564,191.0,True,False,-3.0,54.25,EGNH,EGYD,2026-07-25,54.9
43c8c4:2026-07-29T13:22:16Z,LK_LakeDist,mil_state,ZM317,GROB G-120TP,G12T,WRBYS1,1.89,11.0,501,465,189.0,False,False,-2.95,54.494,EGNH,EGYD,2026-07-25,83.1
407d99:2026-07-29T11:14:11Z,LK_LakeDist,rotorcraft,G-JFPG,AGUSTA AW-109 Grand,A109,EDY06,0.65,2.9,673,556,126.0,True,False,-2.75,54.4,EGPF,EGGD,2026-07-25,194.3
406f12:2026-07-29T10:55:53Z,LK_LakeDist,rotorcraft,G-LINZ,ROBINSON R-44 Raven,R44,GLINZ,0.59,6.8,589,444,89.0,False,False,-2.7,54.2,,EGCB,2026-07-25,83.9
4057c3:2026-07-28T11:55:45Z,LK_LakeDist,rotorcraft,G-GOES,ROBINSON R-44 Raven,R44,GGOES,0.88,3.9,561,495,128.0,False,False,-3.15,54.2,EGNH,EGNL,2026-07-25,8.9
406f12:2026-07-27T11:12:39Z,LK_LakeDist,rotorcraft,G-LINZ,ROBINSON R-44 Raven,R44,GLINZ,0.74,2.1,371,371,86.0,False,False,-2.35,54.85,EGNY,EGPT,2026-07-25,168.4
4077c8:2025-05-27T20:05:00Z,SC_Highlands,rotorcraft,G-ISAS,AIRBUS HELICOPTERS EC-145,EC45,HLE02,4.72,18.3,525,370,109.0,True,False,-4.339,57.339,,EGEG,2025-05-24,19.2
406de7:2025-05-25T13:54:21Z,SC_Highlands,rotorcraft,G-MCGR,AGUSTA AW-189,A189,SRD151,0.63,1.4,679,624,85.0,True,False,-4.35,57.35,,EGPE,2025-05-24,16.7
4077c8:2025-05-24T12:46:52Z,SC_Highlands,rotorcraft,G-ISAS,AIRBUS HELICOPTERS EC-145,EC45,HLE02,0.49,5.1,605,605,145.0,False,False,-4.3,57.4,,,2025-05-24,1.1
406de7:2025-05-24T09:42:37Z,SC_Highlands,rotorcraft,G-MCGR,AGUSTA AW-189,A189,SRD151,0.55,2.1,572,572,121.0,True,False,-4.275,57.4,,,2025-05-24,12.2
406de7:2025-05-24T09:42:37Z,SC_Highlands,rotorcraft,G-MCGR,AGUSTA AW-189,A189,SRD151,3.17,13.7,640,487,140.0,True,False,-4.1,57.35,,,2025-05-24,16.2
406de7:2025-05-24T09:42:37Z,SC_Highlands,rotorcraft,G-MCGR,AGUSTA AW-189,A189,SRD151,1.17,5.3,456,456,137.0,True,False,-3.9,57.3,,,2025-05-24,21.4
406dea:2025-06-20T15:23:29Z,SC_Highlands,rotorcraft,G-MCGU,AGUSTA AW-189,A189,SRG199,3.0,17.6,536,536,,False,False,-4.3,56.3,EGPK,,2025-06-14,93.3
40682b:2025-06-20T14:51:39Z,SC_Highlands,rotorcraft,G-PSCA,AIRBUS HELICOPTERS EC-135/635,EC35,HLE76,0.65,2.2,524,524,106.0,True,True,-3.95,56.4,,,2025-06-14,32.9
40682b:2025-06-20T14:51:39Z,SC_Highlands,rotorcraft,G-PSCA,AIRBUS HELICOPTERS EC-135/635,EC35,HLE76,0.42,1.5,506,506,108.0,True,True,-4.05,56.45,,,2025-06-14,37.3
406de7:2025-06-20T13:46:54Z,SC_Highlands,rotorcraft,G-MCGR,AGUSTA AW-189,A189,SRD151,1.11,4.0,357,329,112.0,False,False,-3.933,57.35,,,2025-06-14,1.5
406de7:2025-06-20T13:15:11Z,SC_Highlands,rotorcraft,G-MCGR,AGUSTA AW-189,A189,SRD151,1.44,5.9,591,486,126.0,False,False,-3.925,57.425,,,2025-06-14,2.5
406de7:2025-06-20T10:47:48Z,SC_Highlands,rotorcraft,G-MCGR,AGUSTA AW-189,A189,SRD151,0.59,2.5,546,546,129.0,True,False,-4.7,57.45,,,2025-06-14,11.8
3d29e0:2025-06-20T08:30:47Z,SC_Highlands,civ_ga,D-EOCM,PIPER PA-28-140/150/160/180,P28A,DEOCM,1.05,3.6,645,380,104.0,False,False,-4.25,56.3,EGPC,EGPG,2025-06-14,41.6
43c8d6:2025-06-19T14:09:16Z,SC_Highlands,mil_state,ZM335,EMBRAER EMB-500 Phenom 100,E50P,SCPTR02,1.46,10.9,640,601,229.0,False,False,-4.293,57.35,,,2025-06-14,23.5
43c8d6:2025-06-19T14:09:16Z,SC_Highlands,mil_state,ZM335,EMBRAER EMB-500 Phenom 100,E50P,SCPTR02,2.4,18.6,562,488,207.0,True,False,-4.15,57.029,,,2025-06-14,41.4
43c8d7:2025-06-19T14:03:11Z,SC_Highlands,mil_state,ZM336,EMBRAER EMB-500 Phenom 100,E50P,SCPTR1,0.79,5.4,591,565,221.0,True,False,-3.95,57.35,,EGYD,2025-06-14,15.6
43c8d7:2025-06-19T14:03:11Z,SC_Highlands,mil_state,ZM336,EMBRAER EMB-500 Phenom 100,E50P,SCPTR1,0.45,3.2,600,600,221.0,True,False,-4.2,57.35,,EGYD,2025-06-14,31.2
43c8d7:2025-06-19T14:03:11Z,SC_Highlands,mil_state,ZM336,EMBRAER EMB-500 Phenom 100,E50P,SCPTR1,0.7,4.7,531,513,221.0,True,False,-4.337,57.35,,EGYD,2025-06-14,38.2
43c8d7:2025-06-19T14:03:11Z,SC_Highlands,mil_state,ZM336,EMBRAER EMB-500 Phenom 100,E50P,SCPTR1,1.76,15.1,640,483,255.0,True,False,-4.156,57.019,,EGYD,2025-06-14,51.8
406de7:2025-06-18T18:16:08Z,SC_Highlands,rotorcraft,G-MCGR,AGUSTA AW-189,A189,SRD151,0.56,0.9,425,425,116.0,True,False,-4.6,57.25,,,2025-06-14,38.4
406de7:2025-06-17T14:25:27Z,SC_Highlands,rotorcraft,G-MCGR,AGUSTA AW-189,A189,SRG151A,2.02,7.2,647,571,106.0,False,False,-4.033,57.417,,,2025-06-14,16.3
406de7:2025-06-16T16:28:00Z,SC_Highlands,rotorcraft,G-MCGR,AGUSTA AW-189,A189,SRD151,0.33,1.4,220,220,140.0,False,False,-4.0,56.9,,,2025-06-14,0.7
406de7:2025-06-16T16:28:00Z,SC_Highlands,rotorcraft,G-MCGR,AGUSTA AW-189,A189,SRD151,0.47,2.0,317,317,140.0,False,False,-3.95,57.0,,,2025-06-14,8.8
406de7:2025-06-16T15:13:08Z,SC_Highlands,rotorcraft,G-MCGR,AGUSTA AW-189,A189,SRG151A,0.57,1.9,601,601,139.0,True,False,-4.05,57.4,,,2025-06-14,12.1
406de7:2025-06-16T15:13:08Z,SC_Highlands,rotorcraft,G-MCGR,AGUSTA AW-189,A189,SRG151A,1.31,4.5,662,662,117.0,True,False,-4.0,57.35,,,2025-06-14,17.4
406de7:2025-06-16T15:13:08Z,SC_Highlands,rotorcraft,G-MCGR,AGUSTA AW-189,A189,SRG151A,0.52,1.8,689,689,112.0,False,False,-4.05,56.95,,,2025-06-14,0.9
406de7:2025-06-15T12:33:58Z,SC_Highlands,rotorcraft,G-MCGR,AGUSTA AW-189,A189,SRG151A,0.7,2.8,383,383,128.0,False,False,-3.95,57.45,,,2025-06-14,6.0
406de7:2025-06-15T12:33:58Z,SC_Highlands,rotorcraft,G-MCGR,AGUSTA AW-189,A189,SRG151A,2.23,9.2,550,459,127.0,True,False,-3.975,57.325,,,2025-06-14,17.0
406de7:2025-06-14T17:03:13Z,SC_Highlands,rotorcraft,G-MCGR,AGUSTA AW-189,A189,SRG151A,2.73,12.7,234,154,73.0,False,False,-4.383,57.5,,,2025-06-14,9.7
403faf:2025-07-18T12:01:35Z,SC_Highlands,civ_ga,G-EPTR,PIPER PA-28R-180/200/201,P28R,GEPTR,1.96,5.3,271,108,85.0,True,True,-3.579,56.45,EGPT,EGPT,2025-07-12,11.5
406de7:2025-07-17T10:27:56Z,SC_Highlands,rotorcraft,G-MCGR,AGUSTA AW-189,A189,SRD151,1.39,5.0,600,523,117.0,False,False,-4.5,57.45,,,2025-07-12,1.8
406de7:2025-07-17T10:27:56Z,SC_Highlands,rotorcraft,G-MCGR,AGUSTA AW-189,A189,SRD151,1.32,3.7,344,332,88.0,True,False,-4.5,57.412,,,2025-07-12,6.3
405580:2025-07-16T15:13:10Z,SC_Highlands,civ_ga,G-SMMB,CESSNA F406 Caravan 2,F406,WDG65,0.1,0.6,584,584,178.0,True,False,-4.0,57.35,,,2025-07-12,13.2
43c8d7:2025-07-16T14:19:11Z,SC_Highlands,mil_state,ZM336,EMBRAER EMB-500 Phenom 100,E50P,SCPTR1,0.06,0.4,674,674,232.0,False,False,-4.7,57.55,,EGYD,2025-07-12,0.2
43c8d5:2025-07-16T14:14:13Z,SC_Highlands,mil_state,ZM334,EMBRAER EMB-500 Phenom 100,E50P,SCPTR2,3.42,25.1,454,377,235.0,False,False,-4.198,57.35,,,2025-07-12,10.8
43c8d5:2025-07-16T14:14:13Z,SC_Highlands,mil_state,ZM334,EMBRAER EMB-500 Phenom 100,E50P,SCPTR2,0.95,7.1,497,424,250.0,True,False,-4.062,56.95,,,2025-07-12,44.2
406de7:2025-07-16T14:03:54Z,SC_Highlands,rotorcraft,G-MCGR,AGUSTA AW-189,A189,SRG151A,0.84,2.2,443,330,103.0,False,False,-3.925,57.3,,,2025-07-12,1.5
4066de:2025-07-16T12:48:32Z,SC_Highlands,rotorcraft,G-KEMD,AEROSPATIALE SA-341 Gazelle,GAZL,GKEMD,0.72,2.3,537,537,104.0,True,True,-4.0,56.3,,,2025-07-12,23.4
4077c8:2025-07-16T11:53:11Z,SC_Highlands,rotorcraft,G-ISAS,AIRBUS HELICOPTERS EC-145,EC45,HLE02,2.39,9.4,587,510,129.0,False,False,-4.067,57.417,,,2025-07-12,4.3
4077c8:2025-07-16T11:53:11Z,SC_Highlands,rotorcraft,G-ISAS,AIRBUS HELICOPTERS EC-145,EC45,HLE02,0.76,2.8,433,433,129.0,True,False,-4.15,57.35,,,2025-07-12,14.2
4077c8:2025-07-16T11:53:11Z,SC_Highlands,rotorcraft,G-ISAS,AIRBUS HELICOPTERS EC-145,EC45,HLE02,0.98,3.4,644,471,126.0,True,False,-4.225,57.25,,,2025-07-12,22.0
43c8d7:2025-07-16T11:34:03Z,SC_Highlands,mil_state,ZM336,EMBRAER EMB-500 Phenom 100,E50P,SCPTR2,1.77,12.0,639,572,218.0,False,False,-3.54,56.47,,,2025-07-12,4.9
43c8d7:2025-07-16T11:34:03Z,SC_Highlands,mil_state,ZM336,EMBRAER EMB-500 Phenom 100,E50P,SCPTR2,0.77,5.1,616,616,214.0,True,False,-4.2,56.983,,,2025-07-12,33.2
43c8d7:2025-07-16T11:34:03Z,SC_Highlands,mil_state,ZM336,EMBRAER EMB-500 Phenom 100,E50P,SCPTR2,1.83,12.2,564,514,214.0,True,False,-4.1,57.08,,,2025-07-12,21.5
43c8d7:2025-07-16T11:34:03Z,SC_Highlands,mil_state,ZM336,EMBRAER EMB-500 Phenom 100,E50P,SCPTR2,0.19,1.3,688,688,214.0,False,False,-3.95,57.15,,,2025-07-12,7.7
401729:2025-07-16T10:54:42Z,SC_Highlands,civ_ga,G-AVSA,PIPER PA-28-140/150/160/180,P28A,GAVSA,1.52,3.0,548,548,88.0,True,False,-4.45,57.45,,,2025-07-12,7.9
401729:2025-07-16T10:54:42Z,SC_Highlands,civ_ga,G-AVSA,PIPER PA-28-140/150/160/180,P28A,GAVSA,0.4,1.2,686,686,101.0,False,False,-4.55,57.4,,,2025-07-12,0.6
43c8d5:2025-07-16T10:05:21Z,SC_Highlands,mil_state,ZM334,EMBRAER EMB-500 Phenom 100,E50P,SCPTR1,1.13,7.1,692,647,215.0,False,False,-4.6,57.407,EGYD,,2025-07-12,11.4
4077c8:2025-07-16T09:18:15Z,SC_Highlands,rotorcraft,G-ISAS,AIRBUS HELICOPTERS EC-145,EC45,HLE02,1.7,6.6,646,466,132.0,False,False,-3.975,57.425,,,2025-07-12,3.6
401081:2025-07-15T08:04:40Z,SC_Highlands,rotorcraft,G-FRYA,ROBINSON R-44 Raven,R44,GFRYA,2.5,7.0,604,525,99.0,False,False,-3.55,56.46,EGPT,,2025-07-12,4.0
40682b:2025-07-14T17:15:55Z,SC_Highlands,rotorcraft,G-PSCA,AIRBUS HELICOPTERS EC-135/635,EC35,HLE76,0.86,5.0,593,514,146.0,False,False,-3.5,56.35,EGEG,EGPT,2025-07-12,9.0
40820a:2025-07-14T15:40:47Z,SC_Highlands,rotorcraft,G-KLCK,AEROSPATIALE AS-350 Ecureuil,AS50,GKLCK,2.38,18.0,451,123,115.0,False,False,-4.075,57.025,EGPT,,2025-07-12,12.8
40820a:2025-07-14T10:42:15Z,SC_Highlands,rotorcraft,G-KLCK,AEROSPATIALE AS-350 Ecureuil,AS50,GKLCK,0.87,4.6,661,443,110.0,False,False,-4.05,57.05,,,2025-07-12,14.1
40820a:2025-07-14T06:31:32Z,SC_Highlands,rotorcraft,G-KLCK,AEROSPATIALE AS-350 Ecureuil,AS50,GKLCK,0.25,0.9,118,118,89.0,False,False,-3.45,56.3,,,2025-07-12,70.6
40820a:2025-07-14T06:31:32Z,SC_Highlands,rotorcraft,G-KLCK,AEROSPATIALE AS-350 Ecureuil,AS50,GKLCK,0.08,5.1,191,191,111.0,True,False,-4.05,57.05,,,2025-07-12,47.6
4077c8:2025-07-13T15:35:53Z,SC_Highlands,rotorcraft,G-ISAS,AIRBUS HELICOPTERS EC-145,EC45,HLE02,0.45,1.5,653,653,101.0,False,False,-3.9,57.35,,,2025-07-12,0.7
400a75:2025-07-12T12:49:03Z,SC_Highlands,civ_ga,G-RAFK,BEECH 200 Super King Air,BE20,REV1FK,0.01,0.1,396,396,214.0,True,True,-5.4,57.45,EGPK,EGPK,2025-07-12,224.7
406de7:2025-07-12T08:55:15Z,SC_Highlands,rotorcraft,G-MCGR,AGUSTA AW-189,A189,SRD151,3.28,11.8,219,166,130.0,False,False,-4.688,57.438,,,2025-07-12,12.2
406ded:2026-04-17T13:35:01Z,SC_Highlands,rotorcraft,G-MCGX,AGUSTA AW-189,A189,SRD851,2.7,8.3,566,566,105.0,False,False,-3.975,57.4,,,2026-04-11,8.0
43c5eb:2026-04-17T09:38:32Z,SC_Highlands,other,ZM417,AIRBUS A-400M,A400,ASLAN70,0.25,1.6,497,497,213.0,False,False,-6.2,57.25,EGVN,,2026-04-11,24.3
43c5eb:2026-04-17T09:38:32Z,SC_Highlands,other,ZM417,AIRBUS A-400M,A400,ASLAN70,0.11,8.9,602,516,217.0,False,False,-6.2,57.5,EGVN,,2026-04-11,0.4
406ded:2026-04-16T17:02:37Z,SC_Highlands,rotorcraft,G-MCGX,AGUSTA AW-189,A189,SRD851,0.53,1.9,669,669,109.0,True,False,-4.6,57.4,,,2026-04-11,24.9
43c5ef:2026-04-16T14:58:02Z,SC_Highlands,other,ZM421,AIRBUS A-400M,A400,JIGSW94,0.61,4.9,531,531,260.0,False,False,-4.317,57.15,,,2026-04-11,299.4
406ded:2026-04-16T08:51:17Z,SC_Highlands,rotorcraft,G-MCGX,AGUSTA AW-189,A189,SRD851,0.52,1.7,515,473,111.0,False,False,-4.35,57.4,,,2026-04-11,0.9
43c5ef:2026-04-16T07:13:11Z,SC_Highlands,other,ZM421,AIRBUS A-400M,A400,JIGSW94,1.13,9.2,539,467,260.0,True,True,-4.62,57.44,,,2026-04-11,323.0
43c5ef:2026-04-16T07:13:11Z,SC_Highlands,other,ZM421,AIRBUS A-400M,A400,JIGSW94,0.78,6.2,568,416,259.0,True,True,-4.61,57.34,,,2026-04-11,312.7
43c5ef:2026-04-16T07:13:11Z,SC_Highlands,other,ZM421,AIRBUS A-400M,A400,JIGSW94,1.2,18.6,651,578,290.0,True,True,-4.1,57.371,,,2026-04-11,327.6
43c5ef:2026-04-15T11:48:10Z,SC_Highlands,other,ZM421,AIRBUS A-400M,A400,JIGSW94,2.72,22.4,635,338,265.0,True,True,-4.455,57.386,,,2026-04-11,321.5
43c5ef:2026-04-15T11:48:10Z,SC_Highlands,other,ZM421,AIRBUS A-400M,A400,JIGSW94,0.3,2.5,617,504,264.0,True,True,-4.15,57.3,,,2026-04-11,316.9
406ded:2026-04-15T09:28:29Z,SC_Highlands,rotorcraft,G-MCGX,AGUSTA AW-189,A189,SRD851,1.45,5.6,508,396,61.0,False,False,-4.1,57.45,,,2026-04-11,2.4
43c5ef:2026-04-15T08:47:55Z,SC_Highlands,other,ZM421,AIRBUS A-400M,A400,JIGSW94,0.1,0.7,533,533,266.0,False,False,-4.65,57.4,,,2026-04-11,4.0
406de9:2026-04-14T14:00:42Z,SC_Highlands,rotorcraft,G-MCGT,AGUSTA AW-189,A189,SRD853,0.59,2.0,366,324,117.0,False,False,-6.075,57.225,,,2026-04-11,2.9
406de9:2026-04-14T14:00:42Z,SC_Highlands,rotorcraft,G-MCGT,AGUSTA AW-189,A189,SRD853,0.11,0.3,643,643,104.0,False,False,-6.2,57.2,,,2026-04-11,0.1
406ded:2026-04-14T08:08:57Z,SC_Highlands,rotorcraft,G-MCGX,AGUSTA AW-189,A189,SRG851A,0.63,2.3,616,616,121.0,False,False,-3.95,57.4,,EGQL,2026-04-11,3.7
406de9:2026-04-13T10:39:43Z,SC_Highlands,rotorcraft,G-MCGT,AGUSTA AW-189,A189,SRD853,0.67,2.8,661,661,130.0,False,False,-4.2,57.25,,,2026-04-11,1.4
43c5dc:2026-04-13T09:04:58Z,SC_Highlands,other,ZM402,AIRBUS A-400M,A400,JIGSW11,1.71,9.0,632,564,166.0,False,False,-4.37,57.45,,,2026-04-11,330.5
43c5dc:2026-04-13T09:04:58Z,SC_Highlands,other,ZM402,AIRBUS A-400M,A400,JIGSW11,0.2,1.6,554,554,265.0,False,False,-4.25,57.35,,,2026-04-11,322.7
43c5dc:2026-04-13T09:04:58Z,SC_Highlands,other,ZM402,AIRBUS A-400M,A400,JIGSW11,0.76,6.7,551,487,287.0,False,False,-4.088,57.35,,,2026-04-11,326.2
403faf:2026-04-13T08:14:31Z,SC_Highlands,civ_ga,G-EPTR,PIPER PA-28R-180/200/201,P28R,GEPTR,1.61,4.8,517,151,85.0,True,True,-3.507,56.457,EGPT,EGPT,2026-04-11,8.2
406ded:2026-05-01T20:43:28Z,SC_Highlands,rotorcraft,G-MCGX,AGUSTA AW-189,A189,SRD851,3.54,19.0,536,386,117.0,False,False,-4.056,57.356,,,2026-04-25,4.0
4077c7:2026-05-01T19:24:19Z,SC_Highlands,rotorcraft,G-GSAS,AIRBUS HELICOPTERS EC-145,EC45,HLE02,0.32,0.9,335,335,82.0,True,True,-6.2,57.5,,,2026-04-25,114.5
407939:2026-04-30T10:02:15Z,SC_Highlands,civ_ga,G-RVNR,PARTENAVIA P-68 Observer,P68,PLINE33,0.23,1.0,684,684,154.0,False,False,-3.45,56.3,EGGP,EGPT,2026-04-25,15.1
408354:2026-04-29T19:25:49Z,SC_Highlands,rotorcraft,,,,NEVIS03,1.55,5.5,658,602,119.0,False,False,-4.0,57.4,,,2026-04-25,5.9
406ded:2026-04-29T17:52:34Z,SC_Highlands,rotorcraft,G-MCGX,AGUSTA AW-189,A189,SRD851,0.52,2.0,619,619,129.0,False,False,-4.0,57.35,,,2026-04-25,1.0
406ded:2026-04-29T17:52:34Z,SC_Highlands,rotorcraft,G-MCGX,AGUSTA AW-189,A189,SRD851,2.16,8.3,608,404,129.0,False,False,-4.0,57.412,,,2026-04-25,4.3
406ded:2026-04-29T15:06:40Z,SC_Highlands,rotorcraft,G-MCGX,AGUSTA AW-189,A189,SRG851A,0.77,3.4,598,598,134.0,False,False,-4.0,57.4,,,2026-04-25,7.6
406ded:2026-04-28T13:59:41Z,SC_Highlands,rotorcraft,G-MCGX,AGUSTA AW-189,A189,SRD851,0.32,1.0,314,314,109.0,False,True,-6.15,57.2,,,2026-04-25,4.2
406ded:2026-04-28T13:59:41Z,SC_Highlands,rotorcraft,G-MCGX,AGUSTA AW-189,A189,SRD851,1.59,6.0,681,681,118.0,True,True,-3.95,57.3,,,2026-04-25,26.9
408354:2026-04-28T13:00:56Z,SC_Highlands,rotorcraft,,,,NEVIS03,1.26,5.5,638,624,148.0,True,True,-3.95,57.325,,,2026-04-25,18.3
408354:2026-04-28T13:00:56Z,SC_Highlands,rotorcraft,,,,NEVIS03,0.87,3.7,682,519,148.0,False,False,-4.0,57.425,,,2026-04-25,6.4
43c5dc:2026-04-27T15:54:45Z,SC_Highlands,other,ZM402,AIRBUS A-400M,A400,NAPER70,0.43,12.0,561,405,262.0,True,False,-6.15,57.3,EGVN,EGVN,2026-04-25,685.7
43c5dc:2026-04-27T15:54:45Z,SC_Highlands,other,ZM402,AIRBUS A-400M,A400,NAPER70,0.66,5.6,604,462,268.0,False,False,-4.593,57.357,EGVN,EGVN,2026-04-25,655.2
406ded:2026-04-27T10:31:33Z,SC_Highlands,rotorcraft,G-MCGX,AGUSTA AW-189,A189,SRD851,1.47,5.6,670,670,,False,False,-4.05,57.45,,,2026-04-25,2.8
406ded:2026-04-27T09:08:47Z,SC_Highlands,rotorcraft,G-MCGX,AGUSTA AW-189,A189,SRD851,1.63,6.1,649,458,119.0,True,False,-4.1,57.387,,,2026-04-25,8.6
406ded:2026-04-27T09:08:47Z,SC_Highlands,rotorcraft,G-MCGX,AGUSTA AW-189,A189,SRD851,0.86,3.3,625,504,119.0,False,False,-3.95,57.275,,,2026-04-25,1.8
408354:2026-04-25T08:48:15Z,SC_Highlands,rotorcraft,,,,NEVIS03,0.12,0.5,505,505,141.0,False,False,-4.85,56.35,,,2026-04-25,0.2
406ded:2026-04-25T06:51:11Z,SC_Highlands,rotorcraft,G-MCGX,AGUSTA AW-189,A189,SRG851A,0.88,3.7,658,658,140.0,True,False,-4.225,57.35,,EGEG,2026-04-25,12.1
406ded:2026-04-25T06:51:11Z,SC_Highlands,rotorcraft,G-MCGX,AGUSTA AW-189,A189,SRG851A,1.19,5.2,215,215,140.0,True,True,-4.4,57.2,,EGEG,2026-04-25,33.0
406ded:2026-04-25T06:51:11Z,SC_Highlands,rotorcraft,G-MCGX,AGUSTA AW-189,A189,SRG851A,0.24,1.0,699,699,130.0,True,True,-4.9,56.55,,EGEG,2026-04-25,87.9
406de9:2026-05-15T13:55:30Z,SC_Highlands,rotorcraft,G-MCGT,AGUSTA AW-189,A189,SRG853A,3.34,10.6,407,319,98.0,False,False,-4.629,57.364,,,2026-05-09,5.1
406de9:2026-05-15T13:55:30Z,SC_Highlands,rotorcraft,G-MCGT,AGUSTA AW-189,A189,SRG853A,1.37,4.1,542,499,105.0,True,False,-4.938,57.35,,,2026-05-09,22.9
408263:2026-05-15T13:39:12Z,SC_Highlands,rotorcraft,G-SPYZ,ROBINSON R-66,R66,GSPYZ,0.65,2.1,678,678,96.0,False,False,-4.55,57.45,,,2026-05-09,1.0
403faf:2026-05-14T12:40:23Z,SC_Highlands,civ_ga,G-EPTR,PIPER PA-28R-180/200/201,P28R,GEPTR,0.79,1.9,462,390,84.0,True,True,-3.55,56.4,EGPT,EGPT,2026-05-09,8.1
43c5e2:2026-05-14T11:08:23Z,SC_Highlands,other,ZM408,AIRBUS A-400M,A400,ASLAN75,1.52,20.3,437,334,258.0,False,False,-4.293,57.357,EGVN,EGVN,2026-05-09,649.3
408354:2026-05-12T16:09:08Z,SC_Highlands,rotorcraft,,,,NEVIS03,0.68,3.3,608,608,156.0,True,True,-4.25,56.5,,,2026-05-09,60.5
403faf:2026-05-12T13:44:45Z,SC_Highlands,civ_ga,G-EPTR,PIPER PA-28R-180/200/201,P28R,GEPTR,0.78,2.1,456,456,90.0,True,True,-3.533,56.35,EGPT,EGPT,2026-05-09,10.6
406ded:2026-05-12T13:29:10Z,SC_Highlands,rotorcraft,G-MCGX,AGUSTA AW-189,A189,SRD851,0.98,3.3,619,619,115.0,False,False,-4.325,57.4,,,2026-05-09,1.9
403faf:2026-05-12T12:21:37Z,SC_Highlands,civ_ga,G-EPTR,PIPER PA-28R-180/200/201,P28R,GEPTR,1.21,3.7,431,244,90.0,True,True,-3.475,56.5,EGPT,EGPT,2026-05-09,9.7
40820a:2026-05-12T10:18:14Z,SC_Highlands,rotorcraft,G-KLCK,AEROSPATIALE AS-350 Ecureuil,AS50,OOK03,0.58,2.1,414,414,118.0,True,True,-4.8,57.35,,EGPJ,2026-05-09,12.1
406ded:2026-05-11T10:27:24Z,SC_Highlands,rotorcraft,G-MCGX,AGUSTA AW-189,A189,SRD851,2.49,8.2,535,487,96.0,False,False,-4.125,57.325,,,2026-05-09,5.1
403faf:2026-05-11T08:19:11Z,SC_Highlands,civ_ga,G-EPTR,PIPER PA-28R-180/200/201,P28R,GEPTR,1.85,4.4,288,288,107.0,True,True,-3.55,56.5,EGPT,EGPT,2026-05-09,12.4
406ded:2026-05-09T17:26:27Z,SC_Highlands,rotorcraft,G-MCGX,AGUSTA AW-189,A189,SRG851A,2.16,17.8,493,181,131.0,False,False,-4.075,57.375,,,2026-05-09,10.0
406ded:2026-05-09T14:37:32Z,SC_Highlands,rotorcraft,G-MCGX,AGUSTA AW-189,A189,SRG851E,0.33,1.2,620,620,118.0,False,False,-3.9,57.35,EGPD,,2026-05-09,12.4
406ded:2026-05-09T14:37:32Z,SC_Highlands,rotorcraft,G-MCGX,AGUSTA AW-189,A189,SRG851E,1.36,4.9,496,487,110.0,False,False,-4.0,57.425,EGPD,,2026-05-09,2.7
406ded:2026-05-09T12:35:35Z,SC_Highlands,rotorcraft,G-MCGX,AGUSTA AW-189,A189,SRG851A,0.92,4.0,622,622,146.0,False,False,-3.95,57.425,,EGPD,2026-05-09,1.7
406ded:2026-05-09T10:47:34Z,SC_Highlands,rotorcraft,G-MCGX,AGUSTA AW-189,A189,SRD851,1.64,12.4,623,540,111.0,False,False,-4.275,57.375,,,2026-05-09,3.4
403faf:2026-05-09T09:53:04Z,SC_Highlands,civ_ga,G-EPTR,PIPER PA-28R-180/200/201,P28R,GEPTR,0.6,1.5,478,478,102.0,True,False,-3.45,56.5,EGPT,EGPT,2026-05-09,10.9
406ded:2026-05-09T08:53:34Z,SC_Highlands,rotorcraft,G-MCGX,AGUSTA AW-189,A189,SRD851,0.54,2.3,678,678,128.0,False,False,-4.35,57.4,,,2026-05-09,1.1
403faf:2026-05-09T08:33:14Z,SC_Highlands,civ_ga,G-EPTR,PIPER PA-28R-180/200/201,P28R,GEPTR,0.76,2.0,351,351,94.0,True,True,-3.483,56.5,EGPT,EGPT,2026-05-09,11.4
405051:2026-05-29T13:13:59Z,SC_Highlands,civ_ga,G-HAMR,PIPER PA-28-140/150/160/180,P28A,GHAMR,0.31,0.8,664,664,91.0,True,False,-3.55,56.55,EGPT,EGPT,2026-05-23,17.9
406c8e:2026-05-28T14:36:30Z,SC_Highlands,rotorcraft,G-MCGG,SIKORSKY S-92 Helibus,S92,SRD948,0.16,0.5,300,300,104.0,False,False,-6.2,57.2,,,2026-05-23,0.6
c817ab:2026-05-28T12:24:24Z,SC_Highlands,rotorcraft,ZK-IGM,AIRBUS HELICOPTERS EC-130,EC30,ZKIGM,0.19,0.7,653,653,126.0,False,False,-4.3,57.4,,EGPK,2026-05-23,12.0
402a5f:2026-05-28T11:58:13Z,SC_Highlands,civ_ga,G-BOAH,PIPER PA-28-140/150/160/180,P28A,GBOAH,0.18,0.5,679,679,88.0,True,False,-3.45,56.35,EGPT,EGPT,2026-05-23,8.9
407909:2026-05-28T07:43:15Z,SC_Highlands,civ_ga,G-JBIB,DIAMOND DA-62,DA62,GJBIB,0.71,3.4,657,541,177.0,True,False,-4.45,57.4,EGAE,,2026-05-23,18.8
407909:2026-05-28T07:43:15Z,SC_Highlands,civ_ga,G-JBIB,DIAMOND DA-62,DA62,GJBIB,0.61,11.9,482,482,133.0,False,False,-4.4,57.5,EGAE,,2026-05-23,10.4
43c925:2026-05-27T13:51:43Z,SC_Highlands,mil_state,XE688,HAWKER Hunter,HUNT,JAVLN94,0.17,2.0,368,368,356.0,False,False,-3.45,56.6,EGXE,EGXE,2026-05-23,285.7
407939:2026-05-27T10:19:54Z,SC_Highlands,civ_ga,G-RVNR,PARTENAVIA P-68 Observer,P68,PLINE33,0.37,1.0,643,643,133.0,False,False,-3.45,56.3,EGGP,EGPT,2026-05-23,13.7
43c5e8:2026-05-26T15:54:02Z,SC_Highlands,other,ZM414,AIRBUS A-400M,A400,PLMTR41,0.92,18.4,516,321,268.0,False,False,-4.08,57.38,EGVN,EGVN,2026-05-23,648.1
43c5e8:2026-05-26T15:54:02Z,SC_Highlands,other,ZM414,AIRBUS A-400M,A400,PLMTR41,0.66,5.3,395,369,285.0,False,False,-4.65,57.437,EGVN,EGVN,2026-05-23,664.0
406ded:2026-05-26T13:47:31Z,SC_Highlands,rotorcraft,G-MCGX,AGUSTA AW-189,A189,SRD851,4.36,9.2,481,106,62.0,False,False,-5.079,57.339,,,2026-05-23,4.7
c817ab:2026-05-26T13:10:15Z,SC_Highlands,rotorcraft,ZK-IGM,AIRBUS HELICOPTERS EC-130,EC30,ZKIGM,0.52,1.7,593,593,103.0,False,False,-6.1,57.3,EGPG,,2026-05-23,20.9
4079b3:2026-05-26T08:34:48Z,SC_Highlands,rotorcraft,G-RNGS,AIRBUS HELICOPTERS EC-145,EC45,CASTLE29,0.33,1.2,686,686,114.0,False,False,-6.2,57.3,,,2026-05-23,2.8
406de9:2026-05-25T18:22:14Z,SC_Highlands,rotorcraft,G-MCGT,AGUSTA AW-189,A189,SRG853A,0.24,0.5,430,430,84.0,True,False,-6.2,57.25,,,2026-05-23,2.1
406de9:2026-05-25T16:40:34Z,SC_Highlands,rotorcraft,G-MCGT,AGUSTA AW-189,A189,SRG853A,0.47,1.2,635,503,106.0,False,False,-6.2,57.25,,,2026-05-23,0.7
406de9:2026-05-25T12:37:02Z,SC_Highlands,rotorcraft,G-MCGT,AGUSTA AW-189,A189,SRG853A,1.09,2.2,533,533,121.0,True,False,-6.2,57.25,,,2026-05-23,0.2
406de9:2026-05-25T12:37:02Z,SC_Highlands,rotorcraft,G-MCGT,AGUSTA AW-189,A189,SRG853A,0.62,0.3,328,285,121.0,True,False,-6.2,57.25,,,2026-05-23,2.9
406de9:2026-05-25T12:13:02Z,SC_Highlands,rotorcraft,G-MCGT,AGUSTA AW-189,A189,SRG853A,0.54,1.1,443,346,87.0,True,False,-6.2,57.25,,,2026-05-23,1.7
406de9:2026-05-25T11:59:39Z,SC_Highlands,rotorcraft,G-MCGT,AGUSTA AW-189,A189,SRG853A,0.61,2.0,524,524,112.0,False,False,-6.125,57.3,,,2026-05-23,0.9
4070f4:2026-05-24T13:09:18Z,SC_Highlands,civ_ga,G-GBAS,DIAMOND DA-62,DA62,VOR05,0.19,0.9,668,668,158.0,True,True,-4.1,57.45,,,2026-05-23,6.8
4070f4:2026-05-24T12:15:28Z,SC_Highlands,civ_ga,G-GBAS,DIAMOND DA-62,DA62,VOR05,0.54,2.8,607,607,166.0,False,False,-4.4,57.4,,,2026-05-23,1.4
4070f4:2026-05-24T11:49:43Z,SC_Highlands,civ_ga,G-GBAS,DIAMOND DA-62,DA62,VOR05,0.26,1.3,664,664,142.0,True,False,-4.1,57.45,,,2026-05-23,11.7
4070f4:2026-05-24T11:49:43Z,SC_Highlands,civ_ga,G-GBAS,DIAMOND DA-62,DA62,VOR05,0.28,3.7,662,626,126.0,True,False,-4.25,57.35,,,2026-05-23,5.9
4070f4:2026-05-24T11:49:43Z,SC_Highlands,civ_ga,G-GBAS,DIAMOND DA-62,DA62,VOR05,0.96,5.3,640,334,145.0,False,False,-4.35,57.4,,,2026-05-23,2.0
406ded:2026-05-23T19:33:42Z,SC_Highlands,rotorcraft,G-MCGX,AGUSTA AW-189,A189,SRG851A,4.64,16.8,435,298,121.0,True,False,-4.1,57.35,,,2026-05-23,14.2
406ded:2026-05-23T19:33:42Z,SC_Highlands,rotorcraft,G-MCGX,AGUSTA AW-189,A189,SRG851A,1.63,6.0,284,284,113.0,False,False,-4.1,57.2,,,2026-05-23,3.0
406ded:2026-05-23T15:33:52Z,SC_Highlands,rotorcraft,G-MCGX,AGUSTA AW-189,A189,SRD851,4.88,17.5,610,527,126.0,False,False,-4.077,57.373,,,2026-05-23,9.7
406ded:2026-05-23T13:54:34Z,SC_Highlands,rotorcraft,G-MCGX,AGUSTA AW-189,A189,SRD851,4.68,25.7,424,268,98.0,False,False,-4.1,57.35,,,2026-05-23,8.7
406ded:2026-06-12T13:43:16Z,SC_Highlands,rotorcraft,G-MCGX,AGUSTA AW-189,A189,SRD851,0.56,2.4,375,375,139.0,False,False,-3.45,56.55,,,2026-06-06,19.6
400ea8:2026-06-12T08:26:03Z,SC_Highlands,mil_state,G-BYXK,GROB G-115,G115,UAJ42,0.56,1.9,492,492,138.0,True,False,-3.55,56.475,EGQL,EGQL,2026-06-06,43.2
400ea8:2026-06-12T08:26:03Z,SC_Highlands,mil_state,G-BYXK,GROB G-115,G115,UAJ42,1.11,3.6,612,612,138.0,True,False,-3.65,56.433,EGQL,EGQL,2026-06-06,48.4
a02874:2026-06-10T11:33:49Z,SC_Highlands,rotorcraft,N109ZT,AGUSTA AW-109 Grand,A109,N109ZT,2.22,11.9,522,522,114.0,False,False,-4.2,57.35,,EGNP,2026-06-06,11.9
43c924:2026-06-10T10:08:47Z,SC_Highlands,mil_state,ZM343,BEECHCRAFT T-6 Texan 2,TEX2,VYT82,0.45,3.5,351,290,256.0,False,False,-3.45,56.5,EGOV,EGQL,2026-06-06,41.0
408212:2026-06-09T16:17:44Z,SC_Highlands,rotorcraft,G-GDSP,,A109,NEVIS01,0.26,0.8,615,615,83.0,False,False,-4.45,57.4,,,2026-06-06,0.2
403faf:2026-06-09T14:02:23Z,SC_Highlands,civ_ga,G-EPTR,PIPER PA-28R-180/200/201,P28R,GEPTR,0.98,2.7,226,226,88.0,True,True,-3.517,56.5,EGPT,EGPT,2026-06-06,10.9
406ded:2026-06-09T13:08:28Z,SC_Highlands,rotorcraft,G-MCGX,AGUSTA AW-189,A189,SRD851,0.42,1.6,283,283,118.0,True,False,-6.1,57.3,,,2026-06-06,109.8
406ded:2026-06-09T13:08:28Z,SC_Highlands,rotorcraft,G-MCGX,AGUSTA AW-189,A189,SRD851,0.18,0.7,284,284,115.0,True,False,-6.2,57.3,,,2026-06-06,115.6
4077c8:2026-06-08T08:18:33Z,SC_Highlands,rotorcraft,G-ISAS,AIRBUS HELICOPTERS EC-145,EC45,HLE02,2.57,11.9,561,405,108.0,False,False,-4.09,57.375,,,2026-06-06,9.3
4077c8:2026-06-08T08:18:33Z,SC_Highlands,rotorcraft,G-ISAS,AIRBUS HELICOPTERS EC-145,EC45,HLE02,0.62,2.6,531,531,124.0,True,False,-4.15,57.2,,,2026-06-06,30.1
402953:2026-06-06T10:11:29Z,SC_Highlands,civ_ga,G-BNJH,CESSNA 152,C152,GBNJH,0.62,1.6,584,567,92.0,True,False,-3.55,56.5,EGPT,EGPT,2026-06-06,13.8
402953:2026-06-06T10:11:29Z,SC_Highlands,civ_ga,G-BNJH,CESSNA 152,C152,GBNJH,0.12,0.3,656,656,94.0,True,False,-3.55,56.5,EGPT,EGPT,2026-06-06,14.0
402953:2026-06-06T10:11:29Z,SC_Highlands,civ_ga,G-BNJH,CESSNA 152,C152,GBNJH,0.36,0.9,576,576,94.0,True,False,-3.55,56.5,EGPT,EGPT,2026-06-06,12.2
402953:2026-06-06T10:11:29Z,SC_Highlands,civ_ga,G-BNJH,CESSNA 152,C152,GBNJH,0.25,0.6,619,619,94.0,True,False,-3.55,56.5,EGPT,EGPT,2026-06-06,12.6
406ded:2026-06-19T12:05:49Z,SC_Highlands,rotorcraft,G-MCGX,AGUSTA AW-189,A189,SRD851E,1.22,5.1,615,615,142.0,True,False,-4.275,57.35,,,2026-06-13,13.7
406de6:2026-06-18T20:18:22Z,SC_Highlands,rotorcraft,G-MCGP,AGUSTA AW-189,A189,SRG199,0.81,3.4,692,692,134.0,False,False,-3.45,56.65,,EGPK,2026-06-13,1.7
406de6:2026-06-18T18:56:41Z,SC_Highlands,rotorcraft,G-MCGP,AGUSTA AW-189,A189,SRG199,7.27,32.7,577,326,143.0,False,False,-3.521,56.55,EGPK,,2026-06-13,32.2
43c8d5:2026-06-18T14:07:50Z,SC_Highlands,mil_state,ZM334,EMBRAER EMB-500 Phenom 100,E50P,CAMEL2,0.73,4.8,595,575,202.0,False,False,-3.95,57.35,,,2026-06-13,2.7
43c8d5:2026-06-18T14:07:50Z,SC_Highlands,mil_state,ZM334,EMBRAER EMB-500 Phenom 100,E50P,CAMEL2,0.1,0.7,538,538,238.0,True,False,-4.2,57.35,,,2026-06-13,16.0
43c8d5:2026-06-18T14:07:50Z,SC_Highlands,mil_state,ZM334,EMBRAER EMB-500 Phenom 100,E50P,CAMEL2,0.47,3.2,402,402,224.0,True,False,-4.325,57.325,,,2026-06-13,24.6
43c8d5:2026-06-18T14:07:50Z,SC_Highlands,mil_state,ZM334,EMBRAER EMB-500 Phenom 100,E50P,CAMEL2,2.48,17.5,599,439,225.0,False,False,-3.55,56.413,,,2026-06-13,107.3
43c8d7:2026-06-18T14:03:09Z,SC_Highlands,mil_state,ZM336,EMBRAER EMB-500 Phenom 100,E50P,CAMEL1,0.8,5.4,619,493,221.0,False,False,-3.933,57.35,,EGYD,2026-06-13,3.3
43c8d7:2026-06-18T14:03:09Z,SC_Highlands,mil_state,ZM336,EMBRAER EMB-500 Phenom 100,E50P,CAMEL1,1.13,8.2,601,471,222.0,False,False,-4.167,57.267,,EGYD,2026-06-13,18.4
43c8d7:2026-06-18T14:03:09Z,SC_Highlands,mil_state,ZM336,EMBRAER EMB-500 Phenom 100,E50P,CAMEL1,2.49,16.1,612,513,220.0,False,False,-3.55,56.428,,EGYD,2026-06-13,104.4
43c8d5:2026-06-18T09:49:06Z,SC_Highlands,mil_state,ZM334,EMBRAER EMB-500 Phenom 100,E50P,CAMEL1,0.2,1.2,673,673,195.0,False,False,-3.55,56.3,EGYD,,2026-06-13,129.1
406de9:2026-06-17T18:43:51Z,SC_Highlands,rotorcraft,G-MCGT,AGUSTA AW-189,A189,SRD853,1.24,18.5,582,407,127.0,False,False,-4.3,57.367,,,2026-06-13,1.7
40108e:2026-06-17T14:33:19Z,SC_Highlands,rotorcraft,G-NESH,ROBINSON R-44 Raven,R44,GNESH,2.67,9.6,592,495,114.0,False,False,-3.595,56.425,,EGNT,2026-06-13,3.6
40108e:2026-06-17T14:33:19Z,SC_Highlands,rotorcraft,G-NESH,ROBINSON R-44 Raven,R44,GNESH,0.73,2.8,511,511,126.0,False,False,-3.45,56.5,,EGNT,2026-06-13,16.3
40108e:2026-06-17T14:21:53Z,SC_Highlands,rotorcraft,G-NESH,ROBINSON R-44 Raven,R44,GNESH,2.39,16.2,565,443,87.0,False,False,-3.556,56.4,EGPT,,2026-06-13,4.8
40108e:2026-06-17T14:21:53Z,SC_Highlands,rotorcraft,G-NESH,ROBINSON R-44 Raven,R44,GNESH,0.29,0.9,652,652,92.0,False,False,-3.65,56.4,EGPT,,2026-06-13,0.5
402a5f:2026-06-17T13:21:52Z,SC_Highlands,civ_ga,G-BOAH,PIPER PA-28-140/150/160/180,P28A,GBOAH,0.44,1.3,629,629,96.0,True,False,-3.65,56.55,EGPT,EGPT,2026-06-13,20.1
402a5f:2026-06-17T13:21:52Z,SC_Highlands,civ_ga,G-BOAH,PIPER PA-28-140/150/160/180,P28A,GBOAH,1.96,5.7,370,223,86.0,True,False,-3.645,56.5,EGPT,EGPT,2026-06-13,16.6
406de9:2026-06-16T17:58:55Z,SC_Highlands,rotorcraft,G-MCGT,AGUSTA AW-189,A189,SRG853A,4.77,18.8,611,590,,False,False,-4.9,57.325,,,2026-06-13,10.8
406de9:2026-06-16T09:11:28Z,SC_Highlands,rotorcraft,G-MCGT,AGUSTA AW-189,A189,SRG853A,1.72,7.0,610,610,122.0,False,False,-4.35,57.35,,,2026-06-13,3.5
4077c8:2026-06-15T14:12:33Z,SC_Highlands,rotorcraft,G-ISAS,AIRBUS HELICOPTERS EC-145,EC45,HLE02,0.65,2.7,492,492,138.0,False,False,-4.4,57.35,,,2026-06-13,1.4
406ded:2026-06-15T08:27:09Z,SC_Highlands,rotorcraft,G-MCGX,AGUSTA AW-189,A189,SRD851,3.86,15.0,452,262,123.0,False,False,-4.486,57.429,,,2026-06-13,12.3
403faf:2026-06-14T10:34:08Z,SC_Highlands,civ_ga,G-EPTR,PIPER PA-28R-180/200/201,P28R,GEPTR,0.38,1.0,582,582,89.0,True,False,-3.6,56.35,EGPT,EGPT,2026-06-13,13.1
403faf:2026-06-13T13:23:14Z,SC_Highlands,civ_ga,G-EPTR,PIPER PA-28R-180/200/201,P28R,GEPTR,1.37,3.7,572,337,98.0,True,True,-3.6,56.4,EGPT,EGPT,2026-06-13,12.0
4079b3:2026-07-03T10:59:46Z,SC_Highlands,rotorcraft,G-RNGS,AIRBUS HELICOPTERS EC-145,EC45,CASTLE29,0.42,1.6,584,584,116.0,False,False,-6.2,57.3,,,2026-06-27,2.1
4077c8:2026-07-02T13:29:20Z,SC_Highlands,rotorcraft,G-ISAS,AIRBUS HELICOPTERS EC-145,EC45,HLE02,1.17,4.3,551,551,119.0,True,False,-3.55,56.6,,,2026-06-27,83.8
40820a:2026-07-02T12:30:24Z,SC_Highlands,rotorcraft,G-KLCK,AEROSPATIALE AS-350 Ecureuil,AS50,OOK03,1.46,5.7,534,534,129.0,True,True,-3.9,56.5,,EGPJ,2026-06-27,12.4
4079b3:2026-07-02T10:17:47Z,SC_Highlands,rotorcraft,G-RNGS,AIRBUS HELICOPTERS EC-145,EC45,CASTLE29,0.46,1.7,482,476,129.0,False,False,-6.1,57.35,,,2026-06-27,0.7
406ded:2026-07-01T22:41:10Z,SC_Highlands,rotorcraft,G-MCGX,AGUSTA AW-189,A189,SRG851E,1.51,5.9,604,604,118.0,False,False,-3.975,57.3,,,2026-06-27,1.6
406ded:2026-07-01T21:36:23Z,SC_Highlands,rotorcraft,G-MCGX,AGUSTA AW-189,A189,SRG851A,0.8,3.0,633,633,114.0,True,False,-4.05,57.35,,,2026-06-27,12.2
406ded:2026-07-01T21:36:23Z,SC_Highlands,rotorcraft,G-MCGX,AGUSTA AW-189,A189,SRG851A,0.17,0.6,525,338,112.0,False,False,-3.95,57.25,,,2026-06-27,0.2
406ded:2026-07-01T17:19:46Z,SC_Highlands,rotorcraft,G-MCGX,AGUSTA AW-189,A189,SRD851,1.12,5.0,498,498,144.0,False,False,-3.95,57.3,,,2026-06-27,2.5
406ded:2026-07-01T17:19:46Z,SC_Highlands,rotorcraft,G-MCGX,AGUSTA AW-189,A189,SRD851,0.86,3.8,472,472,140.0,False,False,-4.1,57.45,,,2026-06-27,2.2
406ded:2026-07-01T14:06:47Z,SC_Highlands,rotorcraft,G-MCGX,AGUSTA AW-189,A189,SRD851,4.75,27.5,390,158,114.0,False,False,-4.021,57.336,,,2026-06-27,7.4
4079b3:2026-07-01T08:38:18Z,SC_Highlands,rotorcraft,G-RNGS,AIRBUS HELICOPTERS EC-145,EC45,CASTLE29,0.05,0.2,690,690,120.0,False,False,-6.2,57.25,,,2026-06-27,2.6
406ded:2026-06-30T14:03:03Z,SC_Highlands,rotorcraft,G-MCGX,AGUSTA AW-189,A189,SRD851,1.45,4.7,567,347,103.0,False,False,-4.05,57.4,,,2026-06-27,6.9
406ded:2026-06-30T14:03:03Z,SC_Highlands,rotorcraft,G-MCGX,AGUSTA AW-189,A189,SRD851,0.89,3.1,570,462,101.0,True,False,-3.95,57.275,,,2026-06-27,15.0
40762d:2026-06-30T13:51:16Z,SC_Highlands,rotorcraft,G-TSBY,ROBINSON R-44 Raven,R44,GTSBY,2.16,6.4,583,132,104.0,False,False,-4.025,57.4,,EGPT,2026-06-27,8.2
40762d:2026-06-30T13:51:16Z,SC_Highlands,rotorcraft,G-TSBY,ROBINSON R-44 Raven,R44,GTSBY,1.01,3.0,607,607,98.0,True,False,-3.525,56.5,,EGPT,2026-06-27,10.9
406f12:2026-06-30T11:31:20Z,SC_Highlands,rotorcraft,G-LINZ,ROBINSON R-44 Raven,R44,GLINZ,0.57,1.7,663,650,95.0,True,False,-3.55,56.4,,EGPT,2026-06-27,10.4
406f12:2026-06-30T11:31:20Z,SC_Highlands,rotorcraft,G-LINZ,ROBINSON R-44 Raven,R44,GLINZ,0.22,0.7,677,677,95.0,True,False,-3.6,56.4,,EGPT,2026-06-27,12.8
406f12:2026-06-30T08:37:59Z,SC_Highlands,rotorcraft,G-LINZ,ROBINSON R-44 Raven,R44,GLINZ,2.1,6.6,645,645,103.0,True,False,-3.59,56.44,,EGPS,2026-06-27,56.0
406f12:2026-06-30T08:37:59Z,SC_Highlands,rotorcraft,G-LINZ,ROBINSON R-44 Raven,R44,GLINZ,2.04,6.5,601,515,101.0,False,False,-3.48,56.49,,EGPS,2026-06-27,63.9
407fc6:2026-06-29T09:03:41Z,SC_Highlands,civ_ga,G-CMOF,TECNAM P-2002 Sierra,SIRA,GCMOF,0.19,0.2,699,699,82.0,True,True,-3.6,56.4,EGPT,EGPT,2026-06-27,12.3
407fc6:2026-06-29T09:03:41Z,SC_Highlands,civ_ga,G-CMOF,TECNAM P-2002 Sierra,SIRA,GCMOF,1.71,5.0,691,691,56.0,True,True,-3.57,56.37,EGPT,EGPT,2026-06-27,11.1
407d99:2026-06-27T16:51:13Z,SC_Highlands,rotorcraft,G-JFPG,AGUSTA AW-109 Grand,A109,EDY06,0.38,1.5,650,650,111.0,True,True,-3.7,56.45,,,2026-06-27,38.8
406ded:2026-06-27T10:47:54Z,SC_Highlands,rotorcraft,G-MCGX,AGUSTA AW-189,A189,SRD851,0.44,1.9,680,680,138.0,False,False,-4.25,57.35,,,2026-06-27,7.4
3dd37c:2026-06-27T09:26:49Z,SC_Highlands,rotorcraft,D-HAIM,ROBINSON R-66,R66,DHAIM,1.0,2.8,365,191,87.0,True,False,-4.35,57.4,,EGPN,2026-06-27,10.8
3dd37c:2026-06-27T09:26:49Z,SC_Highlands,rotorcraft,D-HAIM,ROBINSON R-66,R66,DHAIM,0.83,2.4,432,432,121.0,True,False,-4.0,57.4,,EGPN,2026-06-27,27.4
3dd37c:2026-06-27T09:26:49Z,SC_Highlands,rotorcraft,D-HAIM,ROBINSON R-66,R66,DHAIM,1.68,4.6,521,390,87.0,False,False,-3.925,57.35,,EGPN,2026-06-27,33.8
406de9:2026-06-27T08:33:18Z,SC_Highlands,rotorcraft,G-MCGT,AGUSTA AW-189,A189,SRD851,1.27,4.2,443,443,101.0,False,False,-4.35,57.35,,,2026-06-27,2.1
407ded:2026-07-17T15:19:58Z,SC_Highlands,rotorcraft,G-LOGI,ROBINSON R-66,R66,GLOGI,4.97,14.3,573,432,94.0,False,False,-3.586,56.386,EGCM,,2026-07-11,6.7
4079b3:2026-07-17T12:24:30Z,SC_Highlands,rotorcraft,G-RNGS,AIRBUS HELICOPTERS EC-145,EC45,CASTLE16,0.47,1.7,638,638,116.0,False,False,-6.2,57.3,,,2026-07-11,6.1
403faf:2026-07-17T10:11:20Z,SC_Highlands,civ_ga,G-EPTR,PIPER PA-28R-180/200/201,P28R,GEPTR,0.16,0.6,619,619,91.0,True,True,-3.5,56.55,EGPT,EGPT,2026-07-11,16.0
403faf:2026-07-17T10:11:20Z,SC_Highlands,civ_ga,G-EPTR,PIPER PA-28R-180/200/201,P28R,GEPTR,1.26,4.2,538,427,91.0,True,True,-3.467,56.6,EGPT,EGPT,2026-07-11,20.9
403faf:2026-07-17T10:11:20Z,SC_Highlands,civ_ga,G-EPTR,PIPER PA-28R-180/200/201,P28R,GEPTR,0.13,0.4,421,421,91.0,True,True,-3.55,56.4,EGPT,EGPT,2026-07-11,8.5
406de5:2026-07-17T09:22:18Z,SC_Highlands,rotorcraft,G-MCGO,AGUSTA AW-149,A149,SRD851,1.27,4.9,426,426,125.0,False,False,-4.35,57.4,,,2026-07-11,2.4
43c5e7:2026-07-16T15:34:28Z,SC_Highlands,other,ZM413,AIRBUS A-400M,A400,JDGMT85,0.99,5.3,480,323,,True,True,-3.975,56.95,EGVN,EGVN,2026-07-11,602.3
406c8e:2026-07-16T15:07:48Z,SC_Highlands,rotorcraft,G-MCGG,SIKORSKY S-92 Helibus,S92,SRG948,1.38,8.0,538,401,104.0,False,False,-6.2,57.287,,,2026-07-11,1.3
40820a:2026-07-16T14:37:47Z,SC_Highlands,rotorcraft,G-KLCK,AEROSPATIALE AS-350 Ecureuil,AS50,OOK03,0.62,2.2,581,581,118.0,True,False,-3.55,56.6,EGPJ,,2026-07-11,37.6
40820a:2026-07-16T14:37:47Z,SC_Highlands,rotorcraft,G-KLCK,AEROSPATIALE AS-350 Ecureuil,AS50,OOK03,1.4,5.2,688,682,122.0,True,False,-3.55,56.65,EGPJ,,2026-07-11,31.0
40820a:2026-07-16T14:37:47Z,SC_Highlands,rotorcraft,G-KLCK,AEROSPATIALE AS-350 Ecureuil,AS50,OOK03,1.77,6.0,515,419,112.0,False,False,-3.6,56.867,EGPJ,,2026-07-11,9.2
406c8e:2026-07-16T14:16:58Z,SC_Highlands,rotorcraft,G-MCGG,SIKORSKY S-92 Helibus,S92,SRD948,0.55,1.0,682,682,90.0,False,False,-6.2,57.25,,,2026-07-11,0.5
403faf:2026-07-16T12:13:30Z,SC_Highlands,civ_ga,G-EPTR,PIPER PA-28R-180/200/201,P28R,GEPTR,0.55,1.7,628,628,109.0,True,True,-4.05,56.85,EGPT,EGPT,2026-07-11,61.1
403faf:2026-07-16T12:13:30Z,SC_Highlands,civ_ga,G-EPTR,PIPER PA-28R-180/200/201,P28R,GEPTR,0.52,1.5,658,658,101.0,True,False,-3.65,56.4,EGPT,EGPT,2026-07-11,16.1
406de5:2026-07-16T11:03:03Z,SC_Highlands,rotorcraft,G-MCGO,AGUSTA AW-149,A149,SRD851,0.83,3.5,380,380,129.0,False,False,-4.025,57.45,,,2026-07-11,1.1
406c8e:2026-07-15T21:40:11Z,SC_Highlands,rotorcraft,G-MCGG,SIKORSKY S-92 Helibus,S92,SRG948,0.14,0.3,544,544,83.0,True,True,-3.7,57.05,,,2026-07-11,85.2
406de9:2026-07-15T21:05:01Z,SC_Highlands,rotorcraft,G-MCGT,AGUSTA AW-189,A189,SRG853A,2.23,7.4,303,1,87.0,True,False,-3.686,57.05,,,2026-07-11,10.3
4031ce:2026-07-15T13:00:42Z,SC_Highlands,civ_ga,G-BSLT,PIPER PA-28-140/150/160/180,P28A,GBSLT,2.42,5.5,195,195,84.0,True,False,-3.6,56.4,EGPT,EGPT,2026-07-11,12.4
408212:2026-07-15T12:19:02Z,SC_Highlands,rotorcraft,G-GDSP,,A109,NEVIS01,1.94,9.1,545,465,118.0,False,False,-4.29,57.35,,,2026-07-11,5.5
408212:2026-07-15T12:19:02Z,SC_Highlands,rotorcraft,G-GDSP,,A109,NEVIS01,0.14,0.4,662,662,103.0,False,False,-4.35,57.3,,,2026-07-11,0.2
43c8d8:2026-07-15T09:57:03Z,SC_Highlands,mil_state,ZM337,EMBRAER EMB-500 Phenom 100,E50P,CAMEL2,1.98,15.2,623,438,244.0,False,False,-3.6,56.47,EGYD,,2026-07-11,116.7
43c8d5:2026-07-15T09:56:27Z,SC_Highlands,mil_state,ZM334,EMBRAER EMB-500 Phenom 100,E50P,CAMEL1,0.79,5.9,628,605,,False,False,-3.55,56.35,EGYD,EGPK,2026-07-11,117.2
43c8d5:2026-07-15T09:56:27Z,SC_Highlands,mil_state,ZM334,EMBRAER EMB-500 Phenom 100,E50P,CAMEL1,0.76,5.4,696,643,,True,False,-3.6,56.45,EGYD,EGPK,2026-07-11,125.4
43c8d5:2026-07-15T09:56:27Z,SC_Highlands,mil_state,ZM334,EMBRAER EMB-500 Phenom 100,E50P,CAMEL1,0.08,0.6,696,696,211.0,False,False,-3.75,56.65,EGYD,EGPK,2026-07-11,141.4
43c5e3:2026-07-15T08:03:44Z,SC_Highlands,other,ZM409,AIRBUS A-400M,A400,DRDNT42,0.05,0.4,618,618,275.0,False,False,-4.45,56.9,EGVN,EGVN,2026-07-11,604.0
43c5e3:2026-07-15T08:03:44Z,SC_Highlands,other,ZM409,AIRBUS A-400M,A400,DRDNT42,0.77,6.6,537,510,276.0,False,False,-3.633,56.7,EGVN,EGVN,2026-07-11,570.6
43c5e3:2026-07-15T08:03:44Z,SC_Highlands,other,ZM409,AIRBUS A-400M,A400,DRDNT42,0.3,2.6,555,555,276.0,False,False,-3.5,56.8,EGVN,EGVN,2026-07-11,575.2
40820a:2026-07-14T18:45:45Z,SC_Highlands,rotorcraft,G-KLCK,AEROSPATIALE AS-350 Ecureuil,AS50,OOK03,0.68,2.7,672,672,116.0,False,False,-3.5,56.3,EGPJ,,2026-07-11,21.6
40820a:2026-07-14T18:45:45Z,SC_Highlands,rotorcraft,G-KLCK,AEROSPATIALE AS-350 Ecureuil,AS50,OOK03,1.17,4.6,687,610,116.0,True,False,-3.6,56.35,EGPJ,,2026-07-11,32.2
40820a:2026-07-14T18:45:45Z,SC_Highlands,rotorcraft,G-KLCK,AEROSPATIALE AS-350 Ecureuil,AS50,OOK03,0.59,2.3,697,697,120.0,True,True,-3.85,56.55,EGPJ,,2026-07-11,57.0
40820a:2026-07-14T18:45:45Z,SC_Highlands,rotorcraft,G-KLCK,AEROSPATIALE AS-350 Ecureuil,AS50,OOK03,0.45,1.6,471,471,124.0,True,True,-4.35,56.85,EGPJ,,2026-07-11,73.0
43c5e3:2026-07-14T17:25:07Z,SC_Highlands,other,ZM409,AIRBUS A-400M,A400,ASLAN73,2.62,21.5,546,376,143.0,True,False,-4.536,57.421,EGVN,EGVN,2026-07-11,661.7
405d8b:2026-07-14T14:40:55Z,SC_Highlands,other,G-CFJB,ROTORSPORT MTOSport,MT,GCFJB,4.64,5.8,380,199,,True,True,-3.51,56.495,EGPT,EGPT,2026-07-11,10.2
43c8d5:2026-07-14T14:12:31Z,SC_Highlands,mil_state,ZM334,EMBRAER EMB-500 Phenom 100,E50P,CAMEL2,1.44,9.5,614,441,220.0,False,False,-3.985,57.31,,EGYD,2026-07-11,3.7
43c8d5:2026-07-14T14:12:31Z,SC_Highlands,mil_state,ZM334,EMBRAER EMB-500 Phenom 100,E50P,CAMEL2,1.48,13.7,614,212,204.0,True,False,-4.043,57.064,,EGYD,2026-07-11,31.5
43c8d5:2026-07-14T14:12:31Z,SC_Highlands,mil_state,ZM334,EMBRAER EMB-500 Phenom 100,E50P,CAMEL2,0.76,5.0,661,649,210.0,True,False,-3.95,57.0,,EGYD,2026-07-11,39.2
43c8d5:2026-07-14T14:12:31Z,SC_Highlands,mil_state,ZM334,EMBRAER EMB-500 Phenom 100,E50P,CAMEL2,0.12,0.8,502,502,225.0,True,False,-3.85,56.55,,EGYD,2026-07-11,90.7
43c8d5:2026-07-14T14:12:31Z,SC_Highlands,mil_state,ZM334,EMBRAER EMB-500 Phenom 100,E50P,CAMEL2,0.6,3.6,534,534,225.0,True,False,-3.85,56.5,,EGYD,2026-07-11,96.0
43c8d5:2026-07-14T14:12:31Z,SC_Highlands,mil_state,ZM334,EMBRAER EMB-500 Phenom 100,E50P,CAMEL2,0.33,2.1,512,512,204.0,True,False,-3.8,56.4,,EGYD,2026-07-11,102.5
43c8d5:2026-07-14T14:12:31Z,SC_Highlands,mil_state,ZM334,EMBRAER EMB-500 Phenom 100,E50P,CAMEL2,1.13,7.0,596,491,203.0,False,False,-3.525,56.35,,EGYD,2026-07-11,114.1
43c8d8:2026-07-14T14:07:12Z,SC_Highlands,mil_state,ZM337,EMBRAER EMB-500 Phenom 100,E50P,CAMEL1,1.27,8.4,636,559,224.0,False,False,-4.008,57.317,,EGYD,2026-07-11,3.3
43c8d8:2026-07-14T14:07:12Z,SC_Highlands,mil_state,ZM337,EMBRAER EMB-500 Phenom 100,E50P,CAMEL1,0.12,1.9,484,484,216.0,True,False,-4.0,57.15,,EGYD,2026-07-11,24.6
43c8d8:2026-07-14T14:07:12Z,SC_Highlands,mil_state,ZM337,EMBRAER EMB-500 Phenom 100,E50P,CAMEL1,1.38,9.2,605,433,211.0,True,False,-4.05,57.042,,EGYD,2026-07-11,34.8
43c8d8:2026-07-14T14:07:12Z,SC_Highlands,mil_state,ZM337,EMBRAER EMB-500 Phenom 100,E50P,CAMEL1,2.77,18.0,616,385,216.0,False,False,-3.678,56.383,,EGYD,2026-07-11,108.9
408175:2026-07-14T12:34:42Z,SC_Highlands,civ_ga,G-ORAT,,PIVI,GORAT,1.24,4.3,689,689,104.0,True,True,-4.0,57.15,,,2026-07-11,22.1
408175:2026-07-14T12:34:42Z,SC_Highlands,civ_ga,G-ORAT,,PIVI,GORAT,1.22,4.3,415,371,121.0,False,False,-4.217,56.95,,,2026-07-11,1.7
406f12:2026-07-14T11:01:00Z,SC_Highlands,rotorcraft,G-LINZ,ROBINSON R-44 Raven,R44,GLINZ,0.82,2.6,694,694,104.0,True,False,-3.6,56.4,EGPT,,2026-07-11,12.4
406f12:2026-07-14T11:01:00Z,SC_Highlands,rotorcraft,G-LINZ,ROBINSON R-44 Raven,R44,GLINZ,0.34,0.9,494,494,99.0,True,False,-3.65,56.4,EGPT,,2026-07-11,15.5
406f12:2026-07-14T11:01:00Z,SC_Highlands,rotorcraft,G-LINZ,ROBINSON R-44 Raven,R44,GLINZ,5.68,17.2,575,463,89.0,False,False,-3.543,56.453,EGPT,,2026-07-11,11.0
43c5e3:2026-07-14T08:59:05Z,SC_Highlands,other,ZM409,AIRBUS A-400M,A400,JIGSAW95,0.12,1.0,653,603,271.0,False,False,-4.75,56.3,EGVN,EGVN,2026-07-11,549.2
43c5e3:2026-07-14T08:59:05Z,SC_Highlands,other,ZM409,AIRBUS A-400M,A400,JIGSAW95,1.09,9.1,551,354,273.0,True,False,-4.181,56.994,EGVN,EGVN,2026-07-11,608.2
43c5e3:2026-07-14T08:59:05Z,SC_Highlands,other,ZM409,AIRBUS A-400M,A400,JIGSAW95,0.35,2.6,355,355,273.0,True,False,-4.0,56.95,EGVN,EGVN,2026-07-11,602.5
43c5e3:2026-07-14T08:59:05Z,SC_Highlands,other,ZM409,AIRBUS A-400M,A400,JIGSAW95,0.08,0.3,293,293,125.0,True,False,-3.9,56.95,EGVN,EGVN,2026-07-11,599.3
43c5e3:2026-07-14T08:59:05Z,SC_Highlands,other,ZM409,AIRBUS A-400M,A400,JIGSAW95,1.85,15.4,463,366,268.0,False,False,-3.595,56.441,EGVN,EGVN,2026-07-11,539.5
43c5e7:2026-07-14T08:35:02Z,SC_Highlands,other,ZM413,AIRBUS A-400M,A400,NAPER72,0.66,5.5,421,283,292.0,True,True,-6.1,57.388,EGVN,EGVN,2026-07-11,692.3
43c5e7:2026-07-14T08:35:02Z,SC_Highlands,other,ZM413,AIRBUS A-400M,A400,NAPER72,0.25,2.4,491,491,271.0,True,True,-6.2,57.475,EGVN,EGVN,2026-07-11,703.1
406f12:2026-07-13T14:42:48Z,SC_Highlands,rotorcraft,G-LINZ,ROBINSON R-44 Raven,R44,GLINZ,0.29,0.8,679,679,91.0,False,False,-3.575,56.4,EGPG,EGPT,2026-07-11,11.6
406f12:2026-07-13T14:42:48Z,SC_Highlands,rotorcraft,G-LINZ,ROBINSON R-44 Raven,R44,GLINZ,0.81,11.3,603,471,91.0,False,False,-3.55,56.4,EGPG,EGPT,2026-07-11,9.3
43c5e3:2026-07-13T12:33:29Z,SC_Highlands,other,ZM409,AIRBUS A-400M,A400,JGSAW94,1.01,8.2,614,362,268.0,True,False,-4.607,57.371,EGVN,EGVN,2026-07-11,656.7
43c5e3:2026-07-13T12:33:29Z,SC_Highlands,other,ZM409,AIRBUS A-400M,A400,JGSAW94,0.51,3.3,468,457,270.0,True,False,-4.55,57.475,EGVN,EGVN,2026-07-11,666.5
43c5e3:2026-07-13T12:33:29Z,SC_Highlands,other,ZM409,AIRBUS A-400M,A400,JGSAW94,0.14,1.0,348,348,233.0,False,False,-6.2,57.25,EGVN,EGVN,2026-07-11,683.5
405051:2026-07-13T11:43:13Z,SC_Highlands,civ_ga,G-HAMR,PIPER PA-28-140/150/160/180,P28A,GHAMR,0.16,0.5,537,455,108.0,True,True,-4.1,56.65,EGPT,EGPT,2026-07-11,50.6
406de5:2026-07-13T09:23:58Z,SC_Highlands,rotorcraft,G-MCGO,AGUSTA AW-149,A149,SRD851,0.83,2.0,346,297,122.0,True,False,-6.15,57.25,,,2026-07-11,110.7
406de5:2026-07-13T09:23:58Z,SC_Highlands,rotorcraft,G-MCGO,AGUSTA AW-149,A149,SRD851,1.13,4.2,525,525,114.0,True,False,-4.675,57.35,,,2026-07-11,28.1
4077c8:2026-07-13T01:41:44Z,SC_Highlands,rotorcraft,G-ISAS,AIRBUS HELICOPTERS EC-145,EC45,HLE02,0.36,1.4,498,498,126.0,False,False,-3.5,57.3,,,2026-07-11,4.9
4077c8:2026-07-12T19:12:20Z,SC_Highlands,rotorcraft,G-ISAS,AIRBUS HELICOPTERS EC-145,EC45,HLE02,1.58,5.9,651,472,119.0,False,False,-4.05,57.425,,,2026-07-11,2.0
4077c8:2026-07-12T19:12:20Z,SC_Highlands,rotorcraft,G-ISAS,AIRBUS HELICOPTERS EC-145,EC45,HLE02,0.38,1.4,686,686,128.0,True,False,-4.25,57.05,,,2026-07-11,43.3
4077c8:2026-07-12T19:12:20Z,SC_Highlands,rotorcraft,G-ISAS,AIRBUS HELICOPTERS EC-145,EC45,HLE02,0.56,2.1,572,572,128.0,True,True,-4.35,56.85,,,2026-07-11,67.9
406de5:2026-07-12T15:59:33Z,SC_Highlands,rotorcraft,G-MCGO,AGUSTA AW-149,A149,SRG851A,17.87,12.9,328,-20,74.0,True,True,-4.101,56.65,,EGPN,2026-07-11,67.2
406de9:2026-07-12T15:18:11Z,SC_Highlands,rotorcraft,G-MCGT,AGUSTA AW-189,A189,SRG853A,0.51,4.1,395,347,85.0,False,False,-4.0,57.15,,,2026-07-11,3.2
406de9:2026-07-12T15:18:11Z,SC_Highlands,rotorcraft,G-MCGT,AGUSTA AW-189,A189,SRG853A,2.53,8.9,485,325,117.0,True,False,-4.112,57.337,,,2026-07-11,13.0
407155:2026-07-12T13:03:35Z,SC_Highlands,rotorcraft,G-MCSC,AGUSTA AW-139,A139,ULR1,1.82,10.6,533,479,115.0,True,False,-4.125,57.4,EGPD,EGPD,2026-07-11,112.8
407155:2026-07-12T13:03:35Z,SC_Highlands,rotorcraft,G-MCSC,AGUSTA AW-139,A139,ULR1,0.41,1.4,659,659,125.0,True,False,-4.0,57.35,EGPD,EGPD,2026-07-11,105.5
407155:2026-07-12T13:03:35Z,SC_Highlands,rotorcraft,G-MCSC,AGUSTA AW-139,A139,ULR1,0.22,0.8,624,624,112.0,True,False,-3.95,57.3,EGPD,EGPD,2026-07-11,101.4
406de9:2026-07-12T12:31:46Z,SC_Highlands,rotorcraft,G-MCGT,AGUSTA AW-189,A189,SRD853,2.04,8.4,384,266,120.0,True,False,-4.18,57.29,,,2026-07-11,22.0
406de9:2026-07-12T12:31:46Z,SC_Highlands,rotorcraft,G-MCGT,AGUSTA AW-189,A189,SRD853,0.69,2.9,566,566,132.0,True,False,-4.05,57.2,,,2026-07-11,11.2
406de9:2026-07-12T12:31:46Z,SC_Highlands,rotorcraft,G-MCGT,AGUSTA AW-189,A189,SRD853,0.54,5.2,347,330,94.0,True,False,-4.0,57.15,,,2026-07-11,3.1
43ea7c:2026-07-11T16:41:46Z,SC_Highlands,rotorcraft,M-SHRM,AGUSTA AW-139,A139,MSHRM,0.66,8.8,448,448,143.0,False,False,-4.35,57.5,,,2026-07-11,1.6
43ea7c:2026-07-11T15:58:12Z,SC_Highlands,rotorcraft,M-SHRM,AGUSTA AW-139,A139,MSHRM,0.52,9.9,420,420,113.0,False,False,-4.4,57.5,,,2026-07-11,0.9
43ea7c:2026-07-11T13:43:28Z,SC_Highlands,rotorcraft,M-SHRM,AGUSTA AW-139,A139,MSHRM,1.72,12.0,244,244,137.0,False,False,-4.4,57.5,,,2026-07-11,3.4
43ea7c:2026-07-11T10:40:52Z,SC_Highlands,rotorcraft,M-SHRM,AGUSTA AW-139,A139,MSHRM,0.82,7.7,492,492,111.0,False,False,-4.35,57.5,,,2026-07-11,1.4
40682b:2026-07-31T15:33:47Z,SC_Highlands,rotorcraft,G-PSCA,AIRBUS HELICOPTERS EC-135/635,EC35,HMD76,1.17,3.9,523,523,87.0,False,False,-3.5,56.5,,EGPN,2026-07-25,1.4
406de5:2026-07-30T13:44:44Z,SC_Highlands,rotorcraft,G-MCGO,AGUSTA AW-149,A149,SRD851,0.42,1.8,667,667,90.0,True,False,-4.35,57.4,,,2026-07-25,8.6
408212:2026-07-30T13:31:49Z,SC_Highlands,rotorcraft,G-GDSP,,A109,NEVIS01,0.22,0.8,544,544,124.0,True,False,-6.2,57.25,,,2026-07-25,11.3
408212:2026-07-30T13:31:49Z,SC_Highlands,rotorcraft,G-GDSP,,A109,NEVIS01,0.13,0.3,676,676,101.0,False,False,-4.45,57.4,,,2026-07-25,0.1
896c59:2026-07-30T10:35:10Z,SC_Highlands,rotorcraft,2020,AGUSTA AW-139,A139,UAF2020,0.18,0.7,611,611,124.0,True,True,-3.85,56.45,EGNT,,2026-07-25,67.8
896c59:2026-07-30T10:35:10Z,SC_Highlands,rotorcraft,2020,AGUSTA AW-139,A139,UAF2020,1.11,4.4,601,310,124.0,True,True,-3.9,56.475,EGNT,,2026-07-25,62.2
4077c8:2026-07-29T19:12:12Z,SC_Highlands,rotorcraft,G-ISAS,AIRBUS HELICOPTERS EC-145,EC45,HLE02,0.58,1.9,376,336,97.0,False,False,-4.05,57.4,,EGPF,2026-07-25,6.0
4077c8:2026-07-29T19:12:12Z,SC_Highlands,rotorcraft,G-ISAS,AIRBUS HELICOPTERS EC-145,EC45,HLE02,0.22,0.8,415,415,118.0,True,False,-4.05,57.4,,EGPF,2026-07-25,8.9
4077c8:2026-07-29T19:12:12Z,SC_Highlands,rotorcraft,G-ISAS,AIRBUS HELICOPTERS EC-145,EC45,HLE02,0.07,0.2,487,487,117.0,True,False,-4.1,57.3,,EGPF,2026-07-25,16.0
4077c8:2026-07-29T19:12:12Z,SC_Highlands,rotorcraft,G-ISAS,AIRBUS HELICOPTERS EC-145,EC45,HLE02,1.93,5.3,559,402,82.0,True,False,-4.1,57.3,,EGPF,2026-07-25,17.3
40820a:2026-07-29T14:01:56Z,SC_Highlands,rotorcraft,G-KLCK,AEROSPATIALE AS-350 Ecureuil,AS50,OOK03,0.91,3.2,292,292,106.0,False,True,-4.85,57.35,,,2026-07-25,5.1
406de5:2026-07-29T13:41:46Z,SC_Highlands,rotorcraft,G-MCGO,AGUSTA AW-149,A149,SRD851,0.37,1.3,532,532,114.0,False,False,-4.15,57.3,,,2026-07-25,0.7
406de5:2026-07-29T13:41:46Z,SC_Highlands,rotorcraft,G-MCGO,AGUSTA AW-149,A149,SRD851,2.03,22.2,577,454,142.0,False,False,-4.275,57.365,,,2026-07-25,12.5
406de5:2026-07-29T12:33:08Z,SC_Highlands,rotorcraft,G-MCGO,AGUSTA AW-149,A149,SRD851,3.42,14.3,544,288,100.0,False,False,-4.05,57.35,,,2026-07-25,5.9
4031ce:2026-07-29T11:41:34Z,SC_Highlands,civ_ga,G-BSLT,PIPER PA-28-140/150/160/180,P28A,GBSLT,0.44,1.4,604,604,101.0,True,True,-3.7,56.425,EGPT,EGPT,2026-07-25,17.8
406de5:2026-07-28T21:00:22Z,SC_Highlands,rotorcraft,G-MCGO,AGUSTA AW-149,A149,SRG851A,0.31,1.0,653,653,99.0,True,True,-4.15,57.05,,,2026-07-25,43.5
406de5:2026-07-28T21:00:22Z,SC_Highlands,rotorcraft,G-MCGO,AGUSTA AW-149,A149,SRG851A,1.44,5.5,634,339,137.0,True,True,-3.983,57.15,,,2026-07-25,34.4
40820a:2026-07-28T11:28:10Z,SC_Highlands,rotorcraft,G-KLCK,AEROSPATIALE AS-350 Ecureuil,AS50,OOK03,0.47,1.4,444,313,91.0,True,False,-3.7,56.55,EGPJ,,2026-07-25,53.6
40820a:2026-07-28T11:28:10Z,SC_Highlands,rotorcraft,G-KLCK,AEROSPATIALE AS-350 Ecureuil,AS50,OOK03,1.91,6.9,584,420,114.0,True,False,-4.1,56.925,EGPJ,,2026-07-25,70.9
40820a:2026-07-28T11:28:10Z,SC_Highlands,rotorcraft,G-KLCK,AEROSPATIALE AS-350 Ecureuil,AS50,OOK03,2.53,14.0,614,593,118.0,True,False,-4.275,57.375,EGPJ,,2026-07-25,22.4
406f12:2026-07-28T11:15:54Z,SC_Highlands,rotorcraft,G-LINZ,ROBINSON R-44 Raven,R44,GLINZ,3.09,7.2,648,648,79.0,True,False,-3.6,56.4,EGPT,,2026-07-25,11.8
4079b3:2026-07-28T10:02:18Z,SC_Highlands,rotorcraft,G-RNGS,AIRBUS HELICOPTERS EC-145,EC45,CASTLE08,0.25,0.7,658,658,95.0,False,False,-6.2,57.3,,,2026-07-25,4.2
406de5:2026-07-27T14:46:21Z,SC_Highlands,rotorcraft,G-MCGO,AGUSTA AW-149,A149,SRD851,0.21,9.4,293,132,94.0,False,False,-3.95,57.0,,,2026-07-25,0.3
406de5:2026-07-27T14:46:21Z,SC_Highlands,rotorcraft,G-MCGO,AGUSTA AW-149,A149,SRD851,2.97,10.5,604,340,114.0,True,False,-4.06,57.14,,,2026-07-25,17.5
406de5:2026-07-27T14:46:21Z,SC_Highlands,rotorcraft,G-MCGO,AGUSTA AW-149,A149,SRD851,1.89,5.8,562,366,116.0,True,False,-4.188,57.287,,,2026-07-25,11.9
406de5:2026-07-27T14:46:21Z,SC_Highlands,rotorcraft,G-MCGO,AGUSTA AW-149,A149,SRD851,1.28,4.1,693,679,108.0,False,False,-4.325,57.325,,,2026-07-25,1.8
406de5:2026-07-27T13:36:48Z,SC_Highlands,rotorcraft,G-MCGO,AGUSTA AW-149,A149,SRD851,2.39,10.5,511,383,131.0,True,False,-4.267,57.183,,,2026-07-25,33.3
406de5:2026-07-27T13:36:48Z,SC_Highlands,rotorcraft,G-MCGO,AGUSTA AW-149,A149,SRD851,0.64,1.6,401,401,106.0,False,False,-3.65,57.05,,,2026-07-25,3.8
406de5:2026-07-27T13:36:48Z,SC_Highlands,rotorcraft,G-MCGO,AGUSTA AW-149,A149,SRD851,0.42,0.8,559,559,106.0,False,False,-3.7,57.05,,,2026-07-25,0.4
4077c8:2026-07-27T13:20:12Z,SC_Highlands,rotorcraft,G-ISAS,AIRBUS HELICOPTERS EC-145,EC45,HLE02,0.62,11.7,664,556,96.0,False,False,-4.25,57.4,,EGEG,2026-07-25,10.7
406f12:2026-07-27T11:12:39Z,SC_Highlands,rotorcraft,G-LINZ,ROBINSON R-44 Raven,R44,GLINZ,0.54,6.0,694,671,116.0,True,False,-3.55,56.4,EGNY,EGPT,2026-07-25,10.2
406de5:2026-07-27T10:07:32Z,SC_Highlands,rotorcraft,G-MCGO,AGUSTA AW-149,A149,SRD851,0.08,5.4,400,307,107.0,False,False,-3.85,57.15,,,2026-07-25,0.2
406de5:2026-07-27T08:57:35Z,SC_Highlands,rotorcraft,G-MCGO,AGUSTA AW-149,A149,SRD851,2.35,20.0,454,226,111.0,False,False,-4.115,57.355,,,2026-07-25,12.2
406de5:2026-07-27T08:57:35Z,SC_Highlands,rotorcraft,G-MCGO,AGUSTA AW-149,A149,SRD851,0.4,1.5,277,277,113.0,True,False,-4.15,57.1,,,2026-07-25,16.1
406de5:2026-07-27T08:57:35Z,SC_Highlands,rotorcraft,G-MCGO,AGUSTA AW-149,A149,SRD851,0.34,6.9,394,200,102.0,False,False,-3.95,57.0,,,2026-07-25,0.6
403faf:2026-07-27T08:22:07Z,SC_Highlands,civ_ga,G-EPTR,PIPER PA-28R-180/200/201,P28R,GEPTR,1.11,3.1,211,211,87.0,True,True,-3.5,56.5,EGPT,EGPT,2026-07-25,9.4
407ded:2026-07-26T14:45:02Z,SC_Highlands,rotorcraft,G-LOGI,ROBINSON R-66,R66,GLOGI,5.4,15.4,528,392,79.0,False,False,-3.62,56.42,EGPT,,2026-07-25,3.2
407ded:2026-07-26T14:13:36Z,SC_Highlands,rotorcraft,G-LOGI,ROBINSON R-66,R66,GLOGI,1.45,4.8,405,405,94.0,False,False,-3.617,56.45,,EGPT,2026-07-25,2.4
408257:2026-07-26T12:03:09Z,SC_Highlands,rotorcraft,G-NSCA,AIRBUS HELICOPTERS EC-145,EC45,HLE79,0.13,7.4,249,230,116.0,True,True,-4.4,57.5,EGPD,EGPD,2026-07-25,134.7
40820a:2026-07-25T18:14:39Z,SC_Highlands,rotorcraft,G-KLCK,AEROSPATIALE AS-350 Ecureuil,AS50,OOK03,0.53,1.5,339,202,83.0,True,False,-3.7,57.05,,EGPJ,2026-07-25,13.4
40820a:2026-07-25T18:14:39Z,SC_Highlands,rotorcraft,G-KLCK,AEROSPATIALE AS-350 Ecureuil,AS50,OOK03,1.47,5.6,629,413,124.0,True,False,-3.6,56.825,,EGPJ,2026-07-25,36.8
4031ce:2026-07-25T14:53:57Z,SC_Highlands,civ_ga,G-BSLT,PIPER PA-28-140/150/160/180,P28A,GBSLT,3.18,6.4,475,246,4.0,True,True,-3.483,56.5,EGPT,EGPT,2026-07-25,12.2
40820a:2026-07-25T10:50:44Z,SC_Highlands,rotorcraft,G-KLCK,AEROSPATIALE AS-350 Ecureuil,AS50,OOK03,0.42,2.3,517,438,84.0,False,False,-3.6,57.15,,,2026-07-25,1.3
407fc6:2026-07-25T09:01:53Z,SC_Highlands,civ_ga,G-CMOF,TECNAM P-2002 Sierra,SIRA,GCMOF,0.84,2.3,571,571,122.0,True,True,-3.55,56.45,EGPT,EGPT,2026-07-25,10.6
407fc6:2026-07-25T09:01:53Z,SC_Highlands,civ_ga,G-CMOF,TECNAM P-2002 Sierra,SIRA,GCMOF,1.42,5.5,175,175,80.0,True,False,-3.55,56.45,EGPT,EGPT,2026-07-25,10.2
406de5:2026-07-25T04:40:02Z,SC_Highlands,rotorcraft,G-MCGO,AGUSTA AW-149,A149,SRG851A,0.42,4.6,320,320,88.0,False,False,-3.825,57.175,,,2026-07-25,1.9
406de5:2026-07-25T03:04:19Z,SC_Highlands,rotorcraft,G-MCGO,AGUSTA AW-149,A149,SRG851A,1.74,5.3,526,349,98.0,True,False,-4.0,57.375,,,2026-07-25,9.1
406de5:2026-07-25T03:04:19Z,SC_Highlands,rotorcraft,G-MCGO,AGUSTA AW-149,A149,SRG851A,2.63,8.1,549,466,98.0,True,True,-3.925,57.275,,,2026-07-25,14.5
406de5:2026-07-25T03:04:19Z,SC_Highlands,rotorcraft,G-MCGO,AGUSTA AW-149,A149,SRG851A,4.02,6.0,422,328,99.0,True,True,-3.85,57.15,,,2026-07-25,0.4
406de5:2026-07-25T03:04:19Z,SC_Highlands,rotorcraft,G-MCGO,AGUSTA AW-149,A149,SRG851A,0.34,0.8,380,380,83.0,False,False,-3.85,57.15,,,2026-07-25,0.3
406f2d:2025-05-27T21:06:59Z,W1_Snowdonia,rotorcraft,G-MCGZ,SIKORSKY S-92 Helibus,S92,SRD936,0.75,11.9,100,-121,71.0,False,False,-4.35,53.15,EGCK,EGCK,2025-05-24,9.3
406f2d:2025-05-27T21:06:59Z,W1_Snowdonia,rotorcraft,G-MCGZ,SIKORSKY S-92 Helibus,S92,SRD936,6.18,31.5,185,110,92.0,False,False,-4.568,53.1,EGCK,EGCK,2025-05-24,13.4
406ddb:2025-05-27T08:55:29Z,W1_Snowdonia,rotorcraft,G-MCGJ,SIKORSKY S-92 Helibus,S92,SRG936,1.91,18.9,622,512,110.0,False,False,-4.3,53.3,,EGCK,2025-05-24,9.5
406de8:2025-05-27T07:00:15Z,W1_Snowdonia,rotorcraft,G-MCGS,AGUSTA AW-189,A189,SRG187,1.25,5.2,608,386,145.0,False,False,-4.263,53.0,EGSY,,2025-05-24,13.2
407046:2025-05-26T15:21:33Z,W1_Snowdonia,rotorcraft,G-WYDN,AIRBUS HELICOPTERS EC-145,EC45,HLE61,1.49,4.4,662,615,96.0,True,False,-4.3,52.975,EGCK,EGCK,2025-05-24,12.6
406ddb:2025-05-25T18:24:07Z,W1_Snowdonia,rotorcraft,G-MCGJ,SIKORSKY S-92 Helibus,S92,SRD936,1.27,33.7,371,221,111.0,True,False,-4.575,52.912,EGCK,EGCK,2025-05-24,24.0
406ddb:2025-05-25T18:24:07Z,W1_Snowdonia,rotorcraft,G-MCGJ,SIKORSKY S-92 Helibus,S92,SRD936,2.21,22.7,696,468,79.0,True,False,-4.47,52.96,EGCK,EGCK,2025-05-24,13.9
407b77:2025-05-25T10:47:45Z,W1_Snowdonia,other,G-IANM,,GLID,GIANM,1.36,4.4,592,520,95.0,True,False,-3.3,53.117,,,2025-05-24,7.7
406ddb:2025-05-24T15:25:35Z,W1_Snowdonia,rotorcraft,G-MCGJ,SIKORSKY S-92 Helibus,S92,SRD936,9.28,51.9,196,15,63.0,False,False,-4.686,53.093,EGCK,EGCK,2025-05-24,21.4
407046:2025-06-20T16:49:43Z,W1_Snowdonia,rotorcraft,G-WYDN,AIRBUS HELICOPTERS EC-145,EC45,HLE61,0.79,26.2,455,-2,104.0,False,False,-4.05,53.2,EGCK,,2025-06-14,1.5
4077d7:2025-06-20T14:52:36Z,W1_Snowdonia,rotorcraft,G-ILLD,ROBINSON R-44 Raven,R44,GCRDL,0.81,1.8,539,448,85.0,False,False,-3.263,53.2,EGBW,,2025-06-14,0.7
43c8cb:2025-06-20T14:26:07Z,W1_Snowdonia,mil_state,ZM324,BEECHCRAFT T-6 Texan 2,TEX2,VYT88,0.01,0.1,469,469,233.0,True,False,-4.35,52.9,EGOV,EGOV,2025-06-14,38.1
43c8cb:2025-06-20T14:26:07Z,W1_Snowdonia,mil_state,ZM324,BEECHCRAFT T-6 Texan 2,TEX2,VYT88,0.97,7.6,268,188,259.0,True,False,-3.433,52.7,EGOV,EGOV,2025-06-14,93.9
43c8cb:2025-06-20T14:26:07Z,W1_Snowdonia,mil_state,ZM324,BEECHCRAFT T-6 Texan 2,TEX2,VYT88,0.41,24.3,381,283,249.0,True,True,-3.75,53.0,EGOV,EGOV,2025-06-14,58.1
43c8cd:2025-06-20T14:21:02Z,W1_Snowdonia,mil_state,ZM326,BEECHCRAFT T-6 Texan 2,TEX2,VYT70,2.83,22.3,262,165,254.0,True,True,-3.567,52.744,EGOV,EGOV,2025-06-14,85.3
43c8cd:2025-06-20T14:21:02Z,W1_Snowdonia,mil_state,ZM326,BEECHCRAFT T-6 Texan 2,TEX2,VYT70,1.48,12.1,250,217,243.0,True,True,-3.807,53.0,EGOV,EGOV,2025-06-14,55.8
43c8cd:2025-06-20T14:21:02Z,W1_Snowdonia,mil_state,ZM326,BEECHCRAFT T-6 Texan 2,TEX2,VYT70,0.74,5.6,291,291,254.0,True,True,-4.4,52.9,EGOV,EGOV,2025-06-14,35.4
43c8d1:2025-06-20T14:12:49Z,W1_Snowdonia,mil_state,ZM330,BEECHCRAFT T-6 Texan 2,TEX2,VYT89,0.76,6.1,379,200,231.0,True,True,-3.7,52.975,EGOV,EGOV,2025-06-14,61.9
43c8d1:2025-06-20T14:12:49Z,W1_Snowdonia,mil_state,ZM330,BEECHCRAFT T-6 Texan 2,TEX2,VYT89,0.72,5.6,309,147,141.0,True,True,-3.775,53.15,EGOV,EGOV,2025-06-14,51.5
43c8f1:2025-06-20T13:25:58Z,W1_Snowdonia,rotorcraft,ZM523,AIRBUS HELICOPTERS EC-135/635,EC35,SYS73,2.18,5.4,461,35,14.0,True,True,-4.0,53.15,,EGOS,2025-06-14,17.5
43c8f1:2025-06-20T12:28:43Z,W1_Snowdonia,rotorcraft,ZM523,AIRBUS HELICOPTERS EC-135/635,EC35,SYS73,1.21,14.6,324,-5,56.0,True,False,-4.225,53.05,EGCK,,2025-06-14,9.3
43c8e1:2025-06-20T12:09:24Z,W1_Snowdonia,rotorcraft,ZM507,AIRBUS HELICOPTERS EC-135/635,EC35,SYS92,0.38,1.2,652,652,102.0,False,False,-3.25,52.7,EGOS,EGOS,2025-06-14,36.4
43c922:2025-06-20T12:08:30Z,W1_Snowdonia,mil_state,ZM341,BEECHCRAFT T-6 Texan 2,TEX2,VYT06,1.74,14.0,380,377,260.0,True,True,-3.633,52.717,EGOV,EGOV,2025-06-14,84.0
43c8cf:2025-06-20T11:45:51Z,W1_Snowdonia,mil_state,ZM328,BEECHCRAFT T-6 Texan 2,TEX2,VYT73,0.09,0.7,289,289,262.0,True,True,-3.45,52.65,EGOV,EGOV,2025-06-14,98.4
43c8cf:2025-06-20T11:45:51Z,W1_Snowdonia,mil_state,ZM328,BEECHCRAFT T-6 Texan 2,TEX2,VYT73,1.69,13.5,323,158,271.0,True,True,-3.586,52.793,EGOV,EGOV,2025-06-14,80.6
43c8cf:2025-06-20T11:45:51Z,W1_Snowdonia,mil_state,ZM328,BEECHCRAFT T-6 Texan 2,TEX2,VYT73,0.01,13.0,314,192,258.0,True,True,-3.75,53.0,EGOV,EGOV,2025-06-14,58.7
43c8f9:2025-06-20T10:05:50Z,W1_Snowdonia,rotorcraft,ZM531,AIRBUS HELICOPTERS EC-135/635,EC35,SYS50,0.84,0.3,151,151,86.0,False,False,-3.45,52.65,EGOS,EGOS,2025-06-14,53.9
43c8d0:2025-06-20T09:42:21Z,W1_Snowdonia,mil_state,ZM329,BEECHCRAFT T-6 Texan 2,TEX2,VYT88,0.28,2.1,569,569,234.0,True,False,-4.35,52.9,EGOV,EGOV,2025-06-14,37.3
43c8d0:2025-06-20T09:42:21Z,W1_Snowdonia,mil_state,ZM329,BEECHCRAFT T-6 Texan 2,TEX2,VYT88,1.23,9.5,228,220,263.0,True,False,-3.467,52.717,EGOV,EGOV,2025-06-14,91.1
43c8d0:2025-06-20T09:42:21Z,W1_Snowdonia,mil_state,ZM329,BEECHCRAFT T-6 Texan 2,TEX2,VYT88,0.89,19.8,487,418,253.0,True,False,-3.75,52.98,EGOV,EGOV,2025-06-14,58.7
43c8d1:2025-06-20T09:38:26Z,W1_Snowdonia,mil_state,ZM330,BEECHCRAFT T-6 Texan 2,TEX2,RCKT1,0.13,1.0,621,621,243.0,True,True,-3.5,53.1,EGOV,EGOV,2025-06-14,70.5
43c8d1:2025-06-20T09:38:26Z,W1_Snowdonia,mil_state,ZM330,BEECHCRAFT T-6 Texan 2,TEX2,RCKT1,1.62,12.3,399,258,245.0,True,True,-3.761,53.139,EGOV,EGOV,2025-06-14,53.1
43c8d1:2025-06-20T09:38:26Z,W1_Snowdonia,mil_state,ZM330,BEECHCRAFT T-6 Texan 2,TEX2,RCKT1,0.21,1.6,316,316,230.0,True,True,-3.75,53.15,EGOV,EGOV,2025-06-14,53.0
43c8d1:2025-06-20T09:38:26Z,W1_Snowdonia,mil_state,ZM330,BEECHCRAFT T-6 Texan 2,TEX2,RCKT1,0.92,8.1,655,428,242.0,True,True,-3.775,53.15,EGOV,EGOV,2025-06-14,52.4
43c8dc:2025-06-20T09:09:23Z,W1_Snowdonia,rotorcraft,ZM502,AIRBUS HELICOPTERS EC-145,EC45,WWIND213,0.29,0.7,254,254,103.0,False,False,-4.75,53.4,,,2025-06-14,0.2
43c922:2025-06-20T07:22:32Z,W1_Snowdonia,mil_state,ZM341,BEECHCRAFT T-6 Texan 2,TEX2,VYT66,0.61,4.7,566,555,254.0,True,True,-3.525,53.1,EGOV,,2025-06-14,42.0
43c922:2025-06-20T07:22:32Z,W1_Snowdonia,mil_state,ZM341,BEECHCRAFT T-6 Texan 2,TEX2,VYT66,0.44,7.0,565,312,248.0,True,True,-3.79,53.14,EGOV,,2025-06-14,26.1
43c922:2025-06-20T07:22:32Z,W1_Snowdonia,mil_state,ZM341,BEECHCRAFT T-6 Texan 2,TEX2,VYT66,0.99,7.1,394,242,262.0,True,True,-3.767,53.167,EGOV,,2025-06-14,25.8
43c922:2025-06-20T07:22:32Z,W1_Snowdonia,mil_state,ZM341,BEECHCRAFT T-6 Texan 2,TEX2,VYT66,1.55,11.7,593,259,244.0,True,True,-3.75,53.142,EGOV,,2025-06-14,27.9
43c923:2025-06-19T14:54:33Z,W1_Snowdonia,mil_state,ZM342,BEECHCRAFT T-6 Texan 2,TEX2,VYT67,0.4,3.0,340,340,245.0,True,True,-3.5,53.1,EGOV,EGOV,2025-06-14,73.4
406ddb:2025-06-19T14:48:15Z,W1_Snowdonia,rotorcraft,G-MCGJ,SIKORSKY S-92 Helibus,S92,SRD936,1.62,6.0,661,569,123.0,True,False,-4.3,52.975,EGCK,,2025-06-14,12.5
406ddb:2025-06-19T14:48:15Z,W1_Snowdonia,rotorcraft,G-MCGJ,SIKORSKY S-92 Helibus,S92,SRD936,0.15,0.3,536,536,120.0,True,False,-4.15,52.95,EGCK,,2025-06-14,14.7
43c8cc:2025-06-19T12:45:04Z,W1_Snowdonia,mil_state,ZM325,BEECHCRAFT T-6 Texan 2,TEX2,VYT73,0.31,8.2,268,266,255.0,True,False,-3.8,53.15,EGOV,EGOV,2025-06-14,51.7
43c8cc:2025-06-19T12:45:04Z,W1_Snowdonia,mil_state,ZM325,BEECHCRAFT T-6 Texan 2,TEX2,VYT73,0.15,1.1,412,412,258.0,True,True,-3.75,52.95,EGOV,EGOV,2025-06-14,64.2
43c8cc:2025-06-19T12:45:04Z,W1_Snowdonia,mil_state,ZM325,BEECHCRAFT T-6 Texan 2,TEX2,VYT73,0.12,0.6,664,664,192.0,True,True,-3.95,52.85,EGOV,EGOV,2025-06-14,56.1
43c8f6:2025-06-19T12:26:22Z,W1_Snowdonia,rotorcraft,ZM528,AIRBUS HELICOPTERS EC-135/635,EC35,SYS50,0.76,2.4,689,689,84.0,False,False,-3.25,52.65,EGOS,EGOS,2025-06-14,40.4
43c923:2025-06-19T12:17:02Z,W1_Snowdonia,mil_state,ZM342,BEECHCRAFT T-6 Texan 2,TEX2,VYT79,0.84,8.9,467,363,249.0,True,False,-3.517,53.067,EGOV,EGOV,2025-06-14,71.1
43c8d0:2025-06-19T12:08:16Z,W1_Snowdonia,mil_state,ZM329,BEECHCRAFT T-6 Texan 2,TEX2,VYT81,0.12,0.9,370,370,241.0,True,False,-4.3,52.9,EGOV,EGOV,2025-06-14,38.5
43c8d0:2025-06-19T12:08:16Z,W1_Snowdonia,mil_state,ZM329,BEECHCRAFT T-6 Texan 2,TEX2,VYT81,0.49,3.7,472,472,245.0,True,True,-4.3,52.9,EGOV,EGOV,2025-06-14,38.0
43c8d0:2025-06-19T12:08:16Z,W1_Snowdonia,mil_state,ZM329,BEECHCRAFT T-6 Texan 2,TEX2,VYT81,0.25,1.8,463,389,230.0,True,True,-3.9,52.85,EGOV,EGOV,2025-06-14,58.8
43c8d0:2025-06-19T12:08:16Z,W1_Snowdonia,mil_state,ZM329,BEECHCRAFT T-6 Texan 2,TEX2,VYT81,0.04,0.3,436,436,267.0,True,True,-3.6,52.75,EGOV,EGOV,2025-06-14,81.6
43c8d0:2025-06-19T12:08:16Z,W1_Snowdonia,mil_state,ZM329,BEECHCRAFT T-6 Texan 2,TEX2,VYT81,0.93,19.1,380,214,242.0,True,True,-3.675,53.125,EGOV,EGOV,2025-06-14,60.1
43c8dc:2025-06-19T11:13:16Z,W1_Snowdonia,rotorcraft,ZM502,AIRBUS HELICOPTERS EC-145,EC45,WWIND206,6.19,6.4,189,14,103.0,True,False,-4.8,53.339,EGOV,EGOV,2025-06-14,20.3
43c8dc:2025-06-19T11:13:16Z,W1_Snowdonia,rotorcraft,ZM502,AIRBUS HELICOPTERS EC-145,EC45,WWIND206,6.22,34.8,64,39,18.0,False,False,-4.75,53.34,EGOV,EGOV,2025-06-14,17.4
43c923:2025-06-19T09:49:05Z,W1_Snowdonia,mil_state,ZM342,BEECHCRAFT T-6 Texan 2,TEX2,VYT60,0.06,0.5,698,698,248.0,True,False,-3.85,53.25,EGOV,EGOV,2025-06-14,47.2
43c923:2025-06-19T09:49:05Z,W1_Snowdonia,mil_state,ZM342,BEECHCRAFT T-6 Texan 2,TEX2,VYT60,0.09,15.3,393,284,256.0,True,False,-3.85,53.15,EGOV,EGOV,2025-06-14,47.4
43c8d0:2025-06-19T09:41:58Z,W1_Snowdonia,mil_state,ZM329,BEECHCRAFT T-6 Texan 2,TEX2,VYT06,0.55,4.1,352,352,236.0,False,False,-3.45,52.7,EGOV,,2025-06-14,61.7
43c8dc:2025-06-19T09:11:04Z,W1_Snowdonia,rotorcraft,ZM502,AIRBUS HELICOPTERS EC-145,EC45,WWIND212,0.5,19.8,136,136,109.0,False,False,-4.5,53.3,EGOV,EGOV,2025-06-14,9.0
43c92c:2025-06-19T08:37:40Z,W1_Snowdonia,rotorcraft,ZM498,AIRBUS HELICOPTERS EC-145,EC45,WWIND207,1.4,19.3,363,197,100.0,False,False,-4.6,53.4,EGOV,EGOV,2025-06-14,17.7
4081d6:2025-06-19T08:11:50Z,W1_Snowdonia,rotorcraft,G-OJDG,ROBINSON R-44 Raven,R44,GOJDG,2.33,7.3,657,657,107.0,True,False,-3.8,52.85,,,2025-06-14,53.4
406ddb:2025-06-18T17:32:51Z,W1_Snowdonia,rotorcraft,G-MCGJ,SIKORSKY S-92 Helibus,S92,SRD936,39.3,61.9,205,55,57.0,True,False,-4.561,52.955,EGCK,EGCK,2025-06-14,18.7
43c8d2:2025-06-18T14:55:44Z,W1_Snowdonia,mil_state,ZM331,BEECHCRAFT T-6 Texan 2,TEX2,VYT92,0.25,2.0,683,683,259.0,True,False,-4.25,53.3,EGOV,EGOV,2025-06-14,20.6
43c8d2:2025-06-18T14:55:44Z,W1_Snowdonia,mil_state,ZM331,BEECHCRAFT T-6 Texan 2,TEX2,VYT92,0.08,0.6,300,300,250.0,True,False,-3.55,53.15,EGOV,EGOV,2025-06-14,65.1
43c8d2:2025-06-18T14:55:44Z,W1_Snowdonia,mil_state,ZM331,BEECHCRAFT T-6 Texan 2,TEX2,VYT92,0.44,3.3,641,418,242.0,True,False,-3.725,53.2,EGOV,EGOV,2025-06-14,53.1
43c8d2:2025-06-18T14:55:44Z,W1_Snowdonia,mil_state,ZM331,BEECHCRAFT T-6 Texan 2,TEX2,VYT92,0.06,0.5,237,237,249.0,True,True,-3.6,53.1,EGOV,EGOV,2025-06-14,62.0
43c8d2:2025-06-18T14:55:44Z,W1_Snowdonia,mil_state,ZM331,BEECHCRAFT T-6 Texan 2,TEX2,VYT92,1.53,5.7,402,383,247.0,True,True,-3.74,52.95,EGOV,EGOV,2025-06-14,61.0
43c8d0:2025-06-18T14:51:14Z,W1_Snowdonia,mil_state,ZM329,BEECHCRAFT T-6 Texan 2,TEX2,VYT69,3.2,41.8,528,428,272.0,True,True,-3.414,53.371,EGOV,EGOV,2025-06-14,76.7
43c8d0:2025-06-18T14:51:14Z,W1_Snowdonia,mil_state,ZM329,BEECHCRAFT T-6 Texan 2,TEX2,VYT69,1.75,14.5,628,528,270.0,True,True,-4.225,53.388,EGOV,EGOV,2025-06-14,29.2
43c8cf:2025-06-18T14:43:30Z,W1_Snowdonia,mil_state,ZM328,BEECHCRAFT T-6 Texan 2,TEX2,SWIFT1,1.57,26.7,472,195,253.0,True,True,-3.75,53.12,EGOV,EGOV,2025-06-14,52.7
43c8e1:2025-06-18T14:43:25Z,W1_Snowdonia,rotorcraft,ZM507,AIRBUS HELICOPTERS EC-135/635,EC35,SYS62,0.39,1.1,476,476,93.0,True,True,-3.6,52.8,,EGOS,2025-06-14,60.7
407f8f:2025-06-18T13:15:57Z,W1_Snowdonia,civ_ga,G-CMNL,BEST OFF Sky Ranger,SKRA,GCMNL,2.41,7.4,251,154,71.0,True,True,-3.4,52.9,,,2025-06-14,110.3
407f8f:2025-06-18T13:15:57Z,W1_Snowdonia,civ_ga,G-CMNL,BEST OFF Sky Ranger,SKRA,GCMNL,3.79,7.2,405,154,67.0,True,False,-3.3,53.125,,,2025-06-14,83.0
43c8dc:2025-06-18T12:25:44Z,W1_Snowdonia,rotorcraft,ZM502,AIRBUS HELICOPTERS EC-145,EC45,WWIND212,21.16,23.6,176,49,52.0,True,False,-4.603,53.398,EGOV,EGOV,2025-06-14,17.9
43c8cc:2025-06-18T12:15:20Z,W1_Snowdonia,mil_state,ZM325,BEECHCRAFT T-6 Texan 2,TEX2,VYT81,0.36,2.9,684,684,257.0,True,False,-4.1,53.3,EGOV,EGOV,2025-06-14,30.0
43c8cc:2025-06-18T12:15:20Z,W1_Snowdonia,mil_state,ZM325,BEECHCRAFT T-6 Texan 2,TEX2,VYT81,0.41,3.1,313,313,251.0,True,False,-3.75,53.15,EGOV,EGOV,2025-06-14,52.2
43c8cc:2025-06-18T12:15:20Z,W1_Snowdonia,mil_state,ZM325,BEECHCRAFT T-6 Texan 2,TEX2,VYT81,0.31,2.5,315,315,254.0,True,False,-3.787,52.95,EGOV,EGOV,2025-06-14,58.3
43c8e0:2025-06-18T11:36:02Z,W1_Snowdonia,rotorcraft,ZM506,AIRBUS HELICOPTERS EC-135/635,EC35,SYS705,1.1,3.3,179,137,95.0,False,False,-3.267,52.7,EGOS,EGOS,2025-06-14,38.6
43c8e0:2025-06-18T11:36:02Z,W1_Snowdonia,rotorcraft,ZM506,AIRBUS HELICOPTERS EC-135/635,EC35,SYS705,3.42,9.9,442,103,107.0,True,False,-3.261,52.914,EGOS,EGOS,2025-06-14,40.7
43c8f7:2025-06-18T10:05:06Z,W1_Snowdonia,rotorcraft,ZM529,AIRBUS HELICOPTERS EC-135/635,EC35,SYS62,0.91,2.7,695,695,91.0,True,False,-3.375,52.7,EGOS,EGOS,2025-06-14,46.1
43c8cc:2025-06-18T10:01:19Z,W1_Snowdonia,mil_state,ZM325,BEECHCRAFT T-6 Texan 2,TEX2,VYT69,0.24,4.6,458,303,262.0,True,True,-3.25,53.15,EGOV,EGOV,2025-06-14,85.7
43c8cc:2025-06-18T10:01:19Z,W1_Snowdonia,mil_state,ZM325,BEECHCRAFT T-6 Texan 2,TEX2,VYT69,0.3,2.2,315,315,239.0,True,True,-3.55,53.1,EGOV,EGOV,2025-06-14,65.8
43c8d0:2025-06-18T09:55:44Z,W1_Snowdonia,mil_state,ZM329,BEECHCRAFT T-6 Texan 2,TEX2,VYT79,1.42,11.7,392,352,266.0,True,False,-3.771,52.929,EGOV,EGOV,2025-06-14,59.9
43c8d2:2025-06-18T09:29:32Z,W1_Snowdonia,mil_state,ZM331,BEECHCRAFT T-6 Texan 2,TEX2,VYT14,0.08,3.5,624,425,146.0,True,True,-3.7,53.0,EGOV,EGOV,2025-06-14,59.0
407046:2025-06-17T16:58:51Z,W1_Snowdonia,rotorcraft,G-WYDN,AIRBUS HELICOPTERS EC-145,EC45,HLE61,0.12,0.4,532,532,105.0,True,False,-3.55,53.15,,EGCK,2025-06-14,55.3
407046:2025-06-17T16:58:51Z,W1_Snowdonia,rotorcraft,G-WYDN,AIRBUS HELICOPTERS EC-145,EC45,HLE61,0.03,0.1,522,522,107.0,True,False,-3.65,53.15,,EGCK,2025-06-14,49.2
407046:2025-06-17T16:58:51Z,W1_Snowdonia,rotorcraft,G-WYDN,AIRBUS HELICOPTERS EC-145,EC45,HLE61,1.88,5.3,694,640,106.0,True,False,-3.95,53.2,,EGCK,2025-06-14,31.4
407046:2025-06-17T16:58:51Z,W1_Snowdonia,rotorcraft,G-WYDN,AIRBUS HELICOPTERS EC-145,EC45,HLE61,0.1,0.3,605,605,106.0,True,False,-4.05,53.2,,EGCK,2025-06-14,25.6
407046:2025-06-17T15:06:09Z,W1_Snowdonia,rotorcraft,G-WYDN,AIRBUS HELICOPTERS EC-145,EC45,HLE61,0.9,2.7,466,418,103.0,True,False,-3.4,52.7,EGCW,,2025-06-14,5.8
407046:2025-06-17T14:11:03Z,W1_Snowdonia,rotorcraft,G-WYDN,AIRBUS HELICOPTERS EC-145,EC45,HLE61,0.81,3.0,626,626,117.0,False,False,-3.367,52.733,,EGCW,2025-06-14,1.6
43c8e9:2025-06-17T14:04:29Z,W1_Snowdonia,rotorcraft,ZM515,AIRBUS HELICOPTERS EC-135/635,EC35,SYS62,0.5,1.6,491,491,94.0,True,False,-3.45,52.6,EGOS,EGOS,2025-06-14,53.6
407046:2025-06-17T13:33:11Z,W1_Snowdonia,rotorcraft,G-WYDN,AIRBUS HELICOPTERS EC-145,EC45,HLE61,1.97,6.1,641,470,94.0,True,False,-3.5,53.075,,,2025-06-14,16.8
407046:2025-06-17T13:33:11Z,W1_Snowdonia,rotorcraft,G-WYDN,AIRBUS HELICOPTERS EC-145,EC45,HLE61,0.5,4.8,590,230,107.0,True,False,-3.5,52.75,,,2025-06-14,5.5
407046:2025-06-17T11:00:18Z,W1_Snowdonia,rotorcraft,G-WYDN,AIRBUS HELICOPTERS EC-145,EC45,HLE61,0.86,3.6,634,634,136.0,False,False,-3.5,53.1,EGCK,,2025-06-14,4.1
43c8cc:2025-06-17T07:12:53Z,W1_Snowdonia,mil_state,ZM325,BEECHCRAFT T-6 Texan 2,TEX2,SWIFT2,0.13,1.0,627,586,263.0,False,False,-3.8,53.15,,EGOV,2025-06-14,0.4
43c8cc:2025-06-17T07:12:53Z,W1_Snowdonia,mil_state,ZM325,BEECHCRAFT T-6 Texan 2,TEX2,SWIFT2,1.62,11.4,549,207,210.0,True,False,-3.688,53.138,,EGOV,2025-06-14,4.9
43c8cc:2025-06-17T07:12:53Z,W1_Snowdonia,mil_state,ZM325,BEECHCRAFT T-6 Texan 2,TEX2,SWIFT2,1.36,11.0,504,307,265.0,True,False,-3.54,53.08,,EGOV,2025-06-14,17.4
43c923:2025-06-17T07:00:38Z,W1_Snowdonia,mil_state,ZM342,BEECHCRAFT T-6 Texan 2,TEX2,SWIFT1,0.98,11.7,274,274,238.0,True,True,-3.85,53.15,EGOV,EGOV,2025-06-14,47.8
43c923:2025-06-17T07:00:38Z,W1_Snowdonia,mil_state,ZM342,BEECHCRAFT T-6 Texan 2,TEX2,SWIFT1,1.62,12.2,358,248,238.0,True,True,-3.575,53.083,EGOV,EGOV,2025-06-14,68.8
43c8e9:2025-06-16T22:17:52Z,W1_Snowdonia,rotorcraft,ZM515,AIRBUS HELICOPTERS EC-135/635,EC35,SYS71,2.03,6.1,413,312,110.0,False,False,-3.258,52.758,EGOS,EGOS,2025-06-14,37.6
43c8e9:2025-06-16T22:17:52Z,W1_Snowdonia,rotorcraft,ZM515,AIRBUS HELICOPTERS EC-135/635,EC35,SYS71,2.08,7.1,437,160,114.0,False,False,-3.25,52.837,EGOS,EGOS,2025-06-14,37.8
406ddb:2025-06-16T18:25:13Z,W1_Snowdonia,rotorcraft,G-MCGJ,SIKORSKY S-92 Helibus,S92,SRD936,6.33,10.0,222,222,56.0,False,False,-3.26,53.35,,EGCK,2025-06-14,0.7
406ddb:2025-06-16T18:25:13Z,W1_Snowdonia,rotorcraft,G-MCGJ,SIKORSKY S-92 Helibus,S92,SRD936,12.25,29.2,222,222,56.0,True,False,-3.266,53.323,,EGCK,2025-06-14,2.6
406ddb:2025-06-16T18:25:13Z,W1_Snowdonia,rotorcraft,G-MCGJ,SIKORSKY S-92 Helibus,S92,SRD936,0.38,1.3,547,547,118.0,True,False,-3.55,53.3,,EGCK,2025-06-14,19.7
406ddb:2025-06-16T17:31:22Z,W1_Snowdonia,rotorcraft,G-MCGJ,SIKORSKY S-92 Helibus,S92,SRD936,26.92,29.3,215,215,39.0,True,False,-3.256,53.362,EGCK,,2025-06-14,2.2
402c68:2025-06-16T17:17:09Z,W1_Snowdonia,civ_ga,G-BOYV,PIPER PA-28R-201T,P28S,GBOYV,0.48,2.2,629,629,131.0,False,False,-3.3,53.15,,EGGP,2025-06-14,5.8
406ddb:2025-06-16T15:21:17Z,W1_Snowdonia,rotorcraft,G-MCGJ,SIKORSKY S-92 Helibus,S92,SRD936,3.59,10.3,557,322,74.0,True,False,-4.35,52.95,EGCK,,2025-06-14,14.5
406ddb:2025-06-16T15:21:17Z,W1_Snowdonia,rotorcraft,G-MCGJ,SIKORSKY S-92 Helibus,S92,SRD936,0.37,1.0,600,600,106.0,True,False,-4.2,52.95,EGCK,,2025-06-14,7.5
406f2d:2025-06-16T14:42:42Z,W1_Snowdonia,rotorcraft,G-MCGZ,SIKORSKY S-92 Helibus,S92,SRD924,0.41,1.6,572,572,120.0,False,False,-4.0,52.9,EGCK,EGHQ,2025-06-14,33.5
43c923:2025-06-16T13:42:12Z,W1_Snowdonia,mil_state,ZM342,BEECHCRAFT T-6 Texan 2,TEX2,SWIFT2,0.25,2.0,677,677,262.0,False,False,-3.85,52.85,,,2025-06-14,0.6
43c92c:2025-06-16T13:33:02Z,W1_Snowdonia,rotorcraft,ZM498,AIRBUS HELICOPTERS EC-145,EC45,WWIND206,4.41,27.6,261,22,3.0,False,False,-4.636,53.4,EGOV,,2025-06-14,0.4
406f2d:2025-06-16T13:14:04Z,W1_Snowdonia,rotorcraft,G-MCGZ,SIKORSKY S-92 Helibus,S92,SRD924,0.16,0.7,693,693,142.0,True,False,-4.0,52.9,EGHQ,EGCK,2025-06-14,31.6
43c923:2025-06-16T12:35:46Z,W1_Snowdonia,mil_state,ZM342,BEECHCRAFT T-6 Texan 2,TEX2,SWIFT2,0.04,0.3,223,223,225.0,False,False,-3.8,52.85,,,2025-06-14,0.2
43c8d0:2025-06-16T12:28:54Z,W1_Snowdonia,mil_state,ZM329,BEECHCRAFT T-6 Texan 2,TEX2,SWIFT01,0.3,2.4,517,451,254.0,True,True,-3.85,52.85,EGOV,EGOV,2025-06-14,65.0
43c8cb:2025-06-16T12:10:50Z,W1_Snowdonia,mil_state,ZM324,BEECHCRAFT T-6 Texan 2,TEX2,VYT81,0.43,13.5,365,226,258.0,True,False,-3.8,53.0,EGOV,EGOV,2025-06-14,56.9
43c8cb:2025-06-16T12:10:50Z,W1_Snowdonia,mil_state,ZM324,BEECHCRAFT T-6 Texan 2,TEX2,VYT81,0.87,6.8,610,340,262.0,True,False,-3.529,53.086,EGOV,EGOV,2025-06-14,70.4
43c8cb:2025-06-16T12:10:50Z,W1_Snowdonia,mil_state,ZM324,BEECHCRAFT T-6 Texan 2,TEX2,VYT81,0.29,2.0,541,541,235.0,True,False,-4.05,52.9,EGOV,EGOV,2025-06-14,49.1
43c8d4:2025-06-16T10:05:12Z,W1_Snowdonia,mil_state,ZM333,EMBRAER EMB-500 Phenom 100,E50P,SCPTR1,0.32,2.5,522,415,252.0,False,False,-3.74,52.75,EGYD,EGVN,2025-06-14,184.2
43c8d4:2025-06-16T10:05:12Z,W1_Snowdonia,mil_state,ZM333,EMBRAER EMB-500 Phenom 100,E50P,SCPTR1,1.68,10.3,506,346,254.0,False,False,-3.764,52.957,EGYD,EGVN,2025-06-14,200.9
407ee4:2025-06-16T07:50:07Z,W1_Snowdonia,rotorcraft,G-TJPK,AGUSTA AW-109 Grand,A109,GTJPK,0.55,1.1,624,606,111.0,False,False,-3.25,53.275,,,2025-06-14,0.4
400ccd:2025-06-15T16:41:01Z,W1_Snowdonia,rotorcraft,G-GSPY,ROBINSON R-44 Raven,R44,GGSPY,1.66,6.1,599,542,90.0,False,False,-3.425,52.75,,,2025-06-14,3.3
406ddb:2025-06-15T15:43:53Z,W1_Snowdonia,rotorcraft,G-MCGJ,SIKORSKY S-92 Helibus,S92,SRG936,1.07,30.5,472,142,1.0,False,False,-4.4,53.15,,EGCK,2025-06-14,8.2
4071aa:2025-06-15T15:42:49Z,W1_Snowdonia,rotorcraft,G-WENU,AIRBUS HELICOPTERS EC-145,EC45,HLE59,0.43,1.3,615,615,111.0,True,False,-3.3,52.85,,,2025-06-14,11.5
4071aa:2025-06-15T15:42:49Z,W1_Snowdonia,rotorcraft,G-WENU,AIRBUS HELICOPTERS EC-145,EC45,HLE59,0.98,3.5,623,566,112.0,True,False,-3.283,52.867,,,2025-06-14,9.3
4076d0:2025-06-15T14:39:10Z,W1_Snowdonia,rotorcraft,G-OGEZ,ROBINSON R-44 Raven,R44,GOGEZ,0.72,2.5,463,463,117.0,False,False,-3.25,53.1,,,2025-06-14,38.8
43c8d2:2025-06-14T14:02:41Z,W1_Snowdonia,mil_state,ZM331,BEECHCRAFT T-6 Texan 2,TEX2,SWIFT1,0.13,0.9,374,374,238.0,False,False,-3.25,52.65,EGUB,EGOV,2025-06-14,106.2
43c8d2:2025-06-14T14:02:41Z,W1_Snowdonia,mil_state,ZM331,BEECHCRAFT T-6 Texan 2,TEX2,SWIFT1,0.19,1.3,389,389,238.0,False,False,-3.45,52.65,EGUB,EGOV,2025-06-14,99.0
4071aa:2025-06-14T12:32:01Z,W1_Snowdonia,rotorcraft,G-WENU,AIRBUS HELICOPTERS EC-145,EC45,HLE59,0.89,3.8,674,674,131.0,False,False,-3.3,52.8,,,2025-06-14,4.6
4071aa:2025-06-14T11:27:23Z,W1_Snowdonia,rotorcraft,G-WENU,AIRBUS HELICOPTERS EC-145,EC45,HLE59,0.92,4.2,598,568,119.0,False,False,-3.25,52.65,,,2025-06-14,2.5
4071aa:2025-06-14T11:27:23Z,W1_Snowdonia,rotorcraft,G-WENU,AIRBUS HELICOPTERS EC-145,EC45,HLE59,1.32,7.7,357,257,120.0,False,False,-3.35,52.75,,,2025-06-14,5.4
407046:2025-07-18T18:26:50Z,W1_Snowdonia,rotorcraft,G-WYDN,AIRBUS HELICOPTERS EC-145,EC45,HLE61,1.01,3.7,643,643,121.0,False,False,-3.3,53.15,,,2025-07-12,27.5
407046:2025-07-18T17:16:20Z,W1_Snowdonia,rotorcraft,G-WYDN,AIRBUS HELICOPTERS EC-145,EC45,HLE61,2.17,8.3,531,362,133.0,False,False,-4.025,53.2,EGCK,,2025-07-12,9.3
407046:2025-07-18T17:16:20Z,W1_Snowdonia,rotorcraft,G-WYDN,AIRBUS HELICOPTERS EC-145,EC45,HLE61,0.54,2.2,276,276,122.0,False,False,-3.9,53.25,EGCK,,2025-07-12,1.1
424c6c:2025-07-18T16:15:58Z,W1_Snowdonia,rotorcraft,M-DOGA,AIRBUS HELICOPTERS EC-135/635,EC35,MDOGA,1.78,7.2,676,676,129.0,True,False,-3.4,52.95,,,2025-07-12,91.6
43c92b:2025-07-18T13:52:01Z,W1_Snowdonia,rotorcraft,ZM497,AIRBUS HELICOPTERS EC-145,EC45,WWIND212,1.41,7.5,246,115,66.0,True,False,-4.25,53.05,,,2025-07-12,5.1
43c92b:2025-07-18T13:52:01Z,W1_Snowdonia,rotorcraft,ZM497,AIRBUS HELICOPTERS EC-145,EC45,WWIND212,0.68,18.3,475,46,66.0,False,False,-4.45,53.15,,,2025-07-12,6.1
43c922:2025-07-18T11:59:16Z,W1_Snowdonia,mil_state,ZM341,BEECHCRAFT T-6 Texan 2,TEX2,VYT73,0.42,3.5,631,631,274.0,True,True,-4.45,53.3,EGOV,EGOV,2025-07-12,9.7
43c8d3:2025-07-18T11:36:55Z,W1_Snowdonia,mil_state,ZM332,BEECHCRAFT T-6 Texan 2,TEX2,ROCKET02,0.16,1.2,699,699,269.0,True,False,-4.35,53.0,EGOV,EGOV,2025-07-12,26.8
407046:2025-07-18T10:54:03Z,W1_Snowdonia,rotorcraft,G-WYDN,AIRBUS HELICOPTERS EC-145,EC45,HLE61,0.39,1.4,293,293,125.0,True,False,-3.95,53.2,,,2025-07-12,14.0
43c8d0:2025-07-18T10:20:48Z,W1_Snowdonia,mil_state,ZM329,BEECHCRAFT T-6 Texan 2,TEX2,SWIFT2,0.35,2.0,374,374,253.0,False,False,-4.325,52.95,,,2025-07-12,0.8
43c8cf:2025-07-18T09:39:12Z,W1_Snowdonia,mil_state,ZM328,BEECHCRAFT T-6 Texan 2,TEX2,SWIFT1,0.02,0.1,575,575,240.0,True,True,-4.35,52.9,EGOV,EGOV,2025-07-12,35.9
43c8cf:2025-07-18T09:39:12Z,W1_Snowdonia,mil_state,ZM328,BEECHCRAFT T-6 Texan 2,TEX2,SWIFT1,1.82,9.1,494,392,240.0,True,True,-4.325,52.95,EGOV,EGOV,2025-07-12,33.4
407045:2025-07-17T18:18:42Z,W1_Snowdonia,rotorcraft,G-LOYW,AIRBUS HELICOPTERS EC-145,EC45,HLE57,0.09,0.2,383,383,96.0,True,False,-3.5,53.05,,,2025-07-12,16.3
43c8f0:2025-07-17T14:21:14Z,W1_Snowdonia,rotorcraft,ZM522,AIRBUS HELICOPTERS EC-135/635,EC35,SYS48,0.5,1.3,488,488,89.0,False,False,-3.3,52.85,EGOS,EGOS,2025-07-12,41.6
43c8f0:2025-07-17T14:21:14Z,W1_Snowdonia,rotorcraft,ZM522,AIRBUS HELICOPTERS EC-135/635,EC35,SYS48,0.32,1.1,432,432,81.0,False,False,-3.25,52.85,EGOS,EGOS,2025-07-12,35.8
407046:2025-07-17T13:35:30Z,W1_Snowdonia,rotorcraft,G-WYDN,AIRBUS HELICOPTERS EC-145,EC45,HLE61,0.81,2.9,648,648,117.0,True,False,-3.95,53.2,,EGCK,2025-07-12,29.8
407046:2025-07-17T13:35:30Z,W1_Snowdonia,rotorcraft,G-WYDN,AIRBUS HELICOPTERS EC-145,EC45,HLE61,0.62,2.2,482,482,112.0,True,False,-4.05,53.2,,EGCK,2025-07-12,23.2
43c8f0:2025-07-17T12:30:23Z,W1_Snowdonia,rotorcraft,ZM522,AIRBUS HELICOPTERS EC-135/635,EC35,SYS48,0.43,1.2,266,266,88.0,False,False,-3.3,52.85,EGOS,EGOS,2025-07-12,41.1
407046:2025-07-17T10:44:10Z,W1_Snowdonia,rotorcraft,G-WYDN,AIRBUS HELICOPTERS EC-145,EC45,HLE61,0.48,1.8,657,657,128.0,True,False,-4.05,53.2,EGCK,,2025-07-12,9.9
407046:2025-07-17T10:44:10Z,W1_Snowdonia,rotorcraft,G-WYDN,AIRBUS HELICOPTERS EC-145,EC45,HLE61,1.62,5.7,506,490,128.0,False,False,-3.925,53.2,EGCK,,2025-07-12,2.7
43c8e6:2025-07-17T10:28:21Z,W1_Snowdonia,rotorcraft,ZM512,AIRBUS HELICOPTERS EC-135/635,EC35,SYS78,1.2,3.8,469,176,94.0,True,False,-4.05,53.2,EGOS,EGCK,2025-07-12,24.6
407045:2025-07-16T20:15:39Z,W1_Snowdonia,rotorcraft,G-LOYW,AIRBUS HELICOPTERS EC-145,EC45,HLE57,1.24,2.7,564,556,100.0,False,False,-3.55,52.7,,,2025-07-12,1.1
407045:2025-07-16T17:02:56Z,W1_Snowdonia,rotorcraft,G-LOYW,AIRBUS HELICOPTERS EC-145,EC45,HLE57,1.55,6.2,458,339,129.0,True,False,-3.933,53.2,EGOV,,2025-07-12,37.4
407045:2025-07-16T17:02:56Z,W1_Snowdonia,rotorcraft,G-LOYW,AIRBUS HELICOPTERS EC-145,EC45,HLE57,0.48,2.0,540,540,129.0,False,False,-3.3,53.15,EGOV,,2025-07-12,71.9
406ddc:2025-07-16T15:53:34Z,W1_Snowdonia,rotorcraft,G-MCGK,SIKORSKY S-92 Helibus,S92,SRD936,2.45,20.5,453,-53,88.0,False,False,-4.5,53.05,EGCK,EGCK,2025-07-12,9.5
406ddc:2025-07-16T15:53:34Z,W1_Snowdonia,rotorcraft,G-MCGK,SIKORSKY S-92 Helibus,S92,SRD936,5.89,15.8,453,428,96.0,True,False,-4.534,52.98,EGCK,EGCK,2025-07-12,16.1
406ddc:2025-07-16T15:53:34Z,W1_Snowdonia,rotorcraft,G-MCGK,SIKORSKY S-92 Helibus,S92,SRD936,7.04,18.0,478,478,98.0,True,False,-4.497,53.02,EGCK,EGCK,2025-07-12,10.7
406ddc:2025-07-16T15:53:34Z,W1_Snowdonia,rotorcraft,G-MCGK,SIKORSKY S-92 Helibus,S92,SRD936,1.09,5.4,178,103,48.0,True,False,-4.6,52.95,EGCK,EGCK,2025-07-12,20.8
43c8d3:2025-07-16T15:01:59Z,W1_Snowdonia,mil_state,ZM332,BEECHCRAFT T-6 Texan 2,TEX2,ROCKET02,0.21,7.7,427,241,244.0,False,False,-3.775,53.0,,,2025-07-12,6.7
43c8cd:2025-07-16T14:52:04Z,W1_Snowdonia,mil_state,ZM326,BEECHCRAFT T-6 Texan 2,TEX2,RCKT1,0.28,18.1,478,239,253.0,True,False,-3.75,53.0,EGOV,,2025-07-12,60.4
43c8cd:2025-07-16T14:52:04Z,W1_Snowdonia,mil_state,ZM326,BEECHCRAFT T-6 Texan 2,TEX2,RCKT1,0.32,14.5,326,263,240.0,False,False,-3.45,52.9,EGOV,,2025-07-12,86.5
43c92c:2025-07-16T14:05:33Z,W1_Snowdonia,rotorcraft,ZM498,AIRBUS HELICOPTERS EC-145,EC45,WWIND228,1.12,3.5,477,400,95.0,True,False,-4.25,53.05,,EGOV,2025-07-12,23.5
43c92c:2025-07-16T14:05:33Z,W1_Snowdonia,rotorcraft,ZM498,AIRBUS HELICOPTERS EC-145,EC45,WWIND228,3.74,6.5,180,43,68.0,True,False,-4.25,53.0,,EGOV,2025-07-12,27.5
43c92c:2025-07-16T14:05:33Z,W1_Snowdonia,rotorcraft,ZM498,AIRBUS HELICOPTERS EC-145,EC45,WWIND228,0.46,1.1,228,228,84.0,True,False,-4.0,52.95,,EGOV,2025-07-12,41.5
43c92c:2025-07-16T14:05:33Z,W1_Snowdonia,rotorcraft,ZM498,AIRBUS HELICOPTERS EC-145,EC45,WWIND228,9.42,15.1,146,10,60.0,True,True,-4.019,53.154,,EGOV,2025-07-12,30.8
43c923:2025-07-16T12:59:04Z,W1_Snowdonia,mil_state,ZM342,BEECHCRAFT T-6 Texan 2,TEX2,VYT82,3.14,28.0,691,566,238.0,False,False,-4.55,53.036,EGOV,EGOV,2025-07-12,20.1
43c8d3:2025-07-16T12:28:01Z,W1_Snowdonia,mil_state,ZM332,BEECHCRAFT T-6 Texan 2,TEX2,VYT98,0.18,1.4,685,685,256.0,True,False,-3.85,53.15,EGOV,EGOV,2025-07-12,45.1
43c8d3:2025-07-16T12:28:01Z,W1_Snowdonia,mil_state,ZM332,BEECHCRAFT T-6 Texan 2,TEX2,VYT98,0.8,9.4,636,324,248.0,True,False,-3.45,53.1,EGOV,EGOV,2025-07-12,71.7
407046:2025-07-16T11:00:59Z,W1_Snowdonia,rotorcraft,G-WYDN,AIRBUS HELICOPTERS EC-145,EC45,HLE61,0.1,0.2,536,536,135.0,True,False,-3.5,53.3,EGCK,EGCK,2025-07-12,61.4
43c8d3:2025-07-16T09:50:42Z,W1_Snowdonia,mil_state,ZM332,BEECHCRAFT T-6 Texan 2,TEX2,RCKT2,0.96,17.9,478,261,247.0,True,False,-3.775,53.0,EGOV,,2025-07-12,56.8
43c8d3:2025-07-16T09:50:42Z,W1_Snowdonia,mil_state,ZM332,BEECHCRAFT T-6 Texan 2,TEX2,RCKT2,0.35,2.5,394,309,234.0,True,False,-4.35,52.95,EGOV,,2025-07-12,17.6
43c922:2025-07-16T09:50:19Z,W1_Snowdonia,mil_state,ZM341,BEECHCRAFT T-6 Texan 2,TEX2,ROCKET01,1.59,12.0,548,324,247.0,True,False,-3.825,53.175,EGOV,EGOV,2025-07-12,47.1
43c922:2025-07-16T09:50:19Z,W1_Snowdonia,mil_state,ZM341,BEECHCRAFT T-6 Texan 2,TEX2,ROCKET01,0.98,13.0,344,222,243.0,True,False,-3.763,53.0,EGOV,EGOV,2025-07-12,56.9
43c922:2025-07-16T09:50:19Z,W1_Snowdonia,mil_state,ZM341,BEECHCRAFT T-6 Texan 2,TEX2,ROCKET01,0.11,8.7,600,436,243.0,True,False,-3.4,52.9,EGOV,EGOV,2025-07-12,82.1
43c922:2025-07-16T09:50:19Z,W1_Snowdonia,mil_state,ZM341,BEECHCRAFT T-6 Texan 2,TEX2,ROCKET01,0.23,1.8,359,359,237.0,True,False,-4.35,52.9,EGOV,EGOV,2025-07-12,34.1
43c922:2025-07-16T09:50:19Z,W1_Snowdonia,mil_state,ZM341,BEECHCRAFT T-6 Texan 2,TEX2,ROCKET01,0.39,2.8,462,462,231.0,True,False,-4.35,52.95,EGOV,EGOV,2025-07-12,33.3
406ddc:2025-07-16T08:11:24Z,W1_Snowdonia,rotorcraft,G-MCGK,SIKORSKY S-92 Helibus,S92,SRD936,5.61,28.5,454,-103,102.0,False,False,-4.633,53.011,EGCK,EGCK,2025-07-12,20.3
406ddc:2025-07-16T08:11:24Z,W1_Snowdonia,rotorcraft,G-MCGK,SIKORSKY S-92 Helibus,S92,SRD936,11.24,35.4,479,479,112.0,True,False,-4.741,53.131,EGCK,EGCK,2025-07-12,25.9
406ddc:2025-07-16T08:11:24Z,W1_Snowdonia,rotorcraft,G-MCGK,SIKORSKY S-92 Helibus,S92,SRD936,1.82,18.7,593,278,117.0,True,False,-4.3,53.317,EGCK,EGCK,2025-07-12,26.8
407046:2025-07-15T19:15:55Z,W1_Snowdonia,rotorcraft,G-WYDN,AIRBUS HELICOPTERS EC-145,EC45,HLE61,1.2,13.7,368,2,102.0,False,False,-4.43,53.15,,EGCK,2025-07-12,2.8
407046:2025-07-15T18:38:15Z,W1_Snowdonia,rotorcraft,G-WYDN,AIRBUS HELICOPTERS EC-145,EC45,HLE61,0.58,11.6,178,-80,70.0,False,False,-4.4,53.15,EGCK,,2025-07-12,0.9
43c8cd:2025-07-14T15:59:18Z,W1_Snowdonia,mil_state,ZM326,BEECHCRAFT T-6 Texan 2,TEX2,WINDR02,0.56,4.1,634,634,242.0,False,False,-3.6,53.1,,EGOV,2025-07-12,64.6
43c924:2025-07-14T15:12:03Z,W1_Snowdonia,mil_state,ZM343,BEECHCRAFT T-6 Texan 2,TEX2,ROCKET02,0.31,5.7,537,510,266.0,True,True,-3.6,53.15,,EGOV,2025-07-12,28.0
43c924:2025-07-14T15:12:03Z,W1_Snowdonia,mil_state,ZM343,BEECHCRAFT T-6 Texan 2,TEX2,ROCKET02,0.8,5.8,410,214,204.0,True,True,-3.575,53.15,,EGOV,2025-07-12,31.6
43c5e1:2025-07-14T14:35:46Z,W1_Snowdonia,other,ZM407,AIRBUS A-400M,A400,GRFFN71,1.53,36.4,549,349,294.0,False,False,-4.456,52.975,EGVN,EGVN,2025-07-12,238.3
43c92c:2025-07-14T13:15:29Z,W1_Snowdonia,rotorcraft,ZM498,AIRBUS HELICOPTERS EC-145,EC45,WWIND204,3.19,34.5,430,201,107.0,False,False,-3.983,53.225,,,2025-07-12,17.7
43c92c:2025-07-14T13:15:29Z,W1_Snowdonia,rotorcraft,ZM498,AIRBUS HELICOPTERS EC-145,EC45,WWIND204,0.4,2.5,144,144,108.0,True,False,-3.85,53.15,,,2025-07-12,8.2
4071aa:2025-07-14T13:13:54Z,W1_Snowdonia,rotorcraft,G-WENU,AIRBUS HELICOPTERS EC-145,EC45,HLE59,1.08,3.9,681,681,102.0,True,False,-3.45,52.9,,EGCK,2025-07-12,65.3
43c8f3:2025-07-14T10:52:18Z,W1_Snowdonia,rotorcraft,ZM525,AIRBUS HELICOPTERS EC-135/635,EC35,SY50,0.05,0.1,372,372,83.0,False,False,-3.25,52.7,EGOS,EGOS,2025-07-12,39.2
4071aa:2025-07-14T07:39:42Z,W1_Snowdonia,rotorcraft,G-WENU,AIRBUS HELICOPTERS EC-145,EC45,HLE59,1.07,4.3,536,536,128.0,True,False,-3.65,52.75,,EGCK,2025-07-12,27.3
4071aa:2025-07-14T07:39:42Z,W1_Snowdonia,rotorcraft,G-WENU,AIRBUS HELICOPTERS EC-145,EC45,HLE59,0.36,1.3,651,651,137.0,True,False,-3.95,53.2,,EGCK,2025-07-12,30.8
43c923:2025-07-14T07:16:06Z,W1_Snowdonia,mil_state,ZM342,BEECHCRAFT T-6 Texan 2,TEX2,VYT98,0.02,0.1,311,311,250.0,True,False,-3.75,53.15,EGOV,EGOV,2025-07-12,54.0
43c923:2025-07-14T07:16:06Z,W1_Snowdonia,mil_state,ZM342,BEECHCRAFT T-6 Texan 2,TEX2,VYT98,0.3,2.2,157,157,250.0,True,False,-3.45,53.1,EGOV,EGOV,2025-07-12,73.4
43c923:2025-07-14T07:16:06Z,W1_Snowdonia,mil_state,ZM342,BEECHCRAFT T-6 Texan 2,TEX2,VYT98,0.07,0.5,542,542,257.0,True,False,-3.8,52.85,EGOV,EGOV,2025-07-12,64.2
43c8d0:2025-07-14T07:04:05Z,W1_Snowdonia,mil_state,ZM329,BEECHCRAFT T-6 Texan 2,TEX2,SWIFT2,0.36,2.5,685,685,214.0,True,False,-4.65,52.95,,,2025-07-12,21.1
43c8cf:2025-07-14T07:02:36Z,W1_Snowdonia,mil_state,ZM328,BEECHCRAFT T-6 Texan 2,TEX2,SWIFT01,3.75,32.5,658,558,222.0,False,False,-4.621,53.021,EGOV,EGOV,2025-07-12,23.9
407046:2025-07-13T16:32:14Z,W1_Snowdonia,rotorcraft,G-WYDN,AIRBUS HELICOPTERS EC-145,EC45,HLE61,3.0,12.9,461,461,134.0,True,False,-3.45,52.95,EGCV,EGCK,2025-07-12,45.9
407046:2025-07-13T14:50:00Z,W1_Snowdonia,rotorcraft,G-WYDN,AIRBUS HELICOPTERS EC-145,EC45,HLE61,1.37,5.1,593,593,115.0,True,True,-3.5,53.05,,,2025-07-12,26.2
406ddc:2025-07-13T12:43:24Z,W1_Snowdonia,rotorcraft,G-MCGK,SIKORSKY S-92 Helibus,S92,SRD936,5.1,7.5,401,280,51.0,True,True,-4.0,53.15,EGCK,,2025-07-12,12.6
407046:2025-07-12T15:15:18Z,W1_Snowdonia,rotorcraft,G-WYDN,AIRBUS HELICOPTERS EC-145,EC45,HLE61,1.66,22.3,535,15,121.0,False,False,-4.462,52.987,EGCK,EGCK,2025-07-12,12.6
407046:2025-07-12T12:07:42Z,W1_Snowdonia,rotorcraft,G-WYDN,AIRBUS HELICOPTERS EC-145,EC45,HLE61,0.4,7.3,598,370,124.0,True,False,-4.25,53.05,EGCK,EGCK,2025-07-12,8.5
406ddc:2025-07-12T11:20:55Z,W1_Snowdonia,rotorcraft,G-MCGK,SIKORSKY S-92 Helibus,S92,SRG936A,0.35,5.8,560,143,138.0,True,False,-4.05,53.2,EGCK,EGCK,2025-07-12,24.9
406ddc:2025-07-12T11:20:55Z,W1_Snowdonia,rotorcraft,G-MCGK,SIKORSKY S-92 Helibus,S92,SRG936A,1.31,6.1,299,268,60.0,True,False,-4.038,53.2,EGCK,EGCK,2025-07-12,25.1
43c8cb:2026-04-17T15:01:15Z,W1_Snowdonia,mil_state,ZM324,BEECHCRAFT T-6 Texan 2,TEX2,VYT97,0.12,0.9,652,652,269.0,True,False,-4.3,53.3,EGOV,EGOV,2026-04-11,18.5
43c924:2026-04-17T13:00:52Z,W1_Snowdonia,mil_state,ZM343,BEECHCRAFT T-6 Texan 2,TEX2,VYT74,0.01,1.6,338,264,232.0,True,False,-3.75,53.15,EGOV,EGOV,2026-04-11,55.1
43c8d3:2026-04-17T12:45:17Z,W1_Snowdonia,mil_state,ZM332,BEECHCRAFT T-6 Texan 2,TEX2,VYT76,0.31,10.4,424,371,272.0,True,True,-3.8,53.0,EGOV,EGOV,2026-04-11,57.4
43c8d0:2026-04-17T12:37:57Z,W1_Snowdonia,mil_state,ZM329,BEECHCRAFT T-6 Texan 2,TEX2,VYT75,0.31,13.4,576,341,240.0,True,False,-3.8,53.15,EGOV,EGOV,2026-04-11,51.1
43c8cb:2026-04-17T10:36:30Z,W1_Snowdonia,mil_state,ZM324,BEECHCRAFT T-6 Texan 2,TEX2,VYT55,0.1,0.7,292,292,265.0,True,False,-4.35,52.95,EGOV,EGOV,2026-04-11,35.1
4080c6:2026-04-16T21:18:12Z,W1_Snowdonia,rotorcraft,G-RESE,AGUSTA AW-139,A139,SRD336,3.92,18.1,403,-46,72.0,False,False,-4.564,53.1,EGCK,EGCK,2026-04-11,13.6
4080c6:2026-04-16T21:18:12Z,W1_Snowdonia,rotorcraft,G-RESE,AGUSTA AW-139,A139,SRD336,1.69,18.8,211,136,2.0,False,False,-4.59,53.1,EGCK,EGCK,2026-04-11,15.7
4080c6:2026-04-16T19:30:24Z,W1_Snowdonia,rotorcraft,G-RESE,AGUSTA AW-139,A139,SRD336,0.69,23.8,409,409,77.0,False,False,-4.45,53.1,EGCK,EGCK,2026-04-11,8.5
43c8cb:2026-04-16T15:18:34Z,W1_Snowdonia,mil_state,ZM324,BEECHCRAFT T-6 Texan 2,TEX2,VYT88,0.05,0.4,487,487,227.0,True,True,-3.8,52.9,EGOV,EGOV,2026-04-11,61.1
43c924:2026-04-16T12:23:59Z,W1_Snowdonia,mil_state,ZM343,BEECHCRAFT T-6 Texan 2,TEX2,VYT61,0.29,2.2,613,613,249.0,True,False,-4.3,53.3,EGOV,EGOV,2026-04-11,17.3
43c8ca:2026-04-16T12:20:29Z,W1_Snowdonia,mil_state,ZM323,BEECHCRAFT T-6 Texan 2,TEX2,VYT87,0.28,4.6,357,230,233.0,True,False,-3.725,53.1,EGOV,EGOV,2026-04-11,56.5
43c8ca:2026-04-16T12:20:29Z,W1_Snowdonia,mil_state,ZM323,BEECHCRAFT T-6 Texan 2,TEX2,VYT87,0.61,5.1,372,372,249.0,True,False,-3.75,53.15,EGOV,EGOV,2026-04-11,56.5
43c8ca:2026-04-16T12:20:29Z,W1_Snowdonia,mil_state,ZM323,BEECHCRAFT T-6 Texan 2,TEX2,VYT87,0.76,6.3,453,376,261.0,True,True,-3.8,52.893,EGOV,EGOV,2026-04-11,63.3
43c8cb:2026-04-16T10:22:59Z,W1_Snowdonia,mil_state,ZM324,BEECHCRAFT T-6 Texan 2,TEX2,VYT67,0.05,0.4,693,693,289.0,True,False,-4.45,53.3,EGOV,EGOV,2026-04-11,8.2
43c92a:2026-04-16T10:12:09Z,W1_Snowdonia,rotorcraft,ZM496,AIRBUS HELICOPTERS EC-145,EC45,WWIND206,4.87,18.3,250,33,,True,False,-4.005,53.145,EGOQ,,2026-04-11,0.9
43c92a:2026-04-16T10:12:09Z,W1_Snowdonia,rotorcraft,ZM496,AIRBUS HELICOPTERS EC-145,EC45,WWIND206,1.31,5.1,223,132,51.0,True,False,-4.008,53.15,EGOQ,,2026-04-11,1.3
43c8d7:2026-04-16T10:02:38Z,W1_Snowdonia,mil_state,ZM336,EMBRAER EMB-500 Phenom 100,E50P,CWL45Y,0.24,1.5,680,680,203.0,True,True,-3.85,53.15,,EGYD,2026-04-11,28.5
43c8d7:2026-04-16T10:02:38Z,W1_Snowdonia,mil_state,ZM336,EMBRAER EMB-500 Phenom 100,E50P,CWL45Y,0.16,13.6,539,484,200.0,True,True,-3.95,53.0,,EGYD,2026-04-11,44.2
43c8d5:2026-04-16T09:29:30Z,W1_Snowdonia,mil_state,ZM334,EMBRAER EMB-500 Phenom 100,E50P,CWL30Y,0.5,3.8,489,472,245.0,True,True,-4.333,52.95,EGYD,EGYD,2026-04-11,254.9
43c8cf:2026-04-16T07:26:14Z,W1_Snowdonia,mil_state,ZM328,BEECHCRAFT T-6 Texan 2,TEX2,VYT85,0.48,36.1,549,85,161.0,True,True,-4.325,53.3,EGOV,EGOV,2026-04-11,18.5
43c8ce:2026-04-16T07:24:57Z,W1_Snowdonia,mil_state,ZM327,BEECHCRAFT T-6 Texan 2,TEX2,VYT79,0.2,1.2,625,594,201.0,True,True,-4.3,53.3,EGOV,EGOV,2026-04-11,19.8
4080c6:2026-04-15T19:01:53Z,W1_Snowdonia,rotorcraft,G-RESE,AGUSTA AW-139,A139,SRD336,0.5,2.9,601,584,85.0,True,False,-4.25,53.05,EGCK,,2026-04-11,3.0
43c924:2026-04-15T15:28:04Z,W1_Snowdonia,mil_state,ZM343,BEECHCRAFT T-6 Texan 2,TEX2,VYT65,0.32,9.4,436,322,274.0,True,True,-3.767,53.15,EGOV,EGOV,2026-04-11,53.4
4080c6:2026-04-15T13:56:34Z,W1_Snowdonia,rotorcraft,G-RESE,AGUSTA AW-139,A139,SRD336,1.72,19.2,250,241,81.0,False,False,-4.475,53.125,EGCK,EGCK,2026-04-11,10.0
43c924:2026-04-15T13:09:48Z,W1_Snowdonia,mil_state,ZM343,BEECHCRAFT T-6 Texan 2,TEX2,RCKT1,1.0,23.7,357,213,230.0,True,True,-3.812,53.025,EGOV,EGOV,2026-04-11,54.6
43c924:2026-04-15T13:09:48Z,W1_Snowdonia,mil_state,ZM343,BEECHCRAFT T-6 Texan 2,TEX2,RCKT1,0.26,1.8,302,302,223.0,True,True,-4.35,52.95,EGOV,EGOV,2026-04-11,33.7
43c8cf:2026-04-15T13:07:50Z,W1_Snowdonia,mil_state,ZM328,BEECHCRAFT T-6 Texan 2,TEX2,VYT61,1.24,6.7,693,693,175.0,False,False,-4.6,53.1,,EGOV,2026-04-11,11.3
43c8d3:2026-04-14T15:04:28Z,W1_Snowdonia,mil_state,ZM332,BEECHCRAFT T-6 Texan 2,TEX2,VYT68,0.29,8.7,384,234,249.0,True,True,-3.8,53.3,EGOV,EGOV,2026-04-11,52.1
43c8d1:2026-04-14T12:33:52Z,W1_Snowdonia,mil_state,ZM330,BEECHCRAFT T-6 Texan 2,TEX2,VYT84,1.29,8.2,332,304,213.0,True,False,-4.35,52.94,EGOV,EGOV,2026-04-11,33.9
43c8d1:2026-04-14T12:33:52Z,W1_Snowdonia,mil_state,ZM330,BEECHCRAFT T-6 Texan 2,TEX2,VYT84,0.96,15.4,326,260,258.0,True,False,-3.75,52.969,EGOV,EGOV,2026-04-11,60.7
404605:2026-04-14T09:37:34Z,W1_Snowdonia,civ_ga,G-CBFA,DIAMOND DA-40 Club Star,DA40,GCBFA,0.24,0.8,484,484,97.0,True,False,-3.95,53.25,EGCK,EGKA,2026-04-11,31.8
404605:2026-04-14T09:37:34Z,W1_Snowdonia,civ_ga,G-CBFA,DIAMOND DA-40 Club Star,DA40,GCBFA,0.55,3.5,472,315,83.0,True,False,-3.75,53.25,EGCK,EGKA,2026-04-11,43.3
404605:2026-04-14T09:37:34Z,W1_Snowdonia,civ_ga,G-CBFA,DIAMOND DA-40 Club Star,DA40,GCBFA,1.52,6.2,671,520,110.0,False,False,-3.25,53.2,EGCK,EGKA,2026-04-11,74.3
4080c6:2026-04-14T09:21:17Z,W1_Snowdonia,rotorcraft,G-RESE,AGUSTA AW-139,A139,SRD336,0.82,11.8,4,-21,1.0,False,False,-4.5,53.05,EGCK,EGCK,2026-04-11,10.1
4080c6:2026-04-14T09:21:17Z,W1_Snowdonia,rotorcraft,G-RESE,AGUSTA AW-139,A139,SRD336,8.36,79.4,311,211,1.0,True,False,-4.495,53.092,EGCK,EGCK,2026-04-11,8.6
4080c6:2026-04-14T09:21:17Z,W1_Snowdonia,rotorcraft,G-RESE,AGUSTA AW-139,A139,SRD336,4.78,9.7,211,136,1.0,True,False,-4.64,52.96,EGCK,EGCK,2026-04-11,22.0
4080c6:2026-04-14T09:21:17Z,W1_Snowdonia,rotorcraft,G-RESE,AGUSTA AW-139,A139,SRD336,3.57,29.4,411,147,2.0,False,False,-4.55,52.967,EGCK,EGCK,2026-04-11,17.4
4076d0:2026-04-14T08:31:21Z,W1_Snowdonia,rotorcraft,G-OGEZ,ROBINSON R-44 Raven,R44,GOGEZ,0.8,2.1,661,661,115.0,False,False,-3.25,53.1,,,2026-04-11,3.0
4076d0:2026-04-14T08:31:21Z,W1_Snowdonia,rotorcraft,G-OGEZ,ROBINSON R-44 Raven,R44,GOGEZ,0.71,1.0,539,539,115.0,False,False,-3.25,53.15,,,2026-04-11,0.4
43c8cd:2026-04-13T15:38:07Z,W1_Snowdonia,mil_state,ZM326,BEECHCRAFT T-6 Texan 2,TEX2,VYT71,4.91,57.7,238,163,,True,True,-3.523,53.365,EGOV,EGOV,2026-04-11,70.5
4080c6:2026-04-13T15:03:15Z,W1_Snowdonia,rotorcraft,G-RESE,AGUSTA AW-139,A139,SRD336,7.67,14.2,564,214,73.0,True,True,-4.618,53.095,EGCK,EGCK,2026-04-11,17.2
4080c6:2026-04-13T15:03:15Z,W1_Snowdonia,rotorcraft,G-RESE,AGUSTA AW-139,A139,SRD336,2.21,6.5,489,489,101.0,True,True,-4.481,53.05,EGCK,EGCK,2026-04-11,9.6
4080c6:2026-04-13T15:03:15Z,W1_Snowdonia,rotorcraft,G-RESE,AGUSTA AW-139,A139,SRD336,1.15,2.4,614,614,101.0,True,False,-4.59,53.1,EGCK,EGCK,2026-04-11,14.7
4080c6:2026-04-13T15:03:15Z,W1_Snowdonia,rotorcraft,G-RESE,AGUSTA AW-139,A139,SRD336,11.8,15.5,489,64,2.0,True,False,-4.569,53.031,EGCK,EGCK,2026-04-11,14.9
43c8d1:2026-04-13T12:48:03Z,W1_Snowdonia,mil_state,ZM330,BEECHCRAFT T-6 Texan 2,TEX2,VYT72,0.99,16.5,335,265,215.0,False,False,-3.8,52.97,EGOV,,2026-04-11,2.8
4071aa:2026-04-13T10:19:34Z,W1_Snowdonia,rotorcraft,G-WENU,AIRBUS HELICOPTERS EC-145,EC45,HLE61,0.41,18.4,552,226,1.0,False,False,-3.75,53.3,,,2026-04-11,8.3
43c8cb:2026-04-13T07:30:38Z,W1_Snowdonia,mil_state,ZM324,BEECHCRAFT T-6 Texan 2,TEX2,VYT70,0.35,2.5,343,343,252.0,True,True,-3.8,53.15,EGOV,EGOV,2026-04-11,50.1
43c8cb:2026-04-13T07:30:38Z,W1_Snowdonia,mil_state,ZM324,BEECHCRAFT T-6 Texan 2,TEX2,VYT70,0.59,4.5,596,285,246.0,True,True,-3.6,53.1,EGOV,EGOV,2026-04-11,64.4
43c8cb:2026-04-13T07:30:38Z,W1_Snowdonia,mil_state,ZM324,BEECHCRAFT T-6 Texan 2,TEX2,VYT70,0.87,6.2,388,382,232.0,True,True,-3.812,52.95,EGOV,EGOV,2026-04-11,57.8
4071aa:2026-04-12T17:33:25Z,W1_Snowdonia,rotorcraft,G-WENU,AIRBUS HELICOPTERS EC-145,EC45,HLE61,0.91,21.6,632,-95,113.0,False,False,-4.45,53.15,,EGCK,2026-04-11,9.3
4080c6:2026-04-11T19:23:01Z,W1_Snowdonia,rotorcraft,G-RESE,AGUSTA AW-139,A139,SRG336,1.6,21.9,289,236,72.0,False,False,-4.5,53.15,EGOV,EGCK,2026-04-11,10.0
4080c6:2026-04-11T18:09:12Z,W1_Snowdonia,rotorcraft,G-RESE,AGUSTA AW-139,A139,SRG336,1.05,21.5,357,-16,132.0,False,False,-4.5,53.15,EGCK,EGOV,2026-04-11,9.2
408163:2026-05-01T20:23:11Z,W1_Snowdonia,rotorcraft,G-RESI,AGUSTA AW-139,A139,SRD336,0.65,1.5,464,464,81.0,True,False,-4.75,53.15,EGCK,EGCK,2026-04-25,28.1
408163:2026-05-01T20:23:11Z,W1_Snowdonia,rotorcraft,G-RESI,AGUSTA AW-139,A139,SRD336,9.94,9.6,189,64,67.0,True,False,-4.847,53.113,EGCK,EGCK,2026-04-25,31.7
43c8d1:2026-05-01T13:55:33Z,W1_Snowdonia,mil_state,ZM330,BEECHCRAFT T-6 Texan 2,TEX2,VYT87,0.06,0.4,685,685,245.0,True,False,-4.55,53.1,EGOV,EGOV,2026-04-25,14.8
43c8d1:2026-05-01T13:55:33Z,W1_Snowdonia,mil_state,ZM330,BEECHCRAFT T-6 Texan 2,TEX2,VYT87,1.21,16.8,465,267,251.0,True,False,-4.5,52.987,EGOV,EGOV,2026-04-25,27.4
43c8d1:2026-05-01T13:55:33Z,W1_Snowdonia,mil_state,ZM330,BEECHCRAFT T-6 Texan 2,TEX2,VYT87,1.73,23.6,340,223,251.0,True,False,-4.436,52.964,EGOV,EGOV,2026-04-25,29.3
43c5dc:2026-05-01T07:51:39Z,W1_Snowdonia,other,ZM402,AIRBUS A-400M,A400,GRFFN70,0.09,14.3,456,419,281.0,False,False,-3.75,53.0,EGVN,EGVN,2026-04-25,202.1
43c8d1:2026-04-30T15:04:06Z,W1_Snowdonia,mil_state,ZM330,BEECHCRAFT T-6 Texan 2,TEX2,RCKT01,0.68,5.7,439,430,268.0,True,True,-4.35,52.963,EGOV,EGOV,2026-04-25,32.0
43c5eb:2026-04-30T14:14:58Z,W1_Snowdonia,other,ZM417,AIRBUS A-400M,A400,DRDNT43,0.02,0.2,563,563,202.0,False,False,-3.8,52.9,EGVN,EGVN,2026-04-25,197.3
43c5eb:2026-04-30T14:14:58Z,W1_Snowdonia,other,ZM417,AIRBUS A-400M,A400,DRDNT43,0.62,4.7,654,654,290.0,True,True,-4.4,52.95,EGVN,EGVN,2026-04-25,230.8
4071ab:2026-04-29T14:55:01Z,W1_Snowdonia,rotorcraft,G-WOBR,AIRBUS HELICOPTERS EC-145,EC45,HM61,0.31,5.5,130,130,74.0,False,False,-3.8,53.3,,EGCK,2026-04-25,2.1
4071ab:2026-04-29T14:08:06Z,W1_Snowdonia,rotorcraft,G-WOBR,AIRBUS HELICOPTERS EC-145,EC45,HM61,0.59,5.3,468,413,90.0,False,False,-3.8,53.3,EGCK,,2026-04-25,1.5
43c8cd:2026-04-29T10:11:02Z,W1_Snowdonia,mil_state,ZM326,BEECHCRAFT T-6 Texan 2,TEX2,SWIFT02,1.24,9.2,444,312,248.0,True,True,-3.75,52.967,EGOV,EGOV,2026-04-25,61.2
43c8eb:2026-04-29T09:23:54Z,W1_Snowdonia,rotorcraft,ZM517,AIRBUS HELICOPTERS EC-135/635,EC35,SYS122,1.26,3.3,556,556,84.0,False,False,-3.75,53.0,,EGOS,2026-04-25,25.7
43c921:2026-04-29T08:34:57Z,W1_Snowdonia,mil_state,ZM340,BEECHCRAFT T-6 Texan 2,TEX2,VYT61,0.2,1.4,607,607,232.0,True,True,-3.7,52.95,,EGOV,2026-04-25,14.9
43c921:2026-04-29T07:52:04Z,W1_Snowdonia,mil_state,ZM340,BEECHCRAFT T-6 Texan 2,TEX2,VYT61,0.48,3.4,519,313,238.0,False,False,-3.783,52.942,EGOV,,2026-04-25,2.0
408163:2026-04-28T20:44:52Z,W1_Snowdonia,rotorcraft,G-RESI,AGUSTA AW-139,A139,SRD336,0.57,7.3,632,340,119.0,True,False,-4.25,53.05,,EGCK,2026-04-25,9.9
43c8d1:2026-04-28T16:04:06Z,W1_Snowdonia,mil_state,ZM330,BEECHCRAFT T-6 Texan 2,TEX2,VYT71,0.8,7.6,275,87,251.0,False,False,-3.775,52.987,,EGOV,2026-04-25,3.1
43c8d1:2026-04-28T16:04:06Z,W1_Snowdonia,mil_state,ZM330,BEECHCRAFT T-6 Texan 2,TEX2,VYT71,0.14,18.1,394,251,276.0,True,True,-3.8,52.95,,EGOV,2026-04-25,4.5
43c924:2026-04-28T15:21:08Z,W1_Snowdonia,mil_state,ZM343,BEECHCRAFT T-6 Texan 2,TEX2,VYT95,0.96,7.6,665,640,264.0,True,False,-4.55,53.017,EGOV,EGOV,2026-04-25,22.6
43c924:2026-04-28T15:21:08Z,W1_Snowdonia,mil_state,ZM343,BEECHCRAFT T-6 Texan 2,TEX2,VYT95,1.36,9.3,307,285,231.0,True,False,-4.314,52.943,EGOV,EGOV,2026-04-25,33.3
43c8d1:2026-04-28T15:18:30Z,W1_Snowdonia,mil_state,ZM330,BEECHCRAFT T-6 Texan 2,TEX2,VYT71,0.03,0.2,514,514,236.0,True,False,-3.55,53.15,EGOV,,2026-04-25,29.6
43c8d1:2026-04-28T15:18:30Z,W1_Snowdonia,mil_state,ZM330,BEECHCRAFT T-6 Texan 2,TEX2,VYT71,0.08,0.6,673,673,226.0,True,False,-3.75,53.15,EGOV,,2026-04-25,26.2
43c8cb:2026-04-28T13:24:48Z,W1_Snowdonia,mil_state,ZM324,BEECHCRAFT T-6 Texan 2,TEX2,VYT75,0.52,3.6,655,488,232.0,True,True,-4.475,52.95,EGOV,EGOV,2026-04-25,29.5
406d2d:2026-04-28T13:19:43Z,W1_Snowdonia,rotorcraft,G-MCGI,SIKORSKY S-92 Helibus,S92,SRD912,1.35,14.2,285,-96,104.0,False,False,-4.3,53.0,EGCK,,2026-04-25,10.4
43c924:2026-04-28T10:30:57Z,W1_Snowdonia,mil_state,ZM343,BEECHCRAFT T-6 Texan 2,TEX2,SWIFT1,0.13,0.9,534,290,236.0,True,False,-3.575,52.95,EGOV,EGOV,2026-04-25,71.5
406f2d:2026-04-28T08:07:12Z,W1_Snowdonia,rotorcraft,G-MCGZ,SIKORSKY S-92 Helibus,S92,SRDGZ,0.29,1.2,598,598,136.0,False,False,-3.9,53.2,,EGCK,2026-04-25,33.6
406f2d:2026-04-28T08:07:12Z,W1_Snowdonia,rotorcraft,G-MCGZ,SIKORSKY S-92 Helibus,S92,SRDGZ,0.3,1.2,626,626,136.0,False,False,-3.9,53.15,,EGCK,2026-04-25,29.9
43c8d3:2026-04-27T15:32:46Z,W1_Snowdonia,mil_state,ZM332,BEECHCRAFT T-6 Texan 2,TEX2,RCKT2,0.67,4.9,339,248,242.0,False,True,-3.77,52.95,,,2026-04-25,13.3
43c8cb:2026-04-27T15:17:33Z,W1_Snowdonia,mil_state,ZM324,BEECHCRAFT T-6 Texan 2,TEX2,RCKT1,0.05,0.4,599,599,253.0,True,True,-3.5,53.1,EGOV,EGOV,2026-04-25,68.2
43c8cb:2026-04-27T15:17:33Z,W1_Snowdonia,mil_state,ZM324,BEECHCRAFT T-6 Texan 2,TEX2,RCKT1,0.58,4.1,223,223,244.0,True,True,-3.75,52.95,EGOV,EGOV,2026-04-25,58.4
43c8d1:2026-04-27T15:08:47Z,W1_Snowdonia,mil_state,ZM330,BEECHCRAFT T-6 Texan 2,TEX2,SWIFT1,0.11,6.0,287,182,213.0,False,False,-3.4,52.9,EGDM,EGOV,2026-04-25,82.0
43c8de:2026-04-27T14:31:17Z,W1_Snowdonia,rotorcraft,ZM504,AIRBUS HELICOPTERS EC-135/635,EC35,SYS52,8.27,12.9,310,98,53.0,True,False,-4.25,53.0,EGCK,,2026-04-25,10.6
43c8de:2026-04-27T14:31:17Z,W1_Snowdonia,rotorcraft,ZM504,AIRBUS HELICOPTERS EC-135/635,EC35,SYS52,2.1,5.3,560,387,23.0,True,False,-4.233,53.0,EGCK,,2026-04-25,9.9
408163:2026-04-27T13:52:42Z,W1_Snowdonia,rotorcraft,G-RESI,AGUSTA AW-139,A139,SRD336,11.97,31.7,335,71,69.0,True,False,-4.493,53.133,EGCK,EGCK,2026-04-25,10.9
408163:2026-04-27T13:52:42Z,W1_Snowdonia,rotorcraft,G-RESI,AGUSTA AW-139,A139,SRD336,0.27,10.1,185,60,54.0,False,False,-4.45,53.0,EGCK,EGCK,2026-04-25,9.4
43c8de:2026-04-27T13:47:07Z,W1_Snowdonia,rotorcraft,ZM504,AIRBUS HELICOPTERS EC-135/635,EC35,SYS52,0.62,1.8,612,612,101.0,True,False,-4.25,53.05,EGCK,EGCK,2026-04-25,7.8
43c8de:2026-04-27T13:47:07Z,W1_Snowdonia,rotorcraft,ZM504,AIRBUS HELICOPTERS EC-135/635,EC35,SYS52,0.2,0.7,607,607,109.0,True,False,-4.25,53.0,EGCK,EGCK,2026-04-25,9.5
43c8e7:2026-04-27T13:20:08Z,W1_Snowdonia,rotorcraft,ZM513,AIRBUS HELICOPTERS EC-135/635,EC35,SYS94,7.3,11.2,227,60,53.0,True,True,-4.25,53.0,EGCK,EGOS,2026-04-25,10.8
43c8e7:2026-04-27T13:20:08Z,W1_Snowdonia,rotorcraft,ZM513,AIRBUS HELICOPTERS EC-135/635,EC35,SYS94,2.36,7.0,275,150,89.0,True,True,-4.245,53.0,EGCK,EGOS,2026-04-25,10.9
43c921:2026-04-27T12:52:59Z,W1_Snowdonia,mil_state,ZM340,BEECHCRAFT T-6 Texan 2,TEX2,VYT88,0.12,1.0,677,677,272.0,True,False,-4.15,53.25,EGOV,EGOV,2026-04-25,25.3
43c921:2026-04-27T12:52:59Z,W1_Snowdonia,mil_state,ZM340,BEECHCRAFT T-6 Texan 2,TEX2,VYT88,0.49,3.6,690,690,248.0,True,False,-3.5,53.1,EGOV,EGOV,2026-04-25,70.0
43c921:2026-04-27T12:52:59Z,W1_Snowdonia,mil_state,ZM340,BEECHCRAFT T-6 Texan 2,TEX2,VYT88,0.69,5.0,435,381,228.0,True,False,-4.333,52.983,EGOV,EGOV,2026-04-25,28.9
43c8e7:2026-04-27T11:10:27Z,W1_Snowdonia,rotorcraft,ZM513,AIRBUS HELICOPTERS EC-135/635,EC35,SYS94,1.87,5.2,488,339,,False,False,-4.0,53.15,,EGCK,2026-04-25,3.6
43c924:2026-04-27T10:54:56Z,W1_Snowdonia,mil_state,ZM343,BEECHCRAFT T-6 Texan 2,TEX2,RCKT2,0.1,0.8,514,514,255.0,False,False,-3.75,53.15,,,2026-04-25,0.4
43c924:2026-04-27T10:54:56Z,W1_Snowdonia,mil_state,ZM343,BEECHCRAFT T-6 Texan 2,TEX2,RCKT2,0.04,14.6,509,312,253.0,True,False,-3.75,53.0,,,2026-04-25,14.9
43c924:2026-04-27T10:54:56Z,W1_Snowdonia,mil_state,ZM343,BEECHCRAFT T-6 Texan 2,TEX2,RCKT2,0.18,5.1,413,275,247.0,False,False,-3.85,53.25,,,2026-04-25,7.1
43c8de:2026-04-27T10:33:28Z,W1_Snowdonia,rotorcraft,ZM504,AIRBUS HELICOPTERS EC-135/635,EC35,SYS52,0.32,0.8,696,696,88.0,True,False,-3.95,53.1,EGOS,,2026-04-25,2.2
43c8cb:2026-04-27T10:18:26Z,W1_Snowdonia,mil_state,ZM324,BEECHCRAFT T-6 Texan 2,TEX2,RCKT1,0.3,26.0,389,274,252.0,True,False,-3.75,53.0,EGOV,EGOV,2026-04-25,55.1
43c8e7:2026-04-27T10:00:15Z,W1_Snowdonia,rotorcraft,ZM513,AIRBUS HELICOPTERS EC-135/635,EC35,SYS94,0.67,1.6,700,374,90.0,True,True,-3.9,53.15,EGOS,,2026-04-25,1.3
43c8e7:2026-04-27T10:00:15Z,W1_Snowdonia,rotorcraft,ZM513,AIRBUS HELICOPTERS EC-135/635,EC35,SYS94,4.76,2.2,79,57,90.0,True,False,-3.95,53.117,EGOS,,2026-04-25,2.3
4071aa:2026-04-27T08:56:23Z,W1_Snowdonia,rotorcraft,G-WENU,AIRBUS HELICOPTERS EC-145,EC45,HLE61,1.08,4.3,524,524,119.0,True,False,-3.9,53.2,EGCK,,2026-04-25,34.5
408163:2026-04-26T18:35:13Z,W1_Snowdonia,rotorcraft,G-RESI,AGUSTA AW-139,A139,SRG336,6.4,12.3,273,-71,51.0,True,True,-3.4,52.897,EGCK,EGCK,2026-04-25,68.1
404e61:2026-04-26T16:02:42Z,W1_Snowdonia,other,G-IAJS,IKARUS C-42 Bison,C42,@ZZZZZZZ,0.74,15.5,418,418,59.0,True,True,-3.75,53.3,,,2026-04-25,76.8
403144:2026-04-26T15:59:20Z,W1_Snowdonia,civ_ga,G-BSDH,ROBIN DR-400,DR40,GBSDH,1.21,4.9,680,523,122.0,False,False,-3.8,52.85,EGCK,EGBK,2026-04-25,45.7
405913:2026-04-26T14:30:03Z,W1_Snowdonia,rotorcraft,G-OOWS,AEROSPATIALE AS-350 Ecureuil,AS50,GEERR,0.63,13.7,683,575,,False,False,-4.45,53.15,,,2026-04-25,1.1
405913:2026-04-25T16:20:20Z,W1_Snowdonia,rotorcraft,G-OOWS,AEROSPATIALE AS-350 Ecureuil,AS50,GEERR,0.4,1.7,693,693,130.0,False,False,-4.05,53.225,,,2026-04-25,19.1
406f98:2026-04-25T13:53:37Z,W1_Snowdonia,civ_ga,G-ODIP,CHRISTEN Husky,HUSK,GODIP,1.33,3.5,617,617,82.0,False,False,-3.25,53.1,EGNR,,2026-04-25,12.4
406f98:2026-04-25T13:53:37Z,W1_Snowdonia,civ_ga,G-ODIP,CHRISTEN Husky,HUSK,GODIP,0.83,2.2,597,597,82.0,False,False,-3.3,53.1,EGNR,,2026-04-25,7.9
407848:2026-04-25T13:41:29Z,W1_Snowdonia,rotorcraft,G-IIBB,BELL 505 JetRanger X,B505,GIIBB,0.3,0.9,688,688,98.0,False,False,-3.25,53.25,EGCB,,2026-04-25,59.7
407848:2026-04-25T13:41:29Z,W1_Snowdonia,rotorcraft,G-IIBB,BELL 505 JetRanger X,B505,GIIBB,0.28,0.8,576,576,104.0,False,False,-3.3,52.9,EGCB,,2026-04-25,58.4
4062ed:2026-04-25T13:40:04Z,W1_Snowdonia,rotorcraft,G-POET,ROBINSON R-44 Raven,R44,GPOET,0.86,2.7,637,637,97.0,True,True,-3.95,53.25,EGCK,EGCK,2026-04-25,34.2
4046c4:2026-04-25T13:36:24Z,W1_Snowdonia,civ_ga,G-RVEM,VANS RV-7,RV7,GRVEM,0.02,0.1,524,524,126.0,True,False,-3.5,53.3,EGCB,EGCB,2026-04-25,71.9
4046c4:2026-04-25T13:36:24Z,W1_Snowdonia,civ_ga,G-RVEM,VANS RV-7,RV7,GRVEM,0.1,0.4,474,474,128.0,True,False,-3.45,53.3,EGCB,EGCB,2026-04-25,71.2
4080c6:2026-04-25T13:31:38Z,W1_Snowdonia,rotorcraft,G-RESE,AGUSTA AW-139,A139,SRD336,1.3,1.8,622,516,82.0,True,False,-4.25,53.017,EGCK,,2026-04-25,9.5
4071aa:2026-04-25T11:24:05Z,W1_Snowdonia,rotorcraft,G-WENU,AIRBUS HELICOPTERS EC-145,EC45,HLE61,0.58,2.1,515,515,118.0,False,False,-4.3,53.0,,EGCK,2026-04-25,2.3
43c8de:2026-05-15T13:55:05Z,W1_Snowdonia,rotorcraft,ZM504,AIRBUS HELICOPTERS EC-135/635,EC35,SYS70,4.86,8.5,350,182,62.0,True,False,-4.25,53.0,EGCK,,2026-05-09,10.3
43c5e2:2026-05-15T13:53:39Z,W1_Snowdonia,other,ZM408,AIRBUS A-400M,A400,NAPER77,0.28,2.3,356,300,269.0,False,False,-3.95,53.0,EGVN,EGVN,2026-05-09,212.2
43c8de:2026-05-15T12:18:03Z,W1_Snowdonia,rotorcraft,ZM504,AIRBUS HELICOPTERS EC-135/635,EC35,SYS70,0.59,5.5,615,336,98.0,False,False,-4.05,53.2,,EGCK,2026-05-09,1.4
43c5e2:2026-05-15T08:37:56Z,W1_Snowdonia,other,ZM408,AIRBUS A-400M,A400,DRDNT44,0.56,13.0,635,353,257.0,False,False,-3.75,52.967,,EGVN,2026-05-09,202.7
43c5dd:2026-05-14T17:37:52Z,W1_Snowdonia,other,ZM403,AIRBUS A-400M,A400,NAPER70,0.22,16.9,497,319,266.0,False,False,-3.85,53.15,EGVN,EGVN,2026-05-09,220.0
43c5dd:2026-05-14T17:37:52Z,W1_Snowdonia,other,ZM403,AIRBUS A-400M,A400,NAPER70,0.79,42.6,334,265,276.0,True,False,-4.017,53.233,EGVN,EGVN,2026-05-09,234.3
4080c6:2026-05-14T13:38:07Z,W1_Snowdonia,rotorcraft,G-RESE,AGUSTA AW-139,A139,SRD336,1.36,4.1,165,165,110.0,True,False,-4.533,53.0,EGCK,EGCK,2026-05-09,13.4
4080c6:2026-05-14T13:38:07Z,W1_Snowdonia,rotorcraft,G-RESE,AGUSTA AW-139,A139,SRD336,1.53,10.7,165,15,51.0,False,False,-4.45,53.0,EGCK,EGCK,2026-05-09,9.2
43c922:2026-05-14T09:19:24Z,W1_Snowdonia,mil_state,ZM341,BEECHCRAFT T-6 Texan 2,TEX2,VYT92,0.4,10.0,339,272,234.0,True,True,-3.8,53.0,EGOV,EGOV,2026-05-09,53.8
43c92a:2026-05-14T09:17:46Z,W1_Snowdonia,rotorcraft,ZM496,AIRBUS HELICOPTERS EC-145,EC45,WWIND222,2.59,14.7,151,26,6.0,True,False,-4.513,53.013,,EGOV,2026-05-09,4.9
43c8d1:2026-05-14T07:07:23Z,W1_Snowdonia,mil_state,ZM330,BEECHCRAFT T-6 Texan 2,TEX2,RCKT02,0.24,16.6,388,290,238.0,True,False,-3.8,53.15,,,2026-05-09,43.5
43c8d1:2026-05-14T07:07:23Z,W1_Snowdonia,mil_state,ZM330,BEECHCRAFT T-6 Texan 2,TEX2,RCKT02,0.28,2.1,569,349,251.0,True,False,-3.8,53.15,,,2026-05-09,43.6
43c8d1:2026-05-14T07:07:23Z,W1_Snowdonia,mil_state,ZM330,BEECHCRAFT T-6 Texan 2,TEX2,RCKT02,0.28,4.1,544,364,251.0,True,False,-3.8,53.15,,,2026-05-09,42.1
43c924:2026-05-14T07:04:46Z,W1_Snowdonia,mil_state,ZM343,BEECHCRAFT T-6 Texan 2,TEX2,RCKT1,0.09,0.7,630,630,263.0,True,False,-3.8,53.15,EGOV,EGOV,2026-05-09,47.1
43c924:2026-05-14T07:04:46Z,W1_Snowdonia,mil_state,ZM343,BEECHCRAFT T-6 Texan 2,TEX2,RCKT1,0.86,6.3,587,586,243.0,True,False,-3.825,53.175,EGOV,EGOV,2026-05-09,46.7
406f2d:2026-05-13T17:17:49Z,W1_Snowdonia,rotorcraft,G-MCGZ,SIKORSKY S-92 Helibus,S92,SRG936,0.59,2.7,474,474,134.0,True,False,-3.95,53.25,EGCK,EGCK,2026-05-09,33.6
406f2d:2026-05-13T17:17:49Z,W1_Snowdonia,rotorcraft,G-MCGZ,SIKORSKY S-92 Helibus,S92,SRG936,1.14,4.2,599,478,110.0,True,False,-3.95,53.2,EGCK,EGCK,2026-05-09,32.0
43c92b:2026-05-13T13:40:17Z,W1_Snowdonia,rotorcraft,ZM497,AIRBUS HELICOPTERS EC-145,EC45,WWIND222,4.81,30.7,330,76,63.0,True,False,-4.006,53.15,,,2026-05-09,12.8
43c92b:2026-05-13T13:40:17Z,W1_Snowdonia,rotorcraft,ZM497,AIRBUS HELICOPTERS EC-145,EC45,WWIND222,0.67,10.7,507,430,99.0,True,False,-4.3,53.0,,,2026-05-09,12.0
43c921:2026-05-13T09:40:48Z,W1_Snowdonia,mil_state,ZM340,BEECHCRAFT T-6 Texan 2,TEX2,RCKT2,0.13,1.0,468,468,279.0,True,False,-3.4,52.9,,,2026-05-09,75.5
43c921:2026-05-13T09:40:48Z,W1_Snowdonia,mil_state,ZM340,BEECHCRAFT T-6 Texan 2,TEX2,RCKT2,0.08,0.6,668,668,237.0,True,False,-4.35,52.9,,,2026-05-09,20.2
43c8d1:2026-05-13T09:37:06Z,W1_Snowdonia,mil_state,ZM330,BEECHCRAFT T-6 Texan 2,TEX2,RCKT01,0.56,4.1,687,687,249.0,True,False,-4.25,53.3,EGOV,EGOV,2026-05-09,21.0
43c8d1:2026-05-13T09:37:06Z,W1_Snowdonia,mil_state,ZM330,BEECHCRAFT T-6 Texan 2,TEX2,RCKT01,0.03,0.2,489,489,265.0,True,False,-3.85,53.15,EGOV,EGOV,2026-05-09,45.9
43c8d1:2026-05-13T09:37:06Z,W1_Snowdonia,mil_state,ZM330,BEECHCRAFT T-6 Texan 2,TEX2,RCKT01,1.06,12.0,495,296,265.0,True,False,-3.4,52.913,EGOV,EGOV,2026-05-09,82.4
43c5e0:2026-05-13T09:32:08Z,W1_Snowdonia,other,ZM406,AIRBUS A-400M,A400,ASLAN71,0.47,10.5,524,269,166.0,False,False,-3.75,53.0,EGVN,EGVN,2026-05-09,203.1
43c5e0:2026-05-13T09:32:08Z,W1_Snowdonia,other,ZM406,AIRBUS A-400M,A400,ASLAN71,1.05,5.3,513,513,175.0,True,False,-3.85,53.167,EGVN,EGVN,2026-05-09,220.0
43c8d3:2026-05-13T08:12:10Z,W1_Snowdonia,mil_state,ZM332,BEECHCRAFT T-6 Texan 2,TEX2,VYT571,0.36,2.6,569,569,219.0,False,False,-3.75,52.95,,EGOV,2026-05-09,1.3
43c92a:2026-05-13T07:59:38Z,W1_Snowdonia,rotorcraft,ZM496,AIRBUS HELICOPTERS EC-145,EC45,WWIND208,0.35,7.5,421,421,86.0,False,False,-4.5,53.3,,EGOV,2026-05-09,3.0
43c5e0:2026-05-12T20:03:09Z,W1_Snowdonia,other,ZM406,AIRBUS A-400M,A400,JDGMT88,0.03,0.3,679,679,269.0,False,False,-3.85,53.15,EGVN,EGVN,2026-05-09,219.9
4080c6:2026-05-12T13:29:39Z,W1_Snowdonia,rotorcraft,G-RESE,AGUSTA AW-139,A139,SRD336,3.94,13.9,697,697,,True,False,-4.3,53.383,EGCK,,2026-05-09,33.0
4080c6:2026-05-12T13:29:39Z,W1_Snowdonia,rotorcraft,G-RESE,AGUSTA AW-139,A139,SRD336,3.3,16.3,497,497,140.0,False,False,-4.564,53.114,EGCK,,2026-05-09,7.8
43c922:2026-05-12T12:32:11Z,W1_Snowdonia,mil_state,ZM341,BEECHCRAFT T-6 Texan 2,TEX2,VYT55,0.94,7.0,587,338,270.0,True,False,-4.375,52.95,EGOV,EGOV,2026-05-09,31.9
43c922:2026-05-12T12:32:11Z,W1_Snowdonia,mil_state,ZM341,BEECHCRAFT T-6 Texan 2,TEX2,VYT55,1.82,27.5,465,365,235.0,True,True,-3.767,52.956,EGOV,EGOV,2026-05-09,57.9
43c8d5:2026-05-12T12:31:55Z,W1_Snowdonia,mil_state,ZM334,EMBRAER EMB-500 Phenom 100,E50P,CWL37,0.39,2.7,638,638,226.0,True,True,-3.85,53.15,EGYD,EGYD,2026-05-09,223.0
43c922:2026-05-12T07:14:20Z,W1_Snowdonia,mil_state,ZM341,BEECHCRAFT T-6 Texan 2,TEX2,SWIFT02,0.07,0.5,636,636,262.0,True,False,-3.5,53.1,,,2026-05-09,36.5
43c921:2026-05-12T07:11:19Z,W1_Snowdonia,mil_state,ZM340,BEECHCRAFT T-6 Texan 2,TEX2,VYT85,0.98,20.1,467,359,258.0,True,False,-3.7,53.05,EGOV,EGOV,2026-05-09,58.1
43c921:2026-05-12T07:11:19Z,W1_Snowdonia,mil_state,ZM340,BEECHCRAFT T-6 Texan 2,TEX2,VYT85,0.44,3.1,606,464,229.0,True,False,-3.775,52.9,EGOV,EGOV,2026-05-09,59.5
43c921:2026-05-12T07:11:19Z,W1_Snowdonia,mil_state,ZM340,BEECHCRAFT T-6 Texan 2,TEX2,VYT85,0.1,0.7,532,532,234.0,True,False,-4.35,52.9,EGOV,EGOV,2026-05-09,36.2
406f2d:2026-05-11T18:13:26Z,W1_Snowdonia,rotorcraft,G-MCGZ,SIKORSKY S-92 Helibus,S92,SRG936,3.67,7.1,237,100,45.0,False,False,-3.959,53.232,EGCK,,2026-05-09,0.9
43c922:2026-05-11T14:35:50Z,W1_Snowdonia,mil_state,ZM341,BEECHCRAFT T-6 Texan 2,TEX2,VYT71,0.35,2.6,692,594,244.0,True,True,-3.25,53.125,EGOV,EGOV,2026-05-09,85.6
43c8cc:2026-05-11T12:24:23Z,W1_Snowdonia,mil_state,ZM325,BEECHCRAFT T-6 Texan 2,TEX2,VYT79,0.25,1.9,646,646,243.0,True,False,-4.35,53.0,EGOV,EGOV,2026-05-09,25.5
43c8cd:2026-05-11T12:23:07Z,W1_Snowdonia,mil_state,ZM326,BEECHCRAFT T-6 Texan 2,TEX2,VYT89,0.61,4.5,571,571,228.0,True,True,-3.25,53.1,EGOV,EGOV,2026-05-09,85.4
43c8ca:2026-05-11T12:20:47Z,W1_Snowdonia,mil_state,ZM323,BEECHCRAFT T-6 Texan 2,TEX2,SWIFT02,0.72,5.2,667,445,253.0,True,False,-3.767,52.9,,,2026-05-09,12.2
43c924:2026-05-11T12:13:13Z,W1_Snowdonia,mil_state,ZM343,BEECHCRAFT T-6 Texan 2,TEX2,SWIFT1,0.03,0.2,364,364,245.0,True,False,-3.85,53.15,EGOV,EGOV,2026-05-09,45.7
43c922:2026-05-11T10:07:00Z,W1_Snowdonia,mil_state,ZM341,BEECHCRAFT T-6 Texan 2,TEX2,VYT99,0.59,4.5,487,465,235.0,True,True,-3.28,53.15,EGOV,EGOV,2026-05-09,83.8
43c924:2026-05-11T09:46:30Z,W1_Snowdonia,mil_state,ZM343,BEECHCRAFT T-6 Texan 2,TEX2,VYT91,0.02,0.2,470,470,238.0,True,False,-3.8,52.9,EGOV,EGOV,2026-05-09,58.7
43c924:2026-05-11T09:46:30Z,W1_Snowdonia,mil_state,ZM343,BEECHCRAFT T-6 Texan 2,TEX2,VYT91,0.5,3.5,453,385,249.0,True,False,-4.35,52.95,EGOV,EGOV,2026-05-09,32.0
43c8cc:2026-05-11T07:08:35Z,W1_Snowdonia,mil_state,ZM325,BEECHCRAFT T-6 Texan 2,TEX2,SWIFT1,0.3,2.0,594,594,218.0,True,False,-4.5,53.3,EGOV,EGOV,2026-05-09,10.0
43c8cc:2026-05-11T07:08:35Z,W1_Snowdonia,mil_state,ZM325,BEECHCRAFT T-6 Texan 2,TEX2,SWIFT1,0.74,5.9,636,571,236.0,True,False,-4.2,53.3,EGOV,EGOV,2026-05-09,23.6
43c8cc:2026-05-11T07:08:35Z,W1_Snowdonia,mil_state,ZM325,BEECHCRAFT T-6 Texan 2,TEX2,SWIFT1,5.65,36.0,465,240,206.0,True,False,-4.672,53.017,EGOV,EGOV,2026-05-09,22.7
406f2d:2026-05-10T03:51:50Z,W1_Snowdonia,rotorcraft,G-MCGZ,SIKORSKY S-92 Helibus,S92,SRG936,1.78,14.8,442,-83,52.0,False,False,-4.45,53.1,EGCK,EGOV,2026-05-09,8.3
a0fdcd:2026-05-09T14:57:37Z,W1_Snowdonia,rotorcraft,,,,N163L,0.89,3.5,644,504,131.0,False,False,-3.275,53.15,,,2026-05-09,6.0
a0fdcd:2026-05-09T13:47:58Z,W1_Snowdonia,rotorcraft,,,,N163L,2.41,8.5,542,517,118.0,True,False,-4.013,53.237,EGCK,,2026-05-09,29.1
a0fdcd:2026-05-09T13:47:58Z,W1_Snowdonia,rotorcraft,,,,N163L,0.74,5.7,567,567,118.0,True,False,-3.5,53.3,EGCK,,2026-05-09,2.9
406f2d:2026-05-09T13:40:18Z,W1_Snowdonia,rotorcraft,G-MCGZ,SIKORSKY S-92 Helibus,S92,SRG936,0.11,2.0,636,541,116.0,True,False,-4.25,53.05,EGCK,,2026-05-09,8.4
43c8d8:2026-05-29T14:08:56Z,W1_Snowdonia,mil_state,ZM337,EMBRAER EMB-500 Phenom 100,E50P,CWL37,0.34,2.2,622,622,211.0,True,True,-3.85,53.15,EGYD,EGYD,2026-05-23,223.3
43c8e3:2026-05-29T14:07:36Z,W1_Snowdonia,rotorcraft,ZM509,AIRBUS HELICOPTERS EC-135/635,EC35,SYS70,0.37,1.5,674,674,129.0,True,False,-3.35,52.9,,EGOS,2026-05-23,45.4
43c8e3:2026-05-29T13:02:08Z,W1_Snowdonia,rotorcraft,ZM509,AIRBUS HELICOPTERS EC-135/635,EC35,SYS70,2.52,8.0,284,153,83.0,True,False,-4.244,53.0,EGCK,,2026-05-23,3.2
008f33:2026-05-29T12:14:33Z,W1_Snowdonia,other,ZS-FTA,CESSNA 201 Centurion,C210,ZSGDF,0.75,2.5,545,307,120.0,True,True,-3.3,53.117,,,2026-05-23,9.1
407939:2026-05-29T10:39:07Z,W1_Snowdonia,civ_ga,G-RVNR,PARTENAVIA P-68 Observer,P68,PLINE33,0.83,5.7,647,440,116.0,False,False,-3.25,53.2,EGGP,EGGP,2026-05-23,26.5
43c8cc:2026-05-29T10:01:56Z,W1_Snowdonia,mil_state,ZM325,BEECHCRAFT T-6 Texan 2,TEX2,VYT91,0.51,3.8,597,597,248.0,False,False,-3.85,53.25,EGOV,,2026-05-23,1.9
43c8e3:2026-05-29T09:51:10Z,W1_Snowdonia,rotorcraft,ZM509,AIRBUS HELICOPTERS EC-135/635,EC35,SYS70,0.22,0.4,697,697,85.0,True,False,-4.0,53.2,EGOS,EGCK,2026-05-23,25.8
43c8e3:2026-05-29T09:51:10Z,W1_Snowdonia,rotorcraft,ZM509,AIRBUS HELICOPTERS EC-135/635,EC35,SYS70,0.6,6.2,566,364,41.0,True,False,-4.05,53.2,EGOS,EGCK,2026-05-23,24.2
43c8cd:2026-05-29T07:39:29Z,W1_Snowdonia,mil_state,ZM326,BEECHCRAFT T-6 Texan 2,TEX2,SWIFT1,0.11,6.4,328,328,244.0,True,True,-3.8,53.15,EGOV,EGOV,2026-05-23,51.5
4080c6:2026-05-28T15:33:28Z,W1_Snowdonia,rotorcraft,G-RESE,AGUSTA AW-139,A139,SRD336,18.45,74.0,463,-68,77.0,False,False,-4.498,53.018,EGCK,EGCK,2026-05-23,11.5
40122e:2026-05-28T15:04:34Z,W1_Snowdonia,rotorcraft,G-SPVK,AEROSPATIALE AS-350 Ecureuil,AS50,GPTRK,3.25,13.1,485,350,136.0,False,False,-4.315,52.985,,,2026-05-23,6.9
3d0e9a:2026-05-28T14:31:59Z,W1_Snowdonia,civ_ga,D-EDTY,CESSNA 172 Skyhawk,C172,DEDTY,1.61,9.4,538,538,93.0,False,False,-4.5,52.95,EGCK,EGKA,2026-05-23,18.3
43c8cf:2026-05-28T12:22:40Z,W1_Snowdonia,mil_state,ZM328,BEECHCRAFT T-6 Texan 2,TEX2,VYT61,1.06,13.8,391,391,235.0,True,False,-3.75,53.125,EGOV,EGOQ,2026-05-23,44.3
43c8d3:2026-05-28T07:43:17Z,W1_Snowdonia,mil_state,ZM332,BEECHCRAFT T-6 Texan 2,TEX2,VYT74,0.2,1.5,352,352,251.0,True,False,-4.35,52.95,EGOV,EGOV,2026-05-23,31.4
408162:2026-05-27T15:32:54Z,W1_Snowdonia,rotorcraft,G-RESH,AGUSTA AW-139,A139,SRD387,11.4,59.0,360,210,44.0,True,False,-3.986,53.25,EGCK,EGCK,2026-05-23,31.7
43c92b:2026-05-27T14:09:11Z,W1_Snowdonia,rotorcraft,ZM497,AIRBUS HELICOPTERS EC-145,EC45,WWIND203,1.35,33.0,178,45,54.0,False,False,-4.5,53.15,EGCK,,2026-05-23,2.0
43c8d3:2026-05-27T12:38:45Z,W1_Snowdonia,mil_state,ZM332,BEECHCRAFT T-6 Texan 2,TEX2,VYT74,0.14,17.9,352,258,237.0,True,False,-3.85,53.15,EGOV,EGOV,2026-05-23,44.9
43c8d3:2026-05-27T12:38:45Z,W1_Snowdonia,mil_state,ZM332,BEECHCRAFT T-6 Texan 2,TEX2,VYT74,0.59,4.7,621,603,258.0,True,False,-3.775,52.9,EGOV,EGOV,2026-05-23,59.6
43c8d3:2026-05-27T12:38:45Z,W1_Snowdonia,mil_state,ZM332,BEECHCRAFT T-6 Texan 2,TEX2,VYT74,1.15,8.7,646,281,264.0,True,False,-4.433,52.933,EGOV,EGOV,2026-05-23,31.9
43c92b:2026-05-27T10:46:48Z,W1_Snowdonia,rotorcraft,ZM497,AIRBUS HELICOPTERS EC-145,EC45,WWIND229,3.84,8.6,486,28,58.0,False,True,-4.241,53.0,,EGOV,2026-05-23,7.0
43c8cd:2026-05-27T10:01:20Z,W1_Snowdonia,mil_state,ZM326,BEECHCRAFT T-6 Texan 2,TEX2,VYT66,0.07,5.4,337,136,237.0,True,False,-3.8,53.15,EGOV,EGOV,2026-05-23,49.0
43c5eb:2026-05-27T09:59:48Z,W1_Snowdonia,other,ZM417,AIRBUS A-400M,A400,ASLAN72,0.35,7.0,341,302,295.0,False,False,-3.775,52.975,,EGVN,2026-05-23,202.0
43c924:2026-05-27T09:59:19Z,W1_Snowdonia,mil_state,ZM343,BEECHCRAFT T-6 Texan 2,TEX2,VYT97,0.93,17.4,384,366,275.0,True,True,-3.85,53.2,EGOV,EGOV,2026-05-23,45.8
43c925:2026-05-27T09:52:46Z,W1_Snowdonia,mil_state,XE688,HAWKER Hunter,HUNT,JAVLN94,0.13,11.8,380,272,411.0,True,True,-3.95,53.0,EGXE,EGXE,2026-05-23,209.5
43c5eb:2026-05-26T17:07:46Z,W1_Snowdonia,other,ZM417,AIRBUS A-400M,A400,DRDNT40,0.92,14.9,457,375,278.0,False,False,-4.0,53.1,EGVN,EGVN,2026-05-23,221.3
43c8d1:2026-05-26T15:24:10Z,W1_Snowdonia,mil_state,ZM330,BEECHCRAFT T-6 Texan 2,TEX2,VYT579,0.18,8.3,357,303,255.0,False,False,-3.8,53.15,EGOV,,2026-05-23,7.6
43c921:2026-05-26T15:17:08Z,W1_Snowdonia,mil_state,ZM340,BEECHCRAFT T-6 Texan 2,TEX2,WINDR02,0.98,20.7,444,341,265.0,True,True,-3.87,53.18,EGOQ,,2026-05-23,36.2
43c924:2026-05-26T15:14:35Z,W1_Snowdonia,mil_state,ZM343,BEECHCRAFT T-6 Texan 2,TEX2,WINDR1,0.07,0.6,465,465,258.0,True,False,-3.85,53.15,EGOV,EGOV,2026-05-23,46.8
4071ab:2026-05-26T14:46:15Z,W1_Snowdonia,rotorcraft,G-WOBR,AIRBUS HELICOPTERS EC-145,EC45,HLE61,1.15,40.5,539,31,127.0,False,False,-4.1,53.25,EGNR,EGCK,2026-05-23,25.2
43c92a:2026-05-26T14:12:20Z,W1_Snowdonia,rotorcraft,ZM496,AIRBUS HELICOPTERS EC-145,EC45,WWIND201,3.57,16.7,331,302,57.0,True,False,-4.28,53.29,EGOQ,,2026-05-23,12.3
404543:2026-05-26T13:11:56Z,W1_Snowdonia,civ_ga,G-BZVN,VANS RV-6,RV6,GBZVN,0.5,1.6,634,634,104.0,True,False,-4.5,53.1,EGCK,EGLM,2026-05-23,8.9
43c8d1:2026-05-26T12:52:38Z,W1_Snowdonia,mil_state,ZM330,BEECHCRAFT T-6 Texan 2,TEX2,VYT72,1.12,19.3,435,310,,True,True,-4.083,53.333,EGOV,EGOV,2026-05-23,32.7
43c8d1:2026-05-26T12:52:38Z,W1_Snowdonia,mil_state,ZM330,BEECHCRAFT T-6 Texan 2,TEX2,VYT72,0.55,14.6,251,166,254.0,True,True,-3.8,52.99,EGOV,EGOV,2026-05-23,54.8
43c92a:2026-05-26T12:14:38Z,W1_Snowdonia,rotorcraft,ZM496,AIRBUS HELICOPTERS EC-145,EC45,WWIND207,1.77,16.5,228,28,101.0,False,False,-4.75,53.35,,EGOV,2026-05-23,1.1
43c5eb:2026-05-26T10:17:00Z,W1_Snowdonia,other,ZM417,AIRBUS A-400M,A400,ASLAN70,0.55,4.7,394,279,229.0,False,False,-3.775,53.0,EGVN,EGVN,2026-05-23,203.2
43c8cd:2026-05-26T10:05:42Z,W1_Snowdonia,mil_state,ZM326,BEECHCRAFT T-6 Texan 2,TEX2,VYT569,1.01,19.7,380,167,255.0,True,True,-3.783,52.967,EGOV,EGOV,2026-05-23,57.1
43c8d1:2026-05-26T07:55:29Z,W1_Snowdonia,mil_state,ZM330,BEECHCRAFT T-6 Texan 2,TEX2,VYT89,0.4,2.9,665,665,257.0,True,False,-4.4,52.95,EGOV,EGOV,2026-05-23,32.7
43c8d3:2026-05-26T07:42:48Z,W1_Snowdonia,mil_state,ZM332,BEECHCRAFT T-6 Texan 2,TEX2,VYT60,0.43,3.3,310,310,247.0,True,False,-4.333,52.95,EGOV,EGOV,2026-05-23,33.2
408163:2026-05-25T14:22:30Z,W1_Snowdonia,rotorcraft,G-RESI,AGUSTA AW-139,A139,SRG336,0.47,1.8,616,616,126.0,False,False,-3.25,53.2,EGGP,EGOW,2026-05-23,28.4
408163:2026-05-25T14:22:30Z,W1_Snowdonia,rotorcraft,G-RESI,AGUSTA AW-139,A139,SRG336,1.55,7.4,698,698,150.0,False,False,-3.25,53.25,EGGP,EGOW,2026-05-23,27.2
408163:2026-05-25T11:37:07Z,W1_Snowdonia,rotorcraft,G-RESI,AGUSTA AW-139,A139,SRG336,0.69,2.4,487,487,103.0,True,False,-4.0,53.2,,,2026-05-23,3.4
408163:2026-05-25T11:18:05Z,W1_Snowdonia,rotorcraft,G-RESI,AGUSTA AW-139,A139,SRG336,0.71,2.1,576,260,115.0,False,False,-4.05,53.2,EGCK,,2026-05-23,0.9
4066c1:2026-05-24T14:30:14Z,W1_Snowdonia,other,G-CGZW,SCHEIBE SF-25 Falke,SF25,GCGZW,0.25,2.2,660,660,95.0,True,False,-3.3,53.15,,,2026-05-23,4.0
408162:2026-05-24T11:44:04Z,W1_Snowdonia,rotorcraft,G-RESH,AGUSTA AW-139,A139,SRG387,0.71,2.5,694,539,112.0,True,True,-3.95,53.1,EGGP,EGSY,2026-05-23,76.0
406de5:2026-05-24T10:05:11Z,W1_Snowdonia,rotorcraft,G-MCGO,AGUSTA AW-149,A149,SRD897,1.59,8.6,560,425,127.0,True,False,-4.1,53.25,,EGCK,2026-05-23,26.0
407b62:2026-05-23T15:22:30Z,W1_Snowdonia,civ_ga,G-JWPP,AEROPRO Eurofox,EFOX,GJWPP,0.74,1.6,669,397,83.0,True,True,-4.138,53.3,EGOQ,EGOQ,2026-05-23,17.8
4080c6:2026-06-12T15:23:56Z,W1_Snowdonia,rotorcraft,G-RESE,AGUSTA AW-139,A139,SRD337,24.55,7.2,107,32,46.0,True,False,-4.54,53.006,EGCK,EGCK,2026-06-06,12.9
4080c6:2026-06-12T15:23:56Z,W1_Snowdonia,rotorcraft,G-RESE,AGUSTA AW-139,A139,SRD337,6.83,17.1,182,32,69.0,False,False,-4.533,53.004,EGCK,EGCK,2026-06-06,12.6
4071ab:2026-06-12T14:58:20Z,W1_Snowdonia,rotorcraft,G-WOBR,AIRBUS HELICOPTERS EC-145,EC45,HLE61,1.88,10.4,543,401,112.0,True,False,-4.317,52.983,EGCK,EGCK,2026-06-06,11.5
43c8cc:2026-06-12T10:07:05Z,W1_Snowdonia,mil_state,ZM325,BEECHCRAFT T-6 Texan 2,TEX2,WINDR2,0.03,1.8,538,538,257.0,True,True,-3.75,53.15,,,2026-06-06,19.1
43c8cc:2026-06-12T10:07:05Z,W1_Snowdonia,mil_state,ZM325,BEECHCRAFT T-6 Texan 2,TEX2,WINDR2,0.37,2.8,522,421,254.0,True,True,-3.783,53.167,,,2026-06-06,13.2
43c8d2:2026-06-12T09:52:53Z,W1_Snowdonia,mil_state,ZM331,BEECHCRAFT T-6 Texan 2,TEX2,VYT82,0.68,5.4,483,380,238.0,True,True,-3.85,53.217,EGOV,EGOV,2026-06-06,46.8
406f2d:2026-06-10T14:02:28Z,W1_Snowdonia,rotorcraft,G-MCGZ,SIKORSKY S-92 Helibus,S92,SRD936,6.14,14.7,549,37,34.0,True,False,-4.236,53.322,EGCK,,2026-06-06,23.2
406f2d:2026-06-10T14:02:28Z,W1_Snowdonia,rotorcraft,G-MCGZ,SIKORSKY S-92 Helibus,S92,SRD936,0.39,14.1,582,494,84.0,False,False,-4.55,53.35,EGCK,,2026-06-06,3.1
4071ab:2026-06-10T12:48:12Z,W1_Snowdonia,rotorcraft,G-WOBR,AIRBUS HELICOPTERS EC-145,EC45,HLE61,3.03,30.0,516,151,91.0,False,False,-4.05,53.25,,,2026-06-06,13.3
43c8cc:2026-06-10T12:09:50Z,W1_Snowdonia,mil_state,ZM325,BEECHCRAFT T-6 Texan 2,TEX2,VYT69,0.34,2.6,221,173,244.0,True,True,-3.8,53.0,EGOV,EGOV,2026-06-06,53.9
43c8cb:2026-06-10T07:11:44Z,W1_Snowdonia,mil_state,ZM324,BEECHCRAFT T-6 Texan 2,TEX2,VYT81,0.03,0.2,423,423,250.0,True,True,-3.8,52.9,EGOV,,2026-06-06,63.2
43c5ea:2026-06-09T13:38:13Z,W1_Snowdonia,other,ZM416,AIRBUS A-400M,A400,DRD41,0.96,9.3,581,503,262.0,False,False,-3.85,53.214,,,2026-06-06,244.2
43c8e0:2026-06-09T12:13:09Z,W1_Snowdonia,rotorcraft,ZM506,AIRBUS HELICOPTERS EC-135/635,EC35,SYS96,1.5,4.0,580,174,84.0,True,False,-4.0,53.15,EGCK,,2026-06-06,12.9
43c8e0:2026-06-09T12:13:09Z,W1_Snowdonia,rotorcraft,ZM506,AIRBUS HELICOPTERS EC-135/635,EC35,SYS96,0.44,1.3,632,595,84.0,True,False,-3.95,53.15,EGCK,,2026-06-06,15.2
43c8e0:2026-06-09T12:13:09Z,W1_Snowdonia,rotorcraft,ZM506,AIRBUS HELICOPTERS EC-135/635,EC35,SYS96,0.21,0.5,227,227,84.0,True,False,-3.95,53.1,EGCK,,2026-06-06,12.3
43c8e0:2026-06-09T12:13:09Z,W1_Snowdonia,rotorcraft,ZM506,AIRBUS HELICOPTERS EC-135/635,EC35,SYS96,1.4,0.8,183,109,84.0,True,True,-3.95,53.1,EGCK,,2026-06-06,12.8
43c8e0:2026-06-09T10:28:07Z,W1_Snowdonia,rotorcraft,ZM506,AIRBUS HELICOPTERS EC-135/635,EC35,SYS96,1.93,5.3,606,577,75.0,True,False,-4.26,53.0,,EGCK,2026-06-06,5.4
43c8e0:2026-06-09T10:28:07Z,W1_Snowdonia,rotorcraft,ZM506,AIRBUS HELICOPTERS EC-135/635,EC35,SYS96,0.49,1.2,631,631,106.0,True,False,-4.25,53.0,,EGCK,2026-06-06,2.5
43c8ca:2026-06-09T10:17:12Z,W1_Snowdonia,mil_state,ZM323,BEECHCRAFT T-6 Texan 2,TEX2,VYT71,1.51,9.8,478,332,134.0,True,True,-3.8,52.963,,EGOV,2026-06-06,10.4
43c8ca:2026-06-09T09:39:25Z,W1_Snowdonia,mil_state,ZM323,BEECHCRAFT T-6 Texan 2,TEX2,VYT71,0.79,6.0,493,383,,True,False,-3.783,53.2,EGOV,,2026-06-06,25.3
43c8ca:2026-06-09T09:39:25Z,W1_Snowdonia,mil_state,ZM323,BEECHCRAFT T-6 Texan 2,TEX2,VYT71,0.69,4.6,332,309,232.0,False,False,-3.783,52.983,EGOV,,2026-06-06,2.2
43c8e0:2026-06-09T09:06:14Z,W1_Snowdonia,rotorcraft,ZM506,AIRBUS HELICOPTERS EC-135/635,EC35,SYS96,0.61,1.9,621,621,91.0,True,False,-3.3,52.95,EGOS,,2026-06-06,42.5
43c5ea:2026-06-09T07:14:19Z,W1_Snowdonia,other,ZM416,AIRBUS A-400M,A400,JIGSW99,0.75,11.4,500,376,278.0,False,False,-3.783,52.983,EGVN,EGVN,2026-06-06,201.5
43c5ea:2026-06-09T07:14:19Z,W1_Snowdonia,other,ZM416,AIRBUS A-400M,A400,JIGSW99,0.73,11.3,432,329,285.0,True,False,-3.85,53.213,EGVN,EGVN,2026-06-06,223.7
43c8d2:2026-06-09T07:01:11Z,W1_Snowdonia,mil_state,ZM331,BEECHCRAFT T-6 Texan 2,TEX2,WINDR2,1.26,12.1,515,367,242.0,True,False,-3.815,53.205,EGOV,,2026-06-06,20.1
43c8d2:2026-06-09T07:01:11Z,W1_Snowdonia,mil_state,ZM331,BEECHCRAFT T-6 Texan 2,TEX2,WINDR2,0.85,5.7,614,614,266.0,True,False,-3.65,53.2,EGOV,,2026-06-06,31.5
43c8d2:2026-06-09T07:01:11Z,W1_Snowdonia,mil_state,ZM331,BEECHCRAFT T-6 Texan 2,TEX2,WINDR2,0.69,5.1,553,545,266.0,True,False,-3.76,53.2,EGOV,,2026-06-06,23.1
43c8d2:2026-06-09T07:01:11Z,W1_Snowdonia,mil_state,ZM331,BEECHCRAFT T-6 Texan 2,TEX2,WINDR2,0.95,5.3,441,397,230.0,True,False,-3.55,53.15,EGOV,,2026-06-06,37.8
43c8d2:2026-06-09T07:01:11Z,W1_Snowdonia,mil_state,ZM331,BEECHCRAFT T-6 Texan 2,TEX2,WINDR2,0.89,5.6,538,335,232.0,True,False,-3.55,53.15,EGOV,,2026-06-06,38.5
43c8d2:2026-06-09T07:01:11Z,W1_Snowdonia,mil_state,ZM331,BEECHCRAFT T-6 Texan 2,TEX2,WINDR2,0.9,5.2,569,546,220.0,True,False,-3.75,53.167,EGOV,,2026-06-06,27.5
43c8d2:2026-06-09T07:01:11Z,W1_Snowdonia,mil_state,ZM331,BEECHCRAFT T-6 Texan 2,TEX2,WINDR2,0.63,4.8,532,481,237.0,True,False,-3.793,53.15,EGOV,,2026-06-06,25.2
43c8d2:2026-06-09T07:01:11Z,W1_Snowdonia,mil_state,ZM331,BEECHCRAFT T-6 Texan 2,TEX2,WINDR2,0.76,5.4,360,294,260.0,True,False,-3.75,53.138,EGOV,,2026-06-06,28.6
43c8d2:2026-06-09T07:01:11Z,W1_Snowdonia,mil_state,ZM331,BEECHCRAFT T-6 Texan 2,TEX2,WINDR2,0.43,3.0,585,399,240.0,True,False,-3.8,53.2,EGOV,,2026-06-06,22.5
43c8d2:2026-06-09T07:01:11Z,W1_Snowdonia,mil_state,ZM331,BEECHCRAFT T-6 Texan 2,TEX2,WINDR2,1.04,7.8,587,319,257.0,True,False,-3.825,53.208,EGOV,,2026-06-06,18.9
43c8cf:2026-06-09T07:01:05Z,W1_Snowdonia,mil_state,ZM328,BEECHCRAFT T-6 Texan 2,TEX2,WINDR1,1.76,13.2,387,295,245.0,True,False,-3.825,53.21,EGOV,EGOV,2026-06-06,46.0
43c8cf:2026-06-09T07:01:05Z,W1_Snowdonia,mil_state,ZM328,BEECHCRAFT T-6 Texan 2,TEX2,WINDR1,0.35,2.7,434,327,254.0,True,False,-3.783,53.2,EGOV,EGOV,2026-06-06,49.9
43c8cf:2026-06-09T07:01:05Z,W1_Snowdonia,mil_state,ZM328,BEECHCRAFT T-6 Texan 2,TEX2,WINDR1,0.13,0.8,391,391,253.0,True,False,-3.55,53.15,EGOV,EGOV,2026-06-06,65.0
43c8cf:2026-06-09T07:01:05Z,W1_Snowdonia,mil_state,ZM328,BEECHCRAFT T-6 Texan 2,TEX2,WINDR1,0.73,4.1,573,573,253.0,True,False,-3.6,53.1,EGOV,EGOV,2026-06-06,61.7
43c8cf:2026-06-09T07:01:05Z,W1_Snowdonia,mil_state,ZM328,BEECHCRAFT T-6 Texan 2,TEX2,WINDR1,0.3,2.2,295,295,253.0,True,False,-3.7,53.1,EGOV,EGOV,2026-06-06,54.6
43c8cf:2026-06-09T07:01:05Z,W1_Snowdonia,mil_state,ZM328,BEECHCRAFT T-6 Texan 2,TEX2,WINDR1,0.64,4.6,472,244,254.0,True,False,-3.787,53.15,EGOV,EGOV,2026-06-06,49.9
43c8cf:2026-06-09T07:01:05Z,W1_Snowdonia,mil_state,ZM328,BEECHCRAFT T-6 Texan 2,TEX2,WINDR1,0.1,0.7,698,698,212.0,True,False,-3.75,53.15,EGOV,EGOV,2026-06-06,51.5
43c8cf:2026-06-09T07:01:05Z,W1_Snowdonia,mil_state,ZM328,BEECHCRAFT T-6 Texan 2,TEX2,WINDR1,1.83,9.2,325,243,244.0,True,False,-3.779,53.164,EGOV,EGOV,2026-06-06,50.0
43c8cf:2026-06-09T07:01:05Z,W1_Snowdonia,mil_state,ZM328,BEECHCRAFT T-6 Texan 2,TEX2,WINDR1,0.59,3.8,541,382,230.0,True,False,-3.85,53.24,EGOV,EGOV,2026-06-06,44.9
43c5ea:2026-06-08T15:02:14Z,W1_Snowdonia,other,ZM416,AIRBUS A-400M,A400,FLTOT40,0.44,2.8,685,601,204.0,False,False,-3.8,52.975,EGVN,EGVN,2026-06-06,202.2
43c5ea:2026-06-08T15:02:14Z,W1_Snowdonia,other,ZM416,AIRBUS A-400M,A400,FLTOT40,0.47,16.7,433,433,282.0,True,False,-3.85,53.225,EGVN,EGVN,2026-06-06,224.6
43c8cd:2026-06-08T14:33:30Z,W1_Snowdonia,mil_state,ZM326,BEECHCRAFT T-6 Texan 2,TEX2,VYT68,0.19,1.8,635,597,258.0,True,True,-3.85,53.25,EGOV,EGOV,2026-06-06,47.1
43c8cd:2026-06-08T14:33:30Z,W1_Snowdonia,mil_state,ZM326,BEECHCRAFT T-6 Texan 2,TEX2,VYT68,0.12,4.2,692,368,256.0,True,True,-3.8,53.25,EGOV,EGOV,2026-06-06,52.2
407939:2026-06-08T14:18:04Z,W1_Snowdonia,civ_ga,G-RVNR,PARTENAVIA P-68 Observer,P68,PLINE33,0.46,1.8,656,656,120.0,False,False,-3.25,53.2,EGGP,EGGP,2026-06-06,27.2
43c922:2026-06-08T12:55:04Z,W1_Snowdonia,mil_state,ZM341,BEECHCRAFT T-6 Texan 2,TEX2,VYT55,0.33,15.5,414,321,251.0,False,False,-3.75,52.95,,EGOV,2026-06-06,0.8
43c922:2026-06-08T12:09:36Z,W1_Snowdonia,mil_state,ZM341,BEECHCRAFT T-6 Texan 2,TEX2,VYT55,0.78,6.0,530,407,268.0,True,False,-3.783,53.2,,,2026-06-06,30.9
43c922:2026-06-08T12:09:36Z,W1_Snowdonia,mil_state,ZM341,BEECHCRAFT T-6 Texan 2,TEX2,VYT55,1.48,10.9,571,398,242.0,False,False,-3.775,52.975,,,2026-06-06,7.5
43c8cd:2026-06-08T11:51:02Z,W1_Snowdonia,mil_state,ZM326,BEECHCRAFT T-6 Texan 2,TEX2,VYT81,0.28,2.1,313,313,256.0,True,True,-4.325,52.95,EGOV,EGOV,2026-06-06,32.5
43c8cd:2026-06-08T11:51:02Z,W1_Snowdonia,mil_state,ZM326,BEECHCRAFT T-6 Texan 2,TEX2,VYT81,0.38,2.9,291,291,252.0,True,True,-4.333,52.95,EGOV,EGOV,2026-06-06,32.3
43c8cd:2026-06-08T11:51:02Z,W1_Snowdonia,mil_state,ZM326,BEECHCRAFT T-6 Texan 2,TEX2,VYT81,0.23,1.9,418,418,257.0,True,True,-3.8,52.9,EGOV,EGOV,2026-06-06,57.9
43c92a:2026-06-08T10:03:04Z,W1_Snowdonia,rotorcraft,ZM496,AIRBUS HELICOPTERS EC-145,EC45,WWIND222,3.77,12.7,268,218,115.0,True,False,-4.09,53.263,,,2026-06-06,23.1
43c92a:2026-06-08T10:03:04Z,W1_Snowdonia,rotorcraft,ZM496,AIRBUS HELICOPTERS EC-145,EC45,WWIND222,1.63,15.9,293,218,73.0,True,False,-4.467,53.15,,,2026-06-06,16.4
4080c6:2026-06-08T09:48:13Z,W1_Snowdonia,rotorcraft,G-RESE,AGUSTA AW-139,A139,SRD336,1.61,13.7,481,481,114.0,True,False,-4.05,53.275,,EGCK,2026-06-06,15.7
43c8ca:2026-06-08T09:42:41Z,W1_Snowdonia,mil_state,ZM323,BEECHCRAFT T-6 Texan 2,TEX2,VYT92,0.05,0.4,547,547,285.0,True,False,-4.3,53.3,EGOV,EGOV,2026-06-06,17.7
43c8cf:2026-06-08T09:41:21Z,W1_Snowdonia,mil_state,ZM328,BEECHCRAFT T-6 Texan 2,TEX2,SWIFT02,0.53,13.3,423,265,239.0,True,False,-3.8,53.0,,,2026-06-06,27.1
43c924:2026-06-08T09:21:10Z,W1_Snowdonia,mil_state,ZM343,BEECHCRAFT T-6 Texan 2,TEX2,SWIFT1,0.17,11.8,293,288,242.0,True,True,-3.8,52.95,EGOV,EGOV,2026-06-06,55.0
4080c6:2026-06-08T08:25:18Z,W1_Snowdonia,rotorcraft,G-RESE,AGUSTA AW-139,A139,SRD336,2.22,21.9,532,532,118.0,False,False,-3.763,53.363,EGCK,,2026-06-06,10.2
43c5ea:2026-06-08T07:56:16Z,W1_Snowdonia,other,ZM416,AIRBUS A-400M,A400,JIGSW98,1.18,16.0,581,448,275.0,False,False,-3.788,52.975,EGVN,EGVN,2026-06-06,201.8
43c5ea:2026-06-08T07:56:16Z,W1_Snowdonia,other,ZM416,AIRBUS A-400M,A400,JIGSW98,1.54,17.8,549,415,269.0,True,False,-3.85,53.21,EGVN,EGVN,2026-06-06,223.3
43c5ea:2026-06-08T07:56:16Z,W1_Snowdonia,other,ZM416,AIRBUS A-400M,A400,JIGSW98,1.01,35.1,649,421,268.0,True,False,-4.05,53.25,EGVN,EGVN,2026-06-06,236.2
4caf18:2026-06-07T02:37:59Z,W1_Snowdonia,rotorcraft,EI-IRG,,A189,CGI116,1.13,61.7,434,226,71.0,True,True,-4.475,53.15,EIWT,EIWT,2026-06-06,136.7
4caf18:2026-06-07T02:37:59Z,W1_Snowdonia,rotorcraft,EI-IRG,,A189,CGI116,2.07,29.0,551,383,93.0,True,True,-4.5,53.117,EIWT,EIWT,2026-06-06,135.7
408163:2026-06-06T19:13:19Z,W1_Snowdonia,rotorcraft,G-RESI,AGUSTA AW-139,A139,SRG387,0.79,39.5,411,-93,82.0,False,False,-4.05,53.2,EGCK,EGCK,2026-06-06,25.5
408163:2026-06-06T19:13:19Z,W1_Snowdonia,rotorcraft,G-RESI,AGUSTA AW-139,A139,SRG387,2.52,8.6,604,586,92.0,True,False,-3.85,53.2,EGCK,EGCK,2026-06-06,36.1
408163:2026-06-06T19:13:19Z,W1_Snowdonia,rotorcraft,G-RESI,AGUSTA AW-139,A139,SRG387,1.99,29.6,588,407,79.0,True,False,-4.0,53.25,EGCK,EGCK,2026-06-06,28.3
408163:2026-06-06T16:11:37Z,W1_Snowdonia,rotorcraft,G-RESI,AGUSTA AW-139,A139,SRG387,3.65,4.0,231,49,118.0,True,False,-3.95,53.143,EGCK,,2026-06-06,17.3
408163:2026-06-06T12:44:01Z,W1_Snowdonia,rotorcraft,G-RESI,AGUSTA AW-139,A139,SRG387,0.15,0.4,631,631,94.0,True,False,-4.0,53.1,EGSY,EGCK,2026-06-06,25.6
4071ab:2026-06-06T09:34:20Z,W1_Snowdonia,rotorcraft,G-WOBR,AIRBUS HELICOPTERS EC-145,EC45,HLE61,1.43,4.9,686,686,108.0,True,False,-4.3,52.975,EGCK,,2026-06-06,11.9
4080c6:2026-06-19T09:03:59Z,W1_Snowdonia,rotorcraft,G-RESE,AGUSTA AW-139,A139,SRD336,2.07,24.9,410,-46,113.0,False,False,-4.525,53.113,EGCK,EGCK,2026-06-13,11.4
4080c6:2026-06-19T09:03:59Z,W1_Snowdonia,rotorcraft,G-RESE,AGUSTA AW-139,A139,SRD336,1.49,18.5,130,10,31.0,False,False,-4.483,53.117,EGCK,EGCK,2026-06-13,9.7
43c8d2:2026-06-19T07:27:16Z,W1_Snowdonia,mil_state,ZM331,BEECHCRAFT T-6 Texan 2,TEX2,VYT92,0.51,3.3,592,592,118.0,True,True,-4.0,53.35,EGOV,EGOV,2026-06-13,38.6
43c8cb:2026-06-19T07:10:01Z,W1_Snowdonia,mil_state,ZM324,BEECHCRAFT T-6 Texan 2,TEX2,VYT67,0.72,5.0,387,293,218.0,True,True,-3.85,53.2,EGOV,EGOV,2026-06-13,46.5
43c8cb:2026-06-19T07:10:01Z,W1_Snowdonia,mil_state,ZM324,BEECHCRAFT T-6 Texan 2,TEX2,VYT67,1.51,18.0,530,286,220.0,True,True,-3.65,53.175,EGOV,EGOV,2026-06-13,59.9
43c8cb:2026-06-19T07:10:01Z,W1_Snowdonia,mil_state,ZM324,BEECHCRAFT T-6 Texan 2,TEX2,VYT67,1.06,20.9,442,319,237.0,True,True,-3.75,52.975,EGOV,EGOV,2026-06-13,60.2
43c8cb:2026-06-19T07:10:01Z,W1_Snowdonia,mil_state,ZM324,BEECHCRAFT T-6 Texan 2,TEX2,VYT67,0.36,2.4,631,381,267.0,True,True,-4.1,53.3,EGOV,EGOV,2026-06-13,30.8
407b62:2026-06-19T05:32:12Z,W1_Snowdonia,civ_ga,G-JWPP,AEROPRO Eurofox,EFOX,GJWPP,1.99,12.7,655,194,,False,False,-4.267,53.283,EGOQ,EGSM,2026-06-13,10.6
43c8d2:2026-06-18T15:32:19Z,W1_Snowdonia,mil_state,ZM331,BEECHCRAFT T-6 Texan 2,TEX2,VYT79,1.34,21.3,425,256,236.0,True,True,-3.817,53.192,EGOV,EGOV,2026-06-13,50.0
43c924:2026-06-18T15:25:19Z,W1_Snowdonia,mil_state,ZM343,BEECHCRAFT T-6 Texan 2,TEX2,VYT87,0.59,4.4,660,410,254.0,True,True,-3.267,53.1,EGOV,EGOV,2026-06-13,87.6
43c924:2026-06-18T15:25:19Z,W1_Snowdonia,mil_state,ZM343,BEECHCRAFT T-6 Texan 2,TEX2,VYT87,2.68,29.8,415,296,245.0,True,True,-3.94,53.255,EGOV,EGOV,2026-06-13,41.4
43c8ef:2026-06-18T13:06:45Z,W1_Snowdonia,rotorcraft,ZM521,AIRBUS HELICOPTERS EC-135/635,EC35,SYS705,0.2,0.6,243,243,103.0,False,False,-3.35,52.9,EGOS,EGOS,2026-06-13,45.6
43c8f7:2026-06-18T11:41:56Z,W1_Snowdonia,rotorcraft,ZM529,AIRBUS HELICOPTERS EC-135/635,EC35,SYS71,2.39,7.7,258,84,72.0,False,False,-3.383,52.9,EGOS,EGOS,2026-06-13,46.5
4080c6:2026-06-18T10:23:16Z,W1_Snowdonia,rotorcraft,G-RESE,AGUSTA AW-139,A139,SRG336,0.94,13.6,636,390,137.0,False,False,-4.3,53.0,,EGCK,2026-06-13,1.5
43c8cc:2026-06-18T09:56:50Z,W1_Snowdonia,mil_state,ZM325,BEECHCRAFT T-6 Texan 2,TEX2,MTEOR2,0.89,15.2,399,290,233.0,True,True,-3.8,53.183,,,2026-06-13,16.8
43c8cc:2026-06-18T09:56:50Z,W1_Snowdonia,mil_state,ZM325,BEECHCRAFT T-6 Texan 2,TEX2,MTEOR2,0.98,7.5,444,244,229.0,True,True,-3.793,53.15,,,2026-06-13,19.7
43c8cc:2026-06-18T09:56:50Z,W1_Snowdonia,mil_state,ZM325,BEECHCRAFT T-6 Texan 2,TEX2,MTEOR2,2.34,17.0,383,178,220.0,True,True,-3.8,53.182,,,2026-06-13,17.2
43c8cd:2026-06-18T09:39:29Z,W1_Snowdonia,mil_state,ZM326,BEECHCRAFT T-6 Texan 2,TEX2,SWIFT2,0.65,4.5,477,311,246.0,True,False,-3.263,53.112,EGOV,EGOV,2026-06-13,88.6
43c8cd:2026-06-18T09:39:29Z,W1_Snowdonia,mil_state,ZM326,BEECHCRAFT T-6 Texan 2,TEX2,SWIFT2,1.75,13.6,437,213,225.0,True,False,-3.84,53.18,EGOV,EGOV,2026-06-13,49.7
43c922:2026-06-18T09:39:11Z,W1_Snowdonia,mil_state,ZM341,BEECHCRAFT T-6 Texan 2,TEX2,SWIFT1,0.61,13.0,626,423,134.0,True,False,-4.6,53.125,EGOV,EGOV,2026-06-13,9.8
43c922:2026-06-18T09:39:11Z,W1_Snowdonia,mil_state,ZM341,BEECHCRAFT T-6 Texan 2,TEX2,SWIFT1,0.72,4.9,581,446,222.0,True,False,-3.26,53.12,EGOV,EGOV,2026-06-13,88.3
43c922:2026-06-18T09:39:11Z,W1_Snowdonia,mil_state,ZM341,BEECHCRAFT T-6 Texan 2,TEX2,SWIFT1,0.92,11.4,449,232,223.0,True,False,-3.817,53.217,EGOV,EGOV,2026-06-13,49.5
43c924:2026-06-18T09:31:49Z,W1_Snowdonia,mil_state,ZM343,BEECHCRAFT T-6 Texan 2,TEX2,MTOR1,0.62,10.3,427,235,258.0,True,True,-3.817,53.15,EGOV,EGOV,2026-06-13,51.2
43c924:2026-06-18T09:31:49Z,W1_Snowdonia,mil_state,ZM343,BEECHCRAFT T-6 Texan 2,TEX2,MTOR1,1.1,8.3,392,307,237.0,True,True,-3.77,53.15,EGOV,EGOV,2026-06-13,53.9
43c924:2026-06-18T09:31:49Z,W1_Snowdonia,mil_state,ZM343,BEECHCRAFT T-6 Texan 2,TEX2,MTOR1,2.12,23.3,529,336,258.0,True,True,-3.795,53.185,EGOV,EGOV,2026-06-13,51.7
43c8cc:2026-06-17T14:44:21Z,W1_Snowdonia,mil_state,ZM325,BEECHCRAFT T-6 Texan 2,TEX2,VYT588,0.54,12.8,611,414,246.0,True,False,-4.3,53.3,EGOV,EGOV,2026-06-13,19.5
4080c6:2026-06-17T14:30:38Z,W1_Snowdonia,rotorcraft,G-RESE,AGUSTA AW-139,A139,SRD336,6.58,23.3,171,46,51.0,True,False,-4.55,52.975,EGCK,EGCK,2026-06-13,16.8
43c92a:2026-06-17T12:20:58Z,W1_Snowdonia,rotorcraft,ZM496,AIRBUS HELICOPTERS EC-145,EC45,WWIND228,1.03,17.4,200,200,91.0,False,False,-4.76,53.25,,EGOV,2026-06-13,1.0
43c8cc:2026-06-17T12:05:54Z,W1_Snowdonia,mil_state,ZM325,BEECHCRAFT T-6 Texan 2,TEX2,WINDR2,1.65,12.3,497,311,241.0,True,True,-3.85,53.17,,,2026-06-13,25.1
43c8cc:2026-06-17T12:05:54Z,W1_Snowdonia,mil_state,ZM325,BEECHCRAFT T-6 Texan 2,TEX2,WINDR2,0.08,0.6,328,328,251.0,True,True,-3.8,52.9,,,2026-06-13,44.4
43c8cb:2026-06-17T12:04:24Z,W1_Snowdonia,mil_state,ZM324,BEECHCRAFT T-6 Texan 2,TEX2,VYT68,0.8,5.9,481,325,254.0,True,True,-3.85,53.225,EGOV,EGOV,2026-06-13,46.6
43c8ce:2026-06-17T12:01:21Z,W1_Snowdonia,mil_state,ZM327,BEECHCRAFT T-6 Texan 2,TEX2,WINDR1,1.43,14.3,540,310,246.0,True,True,-3.85,53.2,EGOV,EGOV,2026-06-13,47.2
43c924:2026-06-17T11:17:33Z,W1_Snowdonia,mil_state,ZM343,BEECHCRAFT T-6 Texan 2,TEX2,SWIFT01,1.26,12.7,396,396,130.0,False,False,-4.55,53.15,EGOV,,2026-06-13,10.0
402f2f:2026-06-17T10:56:11Z,W1_Snowdonia,civ_ga,G-XAVI,PIPER PA-28-140/150/160/180,P28A,GXAVI,2.01,6.1,581,237,50.0,True,True,-3.78,52.95,EGCK,EGNR,2026-06-13,41.5
43c922:2026-06-17T10:10:09Z,W1_Snowdonia,mil_state,ZM341,BEECHCRAFT T-6 Texan 2,TEX2,MTOR2,0.49,3.6,407,407,241.0,True,True,-4.325,52.95,,,2026-06-13,11.1
43c922:2026-06-17T10:10:09Z,W1_Snowdonia,mil_state,ZM341,BEECHCRAFT T-6 Texan 2,TEX2,MTOR2,0.27,1.9,372,331,239.0,True,True,-4.35,52.95,,,2026-06-13,10.6
43c922:2026-06-17T10:10:09Z,W1_Snowdonia,mil_state,ZM341,BEECHCRAFT T-6 Texan 2,TEX2,MTOR2,0.28,2.1,660,660,230.0,False,True,-4.45,52.95,,,2026-06-13,3.2
43c8cb:2026-06-17T09:29:55Z,W1_Snowdonia,mil_state,ZM324,BEECHCRAFT T-6 Texan 2,TEX2,MTEOR1,0.52,3.8,363,254,237.0,True,True,-4.32,52.95,EGOV,EGOV,2026-06-13,32.5
43c8cb:2026-06-17T09:29:55Z,W1_Snowdonia,mil_state,ZM324,BEECHCRAFT T-6 Texan 2,TEX2,MTEOR1,0.33,2.3,648,571,238.0,True,True,-4.475,52.95,EGOV,EGOV,2026-06-13,31.4
43c8e3:2026-06-17T08:38:57Z,W1_Snowdonia,rotorcraft,ZM509,AIRBUS HELICOPTERS EC-135/635,EC35,SYS90,0.07,0.2,231,231,111.0,False,False,-3.8,52.95,EGOS,EGOS,2026-06-13,76.6
43c8e3:2026-06-17T08:38:57Z,W1_Snowdonia,rotorcraft,ZM509,AIRBUS HELICOPTERS EC-135/635,EC35,SYS90,0.52,1.8,104,72,112.0,False,False,-3.35,52.9,EGOS,EGOS,2026-06-13,45.5
43c8e3:2026-06-17T08:38:57Z,W1_Snowdonia,rotorcraft,ZM509,AIRBUS HELICOPTERS EC-135/635,EC35,SYS90,0.08,0.3,296,296,116.0,False,False,-3.25,52.9,EGOS,EGOS,2026-06-13,40.1
43c8f9:2026-06-16T13:43:48Z,W1_Snowdonia,rotorcraft,ZM531,AIRBUS HELICOPTERS EC-135/635,EC35,SYS72,0.52,1.6,509,509,94.0,False,False,-3.25,52.85,EGOS,EGOS,2026-06-13,35.8
43c8cc:2026-06-16T12:17:09Z,W1_Snowdonia,mil_state,ZM325,BEECHCRAFT T-6 Texan 2,TEX2,RCKT1,1.62,12.1,481,386,237.0,True,True,-3.825,53.192,EGOV,,2026-06-13,47.2
43c8cc:2026-06-16T12:17:09Z,W1_Snowdonia,mil_state,ZM325,BEECHCRAFT T-6 Texan 2,TEX2,RCKT1,1.61,10.6,219,135,232.0,True,True,-3.779,52.964,EGOV,,2026-06-13,56.9
43c8cc:2026-06-16T12:17:09Z,W1_Snowdonia,mil_state,ZM325,BEECHCRAFT T-6 Texan 2,TEX2,RCKT1,0.85,16.5,254,212,251.0,True,True,-3.75,53.0,EGOV,,2026-06-13,58.6
43c8e9:2026-06-16T11:01:14Z,W1_Snowdonia,rotorcraft,ZM515,AIRBUS HELICOPTERS EC-135/635,EC35,SYS71,0.62,1.4,629,468,98.0,False,False,-3.25,52.95,EGOS,EGOS,2026-06-13,41.2
43c5ec:2026-06-16T10:46:17Z,W1_Snowdonia,other,ZM418,AIRBUS A-400M,A400,JIGSW90,0.04,0.4,333,333,261.0,False,False,-3.8,52.9,,,2026-06-13,30.9
43c921:2026-06-16T10:04:07Z,W1_Snowdonia,mil_state,ZM340,BEECHCRAFT T-6 Texan 2,TEX2,VYT61,2.25,23.6,530,330,,False,False,-4.533,53.017,EGOV,EGUW,2026-06-13,21.5
43c5ec:2026-06-16T08:45:33Z,W1_Snowdonia,other,ZM418,AIRBUS A-400M,A400,JIGSW90,0.95,24.8,477,367,271.0,False,False,-4.0,53.1,EGVN,,2026-06-13,8.3
4077d7:2026-06-16T08:31:01Z,W1_Snowdonia,rotorcraft,G-ILLD,ROBINSON R-44 Raven,R44,GCRDL,3.31,9.5,427,212,90.0,False,False,-3.3,52.881,,,2026-06-13,34.3
4071ab:2026-06-16T07:21:30Z,W1_Snowdonia,rotorcraft,G-WOBR,AIRBUS HELICOPTERS EC-145,EC45,HLE61,1.39,31.8,397,-80,129.0,False,False,-4.3,53.312,EGCK,,2026-06-13,23.2
43c922:2026-06-15T14:29:21Z,W1_Snowdonia,mil_state,ZM341,BEECHCRAFT T-6 Texan 2,TEX2,VYT69,1.89,16.1,328,183,239.0,True,False,-3.83,53.2,EGOV,,2026-06-13,26.2
43c922:2026-06-15T14:29:21Z,W1_Snowdonia,mil_state,ZM341,BEECHCRAFT T-6 Texan 2,TEX2,VYT69,1.02,15.9,243,102,247.0,False,False,-3.75,52.975,EGOV,,2026-06-13,2.5
4080c6:2026-06-15T13:34:01Z,W1_Snowdonia,rotorcraft,G-RESE,AGUSTA AW-139,A139,SRD336,2.64,9.9,466,466,1.0,True,False,-4.071,53.371,EGCK,EGCK,2026-06-13,38.2
43c8cd:2026-06-15T12:13:22Z,W1_Snowdonia,mil_state,ZM326,BEECHCRAFT T-6 Texan 2,TEX2,VYT91,0.68,12.5,608,128,234.0,True,True,-3.85,53.15,EGOV,EGOV,2026-06-13,45.7
43c8d2:2026-06-15T12:09:31Z,W1_Snowdonia,mil_state,ZM331,BEECHCRAFT T-6 Texan 2,TEX2,VNQSH01,1.33,17.0,433,228,,False,False,-3.82,53.2,EGOV,,2026-06-13,14.4
4077d7:2026-06-15T11:15:30Z,W1_Snowdonia,rotorcraft,G-ILLD,ROBINSON R-44 Raven,R44,GCRDL,0.37,0.9,677,648,113.0,False,False,-3.275,53.2,EGCB,,2026-06-13,0.5
43c5ef:2026-06-15T10:20:36Z,W1_Snowdonia,other,ZM421,AIRBUS A-400M,A400,JIGSW93,0.71,5.6,564,553,261.0,False,False,-3.85,53.175,,EGVN,2026-06-13,157.8
43c8cb:2026-06-15T10:06:43Z,W1_Snowdonia,mil_state,ZM324,BEECHCRAFT T-6 Texan 2,TEX2,SWIFT1,0.48,18.9,376,207,236.0,True,True,-3.75,53.15,EGOV,EGOV,2026-06-13,51.3
43c8cc:2026-06-15T09:43:03Z,W1_Snowdonia,mil_state,ZM325,BEECHCRAFT T-6 Texan 2,TEX2,VYT70,0.26,1.9,649,649,245.0,True,False,-3.9,53.2,EGOV,EGOV,2026-06-13,43.2
43c8cd:2026-06-15T08:07:36Z,W1_Snowdonia,mil_state,ZM326,BEECHCRAFT T-6 Texan 2,TEX2,CORDT2,0.64,4.4,489,489,243.0,True,True,-3.85,53.15,,,2026-06-13,14.8
43c8cd:2026-06-15T08:07:36Z,W1_Snowdonia,mil_state,ZM326,BEECHCRAFT T-6 Texan 2,TEX2,CORDT2,0.78,14.2,376,186,245.0,True,True,-3.75,52.975,,,2026-06-13,34.2
43c8ca:2026-06-15T07:35:21Z,W1_Snowdonia,mil_state,ZM323,BEECHCRAFT T-6 Texan 2,TEX2,CORDT1,1.52,20.1,384,213,236.0,True,True,-3.725,52.975,EGOV,EGOV,2026-06-13,61.1
4080c6:2026-06-14T20:57:13Z,W1_Snowdonia,rotorcraft,G-RESE,AGUSTA AW-139,A139,SRD337,3.61,17.8,210,110,66.0,True,False,-4.458,53.0,,EGCK,2026-06-13,9.5
4080c6:2026-06-14T20:57:13Z,W1_Snowdonia,rotorcraft,G-RESE,AGUSTA AW-139,A139,SRD337,4.73,6.3,282,153,62.0,True,False,-4.365,52.983,,EGCK,2026-06-13,11.2
4071ab:2026-06-14T19:07:45Z,W1_Snowdonia,rotorcraft,G-WOBR,AIRBUS HELICOPTERS EC-145,EC45,HLE61,0.62,12.0,458,40,,False,False,-4.3,53.0,,EGCK,2026-06-13,1.2
4071ab:2026-06-14T18:05:00Z,W1_Snowdonia,rotorcraft,G-WOBR,AIRBUS HELICOPTERS EC-145,EC45,HLE61,0.67,2.7,592,592,114.0,False,False,-4.3,52.95,EGCK,,2026-06-13,1.4
4071ab:2026-06-14T16:41:05Z,W1_Snowdonia,rotorcraft,G-WOBR,AIRBUS HELICOPTERS EC-145,EC45,HLE61,1.02,3.7,673,443,113.0,True,False,-4.4,52.983,EGCK,EGCK,2026-06-13,11.2
407e39:2026-06-14T08:45:21Z,W1_Snowdonia,rotorcraft,G-NADE,BELL 505 JetRanger X,B505,GNADE,3.0,8.7,626,572,94.0,False,False,-3.758,52.975,,EGCK,2026-06-13,3.6
407e39:2026-06-14T08:45:21Z,W1_Snowdonia,rotorcraft,G-NADE,BELL 505 JetRanger X,B505,GNADE,1.9,5.6,492,492,99.0,True,False,-3.85,53.233,,EGCK,2026-06-13,32.5
407e39:2026-06-14T08:45:21Z,W1_Snowdonia,rotorcraft,G-NADE,BELL 505 JetRanger X,B505,GNADE,1.24,7.0,657,657,99.0,True,False,-3.95,53.25,,EGCK,2026-06-13,32.6
4080c6:2026-06-13T22:58:22Z,W1_Snowdonia,rotorcraft,G-RESE,AGUSTA AW-139,A139,SRD337,2.01,14.6,243,86,,False,False,-4.537,53.05,,EGCK,2026-06-13,12.0
4080c6:2026-06-13T22:19:13Z,W1_Snowdonia,rotorcraft,G-RESE,AGUSTA AW-139,A139,SRD337,7.65,14.8,196,71,69.0,False,False,-4.5,53.083,EGCK,,2026-06-13,5.9
4080c6:2026-06-13T21:06:09Z,W1_Snowdonia,rotorcraft,G-RESE,AGUSTA AW-139,A139,SRD337,0.57,1.6,645,645,84.0,True,False,-4.25,53.05,EGCK,EGCK,2026-06-13,8.1
4080c6:2026-06-13T21:06:09Z,W1_Snowdonia,rotorcraft,G-RESE,AGUSTA AW-139,A139,SRD337,3.45,6.2,470,305,56.0,True,False,-3.95,53.1,EGCK,EGCK,2026-06-13,27.7
43c8cf:2026-06-13T14:30:14Z,W1_Snowdonia,mil_state,ZM328,BEECHCRAFT T-6 Texan 2,TEX2,SWIFT2,0.78,19.7,342,230,236.0,False,False,-3.85,53.175,,,2026-06-13,5.2
43c8ca:2026-06-13T14:04:42Z,W1_Snowdonia,mil_state,ZM323,BEECHCRAFT T-6 Texan 2,TEX2,SWIFT01,0.62,4.2,488,488,230.0,True,False,-3.85,53.175,EGUB,EGOV,2026-06-13,44.2
4080c6:2026-06-13T13:28:36Z,W1_Snowdonia,rotorcraft,G-RESE,AGUSTA AW-139,A139,SRG336,0.37,1.6,320,320,143.0,True,False,-3.95,53.2,EGCK,EGGP,2026-06-13,30.7
407045:2026-07-03T19:43:46Z,W1_Snowdonia,rotorcraft,G-LOYW,AIRBUS HELICOPTERS EC-145,EC45,GAMA101P,1.2,7.0,464,408,113.0,True,False,-4.3,52.992,,EGCK,2026-06-27,10.3
43c8d2:2026-07-03T15:19:24Z,W1_Snowdonia,mil_state,ZM331,BEECHCRAFT T-6 Texan 2,TEX2,VYT70,1.41,25.3,399,190,226.0,True,True,-3.85,53.181,EGOV,EGOV,2026-06-27,47.5
43c8d2:2026-07-03T15:19:24Z,W1_Snowdonia,mil_state,ZM331,BEECHCRAFT T-6 Texan 2,TEX2,VYT70,0.94,7.6,563,461,239.0,True,True,-3.75,52.95,EGOV,EGOV,2026-06-27,61.4
4071ab:2026-07-03T15:16:08Z,W1_Snowdonia,rotorcraft,G-WOBR,AIRBUS HELICOPTERS EC-145,EC45,HLE61,0.2,0.6,626,626,109.0,False,False,-3.8,53.3,,,2026-06-27,0.4
43c8d0:2026-07-03T15:01:45Z,W1_Snowdonia,mil_state,ZM329,BEECHCRAFT T-6 Texan 2,TEX2,VYT566,0.7,5.8,518,348,268.0,True,True,-3.787,52.975,EGOV,EGOV,2026-06-27,58.5
43c8d0:2026-07-03T15:01:45Z,W1_Snowdonia,mil_state,ZM329,BEECHCRAFT T-6 Texan 2,TEX2,VYT566,1.11,13.3,543,296,231.0,True,True,-3.75,52.95,EGOV,EGOV,2026-06-27,61.5
424c6c:2026-07-03T14:07:01Z,W1_Snowdonia,rotorcraft,M-DOGA,AIRBUS HELICOPTERS EC-135/635,EC35,MDOGA,0.94,3.6,632,551,127.0,True,False,-3.95,53.0,EGFC,EGNS,2026-06-27,127.4
4071ab:2026-07-03T12:45:41Z,W1_Snowdonia,rotorcraft,G-WOBR,AIRBUS HELICOPTERS EC-145,EC45,HLE61,0.83,3.2,666,666,126.0,False,False,-3.35,52.9,,,2026-06-27,1.6
43c8d0:2026-07-03T12:32:03Z,W1_Snowdonia,mil_state,ZM329,BEECHCRAFT T-6 Texan 2,TEX2,RCKT2,2.02,24.4,537,203,247.0,True,False,-3.836,53.2,,,2026-06-27,7.8
43c8d0:2026-07-03T12:32:03Z,W1_Snowdonia,mil_state,ZM329,BEECHCRAFT T-6 Texan 2,TEX2,RCKT2,0.61,12.1,287,230,245.0,True,False,-3.75,53.15,,,2026-06-27,10.8
43c8d0:2026-07-03T12:32:03Z,W1_Snowdonia,mil_state,ZM329,BEECHCRAFT T-6 Texan 2,TEX2,RCKT2,0.48,4.0,264,264,244.0,True,False,-3.65,53.1,,,2026-06-27,19.0
43c8d0:2026-07-03T12:32:03Z,W1_Snowdonia,mil_state,ZM329,BEECHCRAFT T-6 Texan 2,TEX2,RCKT2,2.27,16.3,290,257,271.0,True,False,-3.722,53.139,,,2026-06-27,13.2
43c8cb:2026-07-03T12:27:56Z,W1_Snowdonia,mil_state,ZM324,BEECHCRAFT T-6 Texan 2,TEX2,RCKT01,1.74,25.8,502,260,253.0,True,False,-3.818,53.2,EGOV,EGOV,2026-06-27,49.1
43c8cb:2026-07-03T12:27:56Z,W1_Snowdonia,mil_state,ZM324,BEECHCRAFT T-6 Texan 2,TEX2,RCKT01,0.28,13.2,364,181,235.0,True,False,-3.75,53.15,EGOV,EGOV,2026-06-27,53.9
43c8cb:2026-07-03T12:27:56Z,W1_Snowdonia,mil_state,ZM324,BEECHCRAFT T-6 Texan 2,TEX2,RCKT01,0.16,1.3,320,320,253.0,True,False,-3.65,53.1,EGOV,EGOV,2026-06-27,63.5
43c8cb:2026-07-03T12:27:56Z,W1_Snowdonia,mil_state,ZM324,BEECHCRAFT T-6 Texan 2,TEX2,RCKT01,0.61,7.7,421,277,220.0,True,False,-3.7,53.108,EGOV,EGOV,2026-06-27,58.4
43c8cd:2026-07-03T10:05:42Z,W1_Snowdonia,mil_state,ZM326,BEECHCRAFT T-6 Texan 2,TEX2,VYT76,0.1,0.7,626,626,248.0,True,False,-4.3,53.3,EGOV,EGTE,2026-06-27,19.7
43c8d2:2026-07-03T10:03:10Z,W1_Snowdonia,mil_state,ZM331,BEECHCRAFT T-6 Texan 2,TEX2,VYT69,1.88,30.7,434,313,240.0,True,True,-3.825,53.113,EGOV,EGOV,2026-06-27,51.9
43c8d2:2026-07-03T10:03:10Z,W1_Snowdonia,mil_state,ZM331,BEECHCRAFT T-6 Texan 2,TEX2,VYT69,0.73,5.5,532,504,244.0,True,True,-3.588,53.1,EGOV,EGOV,2026-06-27,68.6
43c8d2:2026-07-03T10:03:10Z,W1_Snowdonia,mil_state,ZM331,BEECHCRAFT T-6 Texan 2,TEX2,VYT69,0.35,9.1,520,310,261.0,True,True,-3.8,52.95,EGOV,EGOV,2026-06-27,58.9
43c8cc:2026-07-03T09:57:47Z,W1_Snowdonia,mil_state,ZM325,BEECHCRAFT T-6 Texan 2,TEX2,VYT85,0.59,4.7,349,204,274.0,True,True,-3.825,53.175,EGOV,EGOV,2026-06-27,49.9
43c8cc:2026-07-03T09:57:47Z,W1_Snowdonia,mil_state,ZM325,BEECHCRAFT T-6 Texan 2,TEX2,VYT85,0.24,1.9,604,604,250.0,True,True,-3.75,52.95,EGOV,EGOV,2026-06-27,64.5
43c8e0:2026-07-03T09:47:03Z,W1_Snowdonia,rotorcraft,ZM506,AIRBUS HELICOPTERS EC-135/635,EC35,SYS102,0.23,2.2,545,274,93.0,True,False,-3.95,53.1,EGOS,EGOS,2026-06-27,90.4
43c8e0:2026-07-03T09:47:03Z,W1_Snowdonia,rotorcraft,ZM506,AIRBUS HELICOPTERS EC-135/635,EC35,SYS102,3.23,6.1,282,133,54.0,True,True,-4.05,53.186,EGOS,EGOS,2026-06-27,100.3
43c8e0:2026-07-03T09:47:03Z,W1_Snowdonia,rotorcraft,ZM506,AIRBUS HELICOPTERS EC-135/635,EC35,SYS102,0.02,0.1,484,484,118.0,True,False,-3.35,52.95,EGOS,EGOS,2026-06-27,47.3
43c8e0:2026-07-03T09:47:03Z,W1_Snowdonia,rotorcraft,ZM506,AIRBUS HELICOPTERS EC-135/635,EC35,SYS102,1.36,4.4,554,366,118.0,False,False,-3.25,52.9,EGOS,EGOS,2026-06-27,40.1
43c8cc:2026-07-03T07:25:01Z,W1_Snowdonia,mil_state,ZM325,BEECHCRAFT T-6 Texan 2,TEX2,VYT87,0.03,0.3,611,611,278.0,True,True,-3.75,52.9,EGOV,EGOV,2026-06-27,62.0
43c8cc:2026-07-03T07:25:01Z,W1_Snowdonia,mil_state,ZM325,BEECHCRAFT T-6 Texan 2,TEX2,VYT87,0.53,3.9,603,388,240.0,True,True,-3.283,53.1,EGOV,EGOV,2026-06-27,84.2
43c5e2:2026-07-02T21:35:19Z,W1_Snowdonia,other,ZM408,AIRBUS A-400M,A400,JGSAW91,0.25,14.1,648,598,269.0,False,False,-3.85,53.15,EGVN,EGVN,2026-06-27,220.1
43c5e2:2026-07-02T21:35:19Z,W1_Snowdonia,other,ZM408,AIRBUS A-400M,A400,JGSAW91,0.19,3.1,537,529,276.0,True,False,-3.85,53.2,EGVN,EGVN,2026-06-27,225.3
43c5dc:2026-07-02T21:02:00Z,W1_Snowdonia,other,ZM402,AIRBUS A-400M,A400,JDGMT87,2.47,45.6,516,390,273.0,False,False,-3.885,53.2,EGVN,EGVN,2026-06-27,224.5
43c5dc:2026-07-02T21:02:00Z,W1_Snowdonia,other,ZM402,AIRBUS A-400M,A400,JDGMT87,0.05,0.5,435,435,270.0,False,False,-3.8,52.9,EGVN,EGVN,2026-06-27,198.6
43c92a:2026-07-02T14:04:40Z,W1_Snowdonia,rotorcraft,ZM496,AIRBUS HELICOPTERS EC-145,EC45,WWIND212,0.5,1.0,335,335,85.0,False,False,-4.5,53.3,,,2026-06-27,0.5
43c8d8:2026-07-02T12:53:07Z,W1_Snowdonia,mil_state,ZM337,EMBRAER EMB-500 Phenom 100,E50P,CWL55,0.45,3.1,606,606,221.0,True,True,-3.55,53.05,EGYD,EGYD,2026-06-27,201.8
43c8d8:2026-07-02T12:53:07Z,W1_Snowdonia,mil_state,ZM337,EMBRAER EMB-500 Phenom 100,E50P,CWL55,1.38,13.1,640,390,209.0,True,True,-3.725,53.225,EGYD,EGYD,2026-06-27,214.9
43c8d8:2026-07-02T12:53:07Z,W1_Snowdonia,mil_state,ZM337,EMBRAER EMB-500 Phenom 100,E50P,CWL55,0.73,8.2,621,450,208.0,True,True,-3.95,53.0,EGYD,EGYD,2026-06-27,229.4
43c8cc:2026-07-02T12:20:26Z,W1_Snowdonia,mil_state,ZM325,BEECHCRAFT T-6 Texan 2,TEX2,VYT87,0.58,15.7,248,183,236.0,True,True,-3.85,53.15,EGOV,EGOV,2026-06-27,45.5
43c8d7:2026-07-02T11:18:58Z,W1_Snowdonia,mil_state,ZM336,EMBRAER EMB-500 Phenom 100,E50P,CWL42,0.53,3.8,696,614,226.0,False,False,-3.8,53.2,EGYD,EGYD,2026-06-27,219.3
008f33:2026-07-02T11:05:35Z,W1_Snowdonia,other,ZS-FTA,CESSNA 201 Centurion,C210,ZSGDF,2.81,5.4,500,338,56.0,True,True,-3.942,53.2,,,2026-06-27,28.4
43c5e4:2026-07-02T09:08:17Z,W1_Snowdonia,other,ZM410,AIRBUS A-400M,A400,ARKTS34,0.57,6.2,452,408,224.0,False,False,-3.75,53.0,EGVN,EGVN,2026-06-27,202.9
43c5e4:2026-07-02T09:08:17Z,W1_Snowdonia,other,ZM410,AIRBUS A-400M,A400,ARKTS34,0.98,55.8,441,235,264.0,False,False,-4.0,53.1,EGVN,EGVN,2026-06-27,221.1
406b75:2026-07-02T08:25:10Z,W1_Snowdonia,other,G-KLNM,AEROSPATIALE AS-350 Ecureuil,AS50,GYPSI,0.19,1.2,569,569,974.0,False,False,-3.35,52.9,,,2026-06-27,0.6
43c8d0:2026-07-01T13:48:59Z,W1_Snowdonia,mil_state,ZM329,BEECHCRAFT T-6 Texan 2,TEX2,VNQSH02,3.27,31.0,486,324,252.0,False,False,-3.73,53.12,,,2026-06-27,17.7
408163:2026-07-01T13:46:27Z,W1_Snowdonia,rotorcraft,G-RESI,AGUSTA AW-139,A139,SRG336,2.23,6.3,245,226,70.0,True,False,-3.775,53.15,EGCK,EGCK,2026-06-27,39.3
43c8cb:2026-07-01T13:02:15Z,W1_Snowdonia,mil_state,ZM324,BEECHCRAFT T-6 Texan 2,TEX2,VNQSH1,3.47,32.3,381,222,245.0,True,True,-3.75,53.133,EGOV,EGOV,2026-06-27,54.9
43c8cb:2026-07-01T13:02:15Z,W1_Snowdonia,mil_state,ZM324,BEECHCRAFT T-6 Texan 2,TEX2,VNQSH1,0.49,3.5,563,235,268.0,True,True,-3.763,52.925,EGOV,EGOV,2026-06-27,62.6
407d94:2026-07-01T11:20:18Z,W1_Snowdonia,rotorcraft,G-NMCF,AEROSPATIALE AS-355 Ecureuil 2,AS55,HLL01,0.53,2.0,580,580,136.0,False,False,-3.25,53.1,EGNS,,2026-06-27,140.1
4071ab:2026-07-01T11:19:22Z,W1_Snowdonia,rotorcraft,G-WOBR,AIRBUS HELICOPTERS EC-145,EC45,HLE61,2.62,12.0,547,146,116.0,False,False,-3.45,52.9,,EGCW,2026-06-27,31.4
408163:2026-06-30T21:54:27Z,W1_Snowdonia,rotorcraft,G-RESI,AGUSTA AW-139,A139,SRD336,5.93,23.1,142,10,72.0,False,False,-4.529,53.017,,EGCK,2026-06-27,12.5
4071ab:2026-06-30T18:06:01Z,W1_Snowdonia,rotorcraft,G-WOBR,AIRBUS HELICOPTERS EC-145,EC45,HLE61,0.11,0.4,591,591,123.0,True,False,-4.25,53.05,EGCK,EGCW,2026-06-27,8.4
4080c6:2026-06-30T14:01:12Z,W1_Snowdonia,rotorcraft,G-RESE,AGUSTA AW-139,A139,SRD336,7.8,12.0,169,-87,48.0,False,False,-4.5,53.05,EGCK,EGCK,2026-06-27,9.8
4080c6:2026-06-30T14:01:12Z,W1_Snowdonia,rotorcraft,G-RESE,AGUSTA AW-139,A139,SRD336,16.71,18.7,419,44,73.0,False,False,-4.497,53.05,EGCK,EGCK,2026-06-27,9.9
43c8d0:2026-06-30T12:48:37Z,W1_Snowdonia,mil_state,ZM329,BEECHCRAFT T-6 Texan 2,TEX2,VYT66,0.17,1.4,692,692,234.0,True,False,-4.6,53.0,,EGOV,2026-06-27,21.5
43c8eb:2026-06-30T10:01:10Z,W1_Snowdonia,rotorcraft,ZM517,AIRBUS HELICOPTERS EC-135/635,EC35,SYS705,0.9,2.7,623,623,81.0,False,False,-3.3,52.9,EGOS,EGOS,2026-06-27,42.1
43c8eb:2026-06-30T08:04:08Z,W1_Snowdonia,rotorcraft,ZM517,AIRBUS HELICOPTERS EC-135/635,EC35,SYS150,0.31,1.0,504,504,108.0,False,False,-3.25,52.9,EGOS,EGOS,2026-06-27,39.6
43c8cb:2026-06-29T15:43:30Z,W1_Snowdonia,mil_state,ZM324,BEECHCRAFT T-6 Texan 2,TEX2,WINDR2,0.64,4.7,495,358,240.0,True,True,-3.814,53.2,,,2026-06-27,13.6
43c8cb:2026-06-29T15:43:30Z,W1_Snowdonia,mil_state,ZM324,BEECHCRAFT T-6 Texan 2,TEX2,WINDR2,2.37,17.0,443,288,234.0,True,True,-3.742,53.162,,,2026-06-27,19.3
43c8cb:2026-06-29T15:43:30Z,W1_Snowdonia,mil_state,ZM324,BEECHCRAFT T-6 Texan 2,TEX2,WINDR2,3.46,24.9,360,225,238.0,True,True,-3.702,53.126,,,2026-06-27,23.7
43c8cd:2026-06-29T15:34:32Z,W1_Snowdonia,mil_state,ZM326,BEECHCRAFT T-6 Texan 2,TEX2,VYT84,0.33,2.4,268,268,223.0,False,False,-3.65,53.1,,EGOV,2026-06-27,61.4
43c8d0:2026-06-29T15:21:48Z,W1_Snowdonia,mil_state,ZM329,BEECHCRAFT T-6 Texan 2,TEX2,VYT72,0.49,3.5,602,452,238.0,True,True,-4.6,52.95,EGOV,EGOV,2026-06-27,28.0
43c8d0:2026-06-29T15:21:48Z,W1_Snowdonia,mil_state,ZM329,BEECHCRAFT T-6 Texan 2,TEX2,VYT72,0.18,1.4,471,445,268.0,True,True,-4.45,52.95,EGOV,EGOV,2026-06-27,28.7
43c8cf:2026-06-29T15:15:13Z,W1_Snowdonia,mil_state,ZM328,BEECHCRAFT T-6 Texan 2,TEX2,WINDR1,0.79,13.2,479,388,244.0,True,True,-3.792,53.2,EGOV,EGOV,2026-06-27,51.6
43c8cf:2026-06-29T15:15:13Z,W1_Snowdonia,mil_state,ZM328,BEECHCRAFT T-6 Texan 2,TEX2,WINDR1,0.7,1.7,653,653,249.0,True,True,-3.55,53.15,EGOV,EGOV,2026-06-27,66.6
43c8cf:2026-06-29T15:15:13Z,W1_Snowdonia,mil_state,ZM328,BEECHCRAFT T-6 Texan 2,TEX2,WINDR1,1.12,8.1,431,253,235.0,True,True,-3.791,53.15,EGOV,EGOV,2026-06-27,52.4
43c8cf:2026-06-29T15:15:13Z,W1_Snowdonia,mil_state,ZM328,BEECHCRAFT T-6 Texan 2,TEX2,WINDR1,0.39,2.7,373,373,229.0,True,True,-3.55,53.15,EGOV,EGOV,2026-06-27,68.0
43c8cf:2026-06-29T15:15:13Z,W1_Snowdonia,mil_state,ZM328,BEECHCRAFT T-6 Texan 2,TEX2,WINDR1,1.77,13.5,486,288,242.0,True,True,-3.714,53.132,EGOV,EGOV,2026-06-27,57.7
43c8cc:2026-06-29T14:59:19Z,W1_Snowdonia,mil_state,ZM325,BEECHCRAFT T-6 Texan 2,TEX2,VYT79,0.5,4.0,331,331,257.0,True,True,-3.75,52.95,EGOV,EGOV,2026-06-27,60.8
43c8cc:2026-06-29T14:59:19Z,W1_Snowdonia,mil_state,ZM325,BEECHCRAFT T-6 Texan 2,TEX2,VYT79,0.79,6.5,255,249,263.0,True,True,-3.65,53.1,EGOV,EGOV,2026-06-27,62.7
43c8cc:2026-06-29T14:59:19Z,W1_Snowdonia,mil_state,ZM325,BEECHCRAFT T-6 Texan 2,TEX2,VYT79,0.12,0.8,386,386,270.0,True,True,-3.65,53.1,EGOV,EGOV,2026-06-27,63.3
43c8cc:2026-06-29T14:59:19Z,W1_Snowdonia,mil_state,ZM325,BEECHCRAFT T-6 Texan 2,TEX2,VYT79,1.86,14.2,339,207,252.0,True,True,-3.736,53.119,EGOV,EGOV,2026-06-27,56.3
43c8d4:2026-06-29T14:56:59Z,W1_Snowdonia,mil_state,ZM333,EMBRAER EMB-500 Phenom 100,E50P,CWL55,0.07,0.5,656,656,230.0,True,True,-3.55,53.05,EGYD,EGYD,2026-06-27,201.5
43c8d4:2026-06-29T14:56:59Z,W1_Snowdonia,mil_state,ZM333,EMBRAER EMB-500 Phenom 100,E50P,CWL55,0.13,0.8,612,599,230.0,True,True,-3.8,53.25,EGYD,EGYD,2026-06-27,219.8
43c8d4:2026-06-29T14:56:59Z,W1_Snowdonia,mil_state,ZM333,EMBRAER EMB-500 Phenom 100,E50P,CWL55,0.62,3.9,653,631,230.0,True,True,-3.85,53.175,EGYD,EGYD,2026-06-27,222.8
43c5ef:2026-06-29T14:30:24Z,W1_Snowdonia,other,ZM421,AIRBUS A-400M,A400,NAPIR70,1.45,30.6,468,368,280.0,False,False,-3.85,53.204,EGVN,EGVN,2026-06-27,222.9
43c92a:2026-06-29T12:29:03Z,W1_Snowdonia,rotorcraft,ZM496,AIRBUS HELICOPTERS EC-145,EC45,WWIND207,1.88,5.2,229,90,74.0,False,False,-4.55,53.35,,,2026-06-27,2.2
43c8cb:2026-06-29T10:19:14Z,W1_Snowdonia,mil_state,ZM324,BEECHCRAFT T-6 Texan 2,TEX2,WINDR02,1.18,14.7,429,320,242.0,True,True,-3.756,53.156,,EGOV,2026-06-27,43.5
43c8cb:2026-06-29T10:19:14Z,W1_Snowdonia,mil_state,ZM324,BEECHCRAFT T-6 Texan 2,TEX2,WINDR02,2.0,16.2,380,242,256.0,True,True,-3.679,53.121,,EGOV,2026-06-27,49.2
43c8cb:2026-06-29T10:19:14Z,W1_Snowdonia,mil_state,ZM324,BEECHCRAFT T-6 Texan 2,TEX2,WINDR02,0.11,0.9,257,257,256.0,True,True,-3.6,53.1,,EGOV,2026-06-27,53.5
43c8cb:2026-06-29T10:19:14Z,W1_Snowdonia,mil_state,ZM324,BEECHCRAFT T-6 Texan 2,TEX2,WINDR02,1.27,9.3,455,406,256.0,True,True,-3.683,53.117,,EGOV,2026-06-27,50.1
43c8cc:2026-06-29T10:15:41Z,W1_Snowdonia,mil_state,ZM325,BEECHCRAFT T-6 Texan 2,TEX2,WINDR1,1.78,29.5,388,282,245.0,True,False,-3.775,53.146,EGOV,,2026-06-27,45.0
43c8cc:2026-06-29T10:15:41Z,W1_Snowdonia,mil_state,ZM325,BEECHCRAFT T-6 Texan 2,TEX2,WINDR1,0.46,3.4,215,215,258.0,True,False,-3.65,53.1,EGOV,,2026-06-27,50.2
43c8cf:2026-06-29T10:13:50Z,W1_Snowdonia,mil_state,ZM328,BEECHCRAFT T-6 Texan 2,TEX2,VYT74,0.04,0.2,685,685,274.0,True,False,-4.3,53.3,EGOV,EGOV,2026-06-27,18.3
43c8cf:2026-06-29T10:13:50Z,W1_Snowdonia,mil_state,ZM328,BEECHCRAFT T-6 Texan 2,TEX2,VYT74,1.01,7.9,571,391,247.0,True,False,-3.85,53.17,EGOV,EGOV,2026-06-27,48.0
43c8cf:2026-06-29T10:13:50Z,W1_Snowdonia,mil_state,ZM328,BEECHCRAFT T-6 Texan 2,TEX2,VYT74,0.71,12.3,307,252,253.0,True,False,-3.75,53.0,EGOV,EGOV,2026-06-27,60.2
43c8cf:2026-06-29T10:13:50Z,W1_Snowdonia,mil_state,ZM328,BEECHCRAFT T-6 Texan 2,TEX2,VYT74,0.04,0.3,553,553,228.0,True,False,-4.45,52.95,EGOV,EGOV,2026-06-27,34.4
43c924:2026-06-29T07:31:16Z,W1_Snowdonia,mil_state,ZM343,BEECHCRAFT T-6 Texan 2,TEX2,VYT67,1.76,28.9,410,276,,True,False,-3.85,53.208,EGOV,EGOV,2026-06-27,45.9
43c924:2026-06-29T07:31:16Z,W1_Snowdonia,mil_state,ZM343,BEECHCRAFT T-6 Texan 2,TEX2,VYT67,0.93,5.5,508,472,230.0,True,False,-3.75,52.933,EGOV,EGOV,2026-06-27,60.6
43c924:2026-06-29T07:31:16Z,W1_Snowdonia,mil_state,ZM343,BEECHCRAFT T-6 Texan 2,TEX2,VYT67,0.17,1.2,628,628,228.0,True,False,-4.475,52.95,EGOV,EGOV,2026-06-27,29.8
404479:2026-06-28T10:01:36Z,W1_Snowdonia,rotorcraft,G-BZTA,ROBINSON R-44 Raven,R44,GBZTA,1.32,4.5,646,646,105.0,True,True,-3.95,53.25,,EGNR,2026-06-27,40.9
408163:2026-06-27T12:51:25Z,W1_Snowdonia,rotorcraft,G-RESI,AGUSTA AW-139,A139,SRG336,3.83,9.8,193,193,62.0,True,False,-4.042,53.35,,EGCK,2026-06-27,4.3
408163:2026-06-27T12:51:25Z,W1_Snowdonia,rotorcraft,G-RESI,AGUSTA AW-139,A139,SRG336,0.63,12.7,579,519,97.0,True,False,-4.15,53.25,,EGCK,2026-06-27,7.6
4071ab:2026-06-27T12:35:20Z,W1_Snowdonia,rotorcraft,G-WOBR,AIRBUS HELICOPTERS EC-145,EC45,HLE61,1.17,36.3,517,36,100.0,False,False,-4.45,53.15,,EGCK,2026-06-27,9.1
408163:2026-06-27T11:46:21Z,W1_Snowdonia,rotorcraft,G-RESI,AGUSTA AW-139,A139,SRG336,0.5,1.9,451,451,137.0,True,False,-4.2,53.25,EGCK,,2026-06-27,8.9
408163:2026-06-27T11:46:21Z,W1_Snowdonia,rotorcraft,G-RESI,AGUSTA AW-139,A139,SRG336,2.11,39.8,271,171,52.0,True,False,-3.763,53.3,EGCK,,2026-06-27,19.6
406251:2026-07-17T16:33:12Z,W1_Snowdonia,rotorcraft,G-CGLF,MAGNI M-16 Tandem Trainer,MM16,GCGLF,2.37,5.9,409,319,76.0,True,True,-3.75,52.9,,,2026-07-11,34.7
4080c6:2026-07-17T15:36:49Z,W1_Snowdonia,rotorcraft,G-RESE,AGUSTA AW-139,A139,SRD336,1.07,8.5,354,75,56.0,True,True,-4.0,53.15,EGCK,EGCK,2026-07-11,23.4
4080c6:2026-07-17T15:36:49Z,W1_Snowdonia,rotorcraft,G-RESE,AGUSTA AW-139,A139,SRD336,0.58,5.8,250,79,56.0,True,True,-4.033,53.15,EGCK,EGCK,2026-07-11,23.2
43c922:2026-07-17T14:27:26Z,W1_Snowdonia,mil_state,ZM341,BEECHCRAFT T-6 Texan 2,TEX2,VYT79,2.17,16.9,352,287,260.0,True,False,-3.827,53.168,EGOV,EGOV,2026-07-11,47.0
4062ed:2026-07-17T13:25:57Z,W1_Snowdonia,rotorcraft,G-POET,ROBINSON R-44 Raven,R44,GPOET,1.65,4.2,539,440,82.0,True,True,-3.933,53.225,EGCK,EGCK,2026-07-11,33.1
4080c6:2026-07-17T12:57:44Z,W1_Snowdonia,rotorcraft,G-RESE,AGUSTA AW-139,A139,SRG336,0.61,2.4,447,447,116.0,True,True,-4.0,53.2,EGGP,EGCK,2026-07-11,28.9
43c8cf:2026-07-17T12:26:33Z,W1_Snowdonia,mil_state,ZM328,BEECHCRAFT T-6 Texan 2,TEX2,VYT90,1.91,15.0,371,343,262.0,True,True,-3.74,53.16,EGOV,EGOV,2026-07-11,52.6
43c8cf:2026-07-17T12:26:33Z,W1_Snowdonia,mil_state,ZM328,BEECHCRAFT T-6 Texan 2,TEX2,VYT90,0.71,5.5,272,215,252.0,True,True,-3.783,52.983,EGOV,EGOV,2026-07-11,55.8
43c8d3:2026-07-17T12:21:35Z,W1_Snowdonia,mil_state,ZM332,BEECHCRAFT T-6 Texan 2,TEX2,VYT73,0.1,0.8,601,601,166.0,True,False,-4.45,52.9,EGOV,EGOV,2026-07-11,37.0
43c8d3:2026-07-17T12:21:35Z,W1_Snowdonia,mil_state,ZM332,BEECHCRAFT T-6 Texan 2,TEX2,VYT73,0.17,0.8,400,400,260.0,True,True,-3.8,52.95,EGOV,EGOV,2026-07-11,55.9
43c8d3:2026-07-17T12:21:35Z,W1_Snowdonia,mil_state,ZM332,BEECHCRAFT T-6 Texan 2,TEX2,VYT73,0.27,13.7,459,344,240.0,True,True,-3.9,53.0,EGOV,EGOV,2026-07-11,46.8
43c8d3:2026-07-17T12:21:35Z,W1_Snowdonia,mil_state,ZM332,BEECHCRAFT T-6 Texan 2,TEX2,VYT73,0.69,18.2,320,215,231.0,True,True,-3.84,53.16,EGOV,EGOV,2026-07-11,45.9
43c8d3:2026-07-17T12:21:35Z,W1_Snowdonia,mil_state,ZM332,BEECHCRAFT T-6 Texan 2,TEX2,VYT73,1.54,11.4,408,244,244.0,True,True,-3.818,53.182,EGOV,EGOV,2026-07-11,46.6
43c8d3:2026-07-17T12:21:35Z,W1_Snowdonia,mil_state,ZM332,BEECHCRAFT T-6 Texan 2,TEX2,VYT73,0.9,22.1,349,230,260.0,True,True,-3.8,53.171,EGOV,EGOV,2026-07-11,48.3
43c8d8:2026-07-17T11:45:37Z,W1_Snowdonia,mil_state,ZM337,EMBRAER EMB-500 Phenom 100,E50P,CWL31,0.6,4.4,472,472,242.0,True,True,-3.55,53.1,EGYD,EGYD,2026-07-11,203.0
43c8d8:2026-07-17T11:45:37Z,W1_Snowdonia,mil_state,ZM337,EMBRAER EMB-500 Phenom 100,E50P,CWL31,0.8,13.6,581,402,238.0,True,True,-3.725,53.225,EGYD,EGYD,2026-07-11,215.0
43c8d8:2026-07-17T11:45:37Z,W1_Snowdonia,mil_state,ZM337,EMBRAER EMB-500 Phenom 100,E50P,CWL31,0.5,15.8,516,416,238.0,True,True,-3.95,53.0,EGYD,EGYD,2026-07-11,229.7
4062ed:2026-07-17T11:14:32Z,W1_Snowdonia,rotorcraft,G-POET,ROBINSON R-44 Raven,R44,GPOET,0.81,14.8,639,522,107.0,True,False,-4.467,53.15,EGCK,EGCK,2026-07-11,9.6
4080c6:2026-07-17T11:06:09Z,W1_Snowdonia,rotorcraft,G-RESE,AGUSTA AW-139,A139,SRG336,1.15,4.4,696,546,121.0,False,False,-4.075,53.4,,,2026-07-11,2.5
43c8d3:2026-07-17T10:28:39Z,W1_Snowdonia,mil_state,ZM332,BEECHCRAFT T-6 Texan 2,TEX2,WINDR02,0.25,1.9,482,482,256.0,True,True,-3.5,53.1,,,2026-07-11,24.6
43c8d3:2026-07-17T10:28:39Z,W1_Snowdonia,mil_state,ZM332,BEECHCRAFT T-6 Texan 2,TEX2,WINDR02,0.69,5.4,468,441,258.0,True,True,-3.4,52.933,,,2026-07-11,42.7
43c8d3:2026-07-17T10:28:39Z,W1_Snowdonia,mil_state,ZM332,BEECHCRAFT T-6 Texan 2,TEX2,WINDR02,0.55,8.9,488,234,237.0,True,True,-3.779,53.15,,,2026-07-11,6.9
43c8cf:2026-07-17T09:55:01Z,W1_Snowdonia,mil_state,ZM328,BEECHCRAFT T-6 Texan 2,TEX2,VYT62,0.67,5.2,373,253,263.0,True,False,-3.783,53.2,EGOV,EGOV,2026-07-11,49.4
43c8cf:2026-07-17T09:55:01Z,W1_Snowdonia,mil_state,ZM328,BEECHCRAFT T-6 Texan 2,TEX2,VYT62,1.58,12.4,309,239,253.0,True,False,-3.8,52.983,EGOV,EGOV,2026-07-11,53.9
43c8cf:2026-07-17T09:55:01Z,W1_Snowdonia,mil_state,ZM328,BEECHCRAFT T-6 Texan 2,TEX2,VYT62,1.85,29.1,375,229,237.0,True,False,-3.8,53.094,EGOV,EGOV,2026-07-11,49.5
43c8ce:2026-07-17T09:49:41Z,W1_Snowdonia,mil_state,ZM327,BEECHCRAFT T-6 Texan 2,TEX2,WINDR1,0.5,10.3,358,274,240.0,True,True,-3.78,53.15,EGOV,EGOV,2026-07-11,50.4
43c8e3:2026-07-17T09:27:09Z,W1_Snowdonia,rotorcraft,ZM509,AIRBUS HELICOPTERS EC-135/635,EC35,SYS108,0.44,1.2,641,183,83.0,True,True,-3.95,53.1,EGOS,EGOS,2026-07-11,91.4
43c8e3:2026-07-17T09:27:09Z,W1_Snowdonia,rotorcraft,ZM509,AIRBUS HELICOPTERS EC-135/635,EC35,SYS108,2.39,4.7,429,286,83.0,True,True,-3.95,53.1,EGOS,EGOS,2026-07-11,91.6
43c8e3:2026-07-17T09:27:09Z,W1_Snowdonia,rotorcraft,ZM509,AIRBUS HELICOPTERS EC-135/635,EC35,SYS108,3.62,0.2,14,14,83.0,True,True,-3.95,53.1,EGOS,EGOS,2026-07-11,91.7
43c8e3:2026-07-17T09:27:09Z,W1_Snowdonia,rotorcraft,ZM509,AIRBUS HELICOPTERS EC-135/635,EC35,SYS108,0.36,1.6,463,355,89.0,True,True,-4.05,53.15,EGOS,EGOS,2026-07-11,99.4
43c8e3:2026-07-17T09:27:09Z,W1_Snowdonia,rotorcraft,ZM509,AIRBUS HELICOPTERS EC-135/635,EC35,SYS108,4.09,5.7,232,212,57.0,True,True,-4.013,53.15,EGOS,EGOS,2026-07-11,97.8
43c8e3:2026-07-17T09:27:09Z,W1_Snowdonia,rotorcraft,ZM509,AIRBUS HELICOPTERS EC-135/635,EC35,SYS108,3.58,6.1,280,-18,69.0,True,True,-4.007,53.15,EGOS,EGOS,2026-07-11,97.5
43c8e3:2026-07-17T09:27:09Z,W1_Snowdonia,rotorcraft,ZM509,AIRBUS HELICOPTERS EC-135/635,EC35,SYS108,0.51,1.5,450,428,106.0,True,True,-3.975,53.125,EGOS,EGOS,2026-07-11,94.3
43c5e7:2026-07-17T08:13:53Z,W1_Snowdonia,other,ZM413,AIRBUS A-400M,A400,ASLAN76,2.8,31.2,446,261,153.0,False,False,-3.81,53.115,EGVN,EGVN,2026-07-11,213.6
4080c6:2026-07-16T21:39:54Z,W1_Snowdonia,rotorcraft,G-RESE,AGUSTA AW-139,A139,SRD365,0.63,6.2,193,168,81.0,True,False,-4.3,53.4,EGCK,EGCK,2026-07-11,35.7
4080c6:2026-07-16T21:39:54Z,W1_Snowdonia,rotorcraft,G-RESE,AGUSTA AW-139,A139,SRD365,2.54,14.9,193,43,65.0,False,False,-4.525,53.05,EGCK,EGCK,2026-07-11,12.6
4049f5:2026-07-16T18:31:08Z,W1_Snowdonia,civ_ga,G-CERI,Europa,EUPA,GCERI,0.32,1.0,690,690,102.0,True,True,-3.883,53.2,EGCK,EGCK,2026-07-11,35.2
4080c6:2026-07-16T17:45:11Z,W1_Snowdonia,rotorcraft,G-RESE,AGUSTA AW-139,A139,SRD365,5.11,20.6,158,33,61.0,True,False,-4.55,52.987,,EGCK,2026-07-11,15.9
4080c6:2026-07-16T16:22:00Z,W1_Snowdonia,rotorcraft,G-RESE,AGUSTA AW-139,A139,SRD365,24.48,49.7,504,54,69.0,True,True,-4.593,53.04,EGCK,,2026-07-11,15.9
4080c6:2026-07-16T15:52:35Z,W1_Snowdonia,rotorcraft,G-RESE,AGUSTA AW-139,A139,SRD336,2.42,5.1,650,339,55.0,False,False,-4.258,53.0,,EGCK,2026-07-11,1.6
43c8cb:2026-07-16T15:17:54Z,W1_Snowdonia,mil_state,ZM324,BEECHCRAFT T-6 Texan 2,TEX2,VYT90,0.6,4.8,308,258,253.0,True,False,-3.787,53.0,EGOV,EGOV,2026-07-11,55.1
43c8cb:2026-07-16T15:17:54Z,W1_Snowdonia,mil_state,ZM324,BEECHCRAFT T-6 Texan 2,TEX2,VYT90,0.28,1.8,525,285,253.0,True,False,-3.75,53.0,EGOV,EGOV,2026-07-11,57.2
43c8d0:2026-07-16T15:08:49Z,W1_Snowdonia,mil_state,ZM329,BEECHCRAFT T-6 Texan 2,TEX2,WINDR02,0.76,7.2,450,436,238.0,False,True,-3.717,53.1,,,2026-07-11,11.8
43c8d0:2026-07-16T15:08:49Z,W1_Snowdonia,mil_state,ZM329,BEECHCRAFT T-6 Texan 2,TEX2,WINDR02,0.02,0.2,395,395,260.0,True,True,-3.8,52.85,,,2026-07-11,29.0
4080c6:2026-07-16T14:43:07Z,W1_Snowdonia,rotorcraft,G-RESE,AGUSTA AW-139,A139,SRD336,37.08,92.4,558,-48,65.0,False,False,-4.576,53.045,EGCK,,2026-07-11,15.0
4080c6:2026-07-16T14:43:07Z,W1_Snowdonia,rotorcraft,G-RESE,AGUSTA AW-139,A139,SRD336,1.24,3.4,637,558,93.0,True,False,-4.325,53.0,EGCK,,2026-07-11,7.7
4080c6:2026-07-16T14:43:07Z,W1_Snowdonia,rotorcraft,G-RESE,AGUSTA AW-139,A139,SRD336,0.72,1.8,677,517,95.0,False,False,-4.25,52.95,EGCK,,2026-07-11,0.9
43c8d3:2026-07-16T14:32:07Z,W1_Snowdonia,mil_state,ZM332,BEECHCRAFT T-6 Texan 2,TEX2,WINDR1,0.39,2.7,383,368,217.0,True,True,-3.75,53.15,EGOV,EGOV,2026-07-11,52.3
43c92b:2026-07-16T14:19:35Z,W1_Snowdonia,rotorcraft,ZM497,AIRBUS HELICOPTERS EC-145,EC45,WWIND201,0.99,20.3,263,30,0.0,True,False,-4.5,53.15,EGCK,EGOV,2026-07-11,9.8
43c8cf:2026-07-16T09:45:01Z,W1_Snowdonia,mil_state,ZM328,BEECHCRAFT T-6 Texan 2,TEX2,WINDR2,2.38,18.2,345,178,254.0,False,False,-3.781,53.156,,,2026-07-11,5.6
43c8cf:2026-07-16T09:45:01Z,W1_Snowdonia,mil_state,ZM328,BEECHCRAFT T-6 Texan 2,TEX2,WINDR2,0.4,16.3,383,156,246.0,True,False,-3.725,53.125,,,2026-07-11,5.1
43c8cf:2026-07-16T09:45:01Z,W1_Snowdonia,mil_state,ZM328,BEECHCRAFT T-6 Texan 2,TEX2,WINDR2,0.14,14.1,343,229,249.0,True,False,-3.75,53.0,,,2026-07-11,6.9
43c8cf:2026-07-16T09:45:01Z,W1_Snowdonia,mil_state,ZM328,BEECHCRAFT T-6 Texan 2,TEX2,WINDR2,1.82,17.9,509,295,245.0,True,False,-3.785,52.955,,,2026-07-11,12.5
43c8ce:2026-07-16T09:35:41Z,W1_Snowdonia,mil_state,ZM327,BEECHCRAFT T-6 Texan 2,TEX2,WINDR01,1.56,12.4,512,323,263.0,True,False,-3.825,53.16,EGOV,EGOV,2026-07-11,47.5
43c8ce:2026-07-16T09:35:41Z,W1_Snowdonia,mil_state,ZM327,BEECHCRAFT T-6 Texan 2,TEX2,WINDR01,0.16,1.2,287,287,251.0,True,False,-3.6,53.2,EGOV,EGOV,2026-07-11,62.7
43c8ce:2026-07-16T09:35:41Z,W1_Snowdonia,mil_state,ZM327,BEECHCRAFT T-6 Texan 2,TEX2,WINDR01,0.6,15.6,417,242,251.0,True,False,-3.725,53.1,EGOV,EGOV,2026-07-11,54.6
43c8ce:2026-07-16T09:35:41Z,W1_Snowdonia,mil_state,ZM327,BEECHCRAFT T-6 Texan 2,TEX2,WINDR01,0.68,14.9,438,173,252.0,True,False,-3.7,53.05,EGOV,EGOV,2026-07-11,58.1
43c8ce:2026-07-16T09:35:41Z,W1_Snowdonia,mil_state,ZM327,BEECHCRAFT T-6 Texan 2,TEX2,WINDR01,2.31,21.5,483,75,247.0,True,False,-3.765,52.95,EGOV,EGOV,2026-07-11,58.7
43c92a:2026-07-16T08:01:55Z,W1_Snowdonia,rotorcraft,ZM496,AIRBUS HELICOPTERS EC-145,EC45,WWIND206,1.71,20.2,458,83,87.0,False,False,-4.475,53.125,EGOV,EGCK,2026-07-11,9.0
43c5e3:2026-07-16T07:05:29Z,W1_Snowdonia,other,ZM409,AIRBUS A-400M,A400,RRR4982,0.02,0.1,403,403,157.0,False,False,-3.8,52.9,EGVN,LCRA,2026-07-11,199.7
43c5e3:2026-07-16T07:05:29Z,W1_Snowdonia,other,ZM409,AIRBUS A-400M,A400,RRR4982,2.23,54.8,469,328,238.0,False,False,-3.879,53.208,EGVN,LCRA,2026-07-11,225.8
4080c6:2026-07-15T16:33:53Z,W1_Snowdonia,rotorcraft,G-RESE,AGUSTA AW-139,A139,SRD336,2.53,7.6,556,556,92.0,True,True,-4.575,53.05,EGCK,EGCK,2026-07-11,14.7
4080c6:2026-07-15T16:33:53Z,W1_Snowdonia,rotorcraft,G-RESE,AGUSTA AW-139,A139,SRD336,1.21,10.1,206,56,28.0,True,False,-4.5,53.05,EGCK,EGCK,2026-07-11,9.7
45e593:2026-07-15T15:48:50Z,W1_Snowdonia,civ_ga,OY-YLS,PARTENAVIA P-68 Observer,P68,BIO14,0.68,2.4,697,697,112.0,False,False,-3.25,53.2,,EGNR,2026-07-11,16.3
4046d6:2026-07-15T12:43:52Z,W1_Snowdonia,civ_ga,G-CBME,CESSNA 172 Skyhawk,C172,GCBME,0.19,0.5,663,663,84.0,True,True,-3.55,53.2,,EGBS,2026-07-11,30.2
4046d6:2026-07-15T12:43:52Z,W1_Snowdonia,civ_ga,G-CBME,CESSNA 172 Skyhawk,C172,GCBME,1.32,2.7,614,483,81.0,True,True,-3.55,53.2,,EGBS,2026-07-11,27.4
43c922:2026-07-15T12:20:07Z,W1_Snowdonia,mil_state,ZM341,BEECHCRAFT T-6 Texan 2,TEX2,VTY92,2.55,28.1,417,284,161.0,True,True,-3.831,53.169,EGOV,,2026-07-11,47.1
45e593:2026-07-15T11:30:11Z,W1_Snowdonia,civ_ga,OY-YLS,PARTENAVIA P-68 Observer,P68,BIO14,0.24,0.9,644,644,136.0,False,False,-3.25,53.2,,EGNR,2026-07-11,17.2
ae54d7:2026-07-15T11:17:10Z,W1_Snowdonia,other,13-5776,Lockheed Martin MC-130J Commando II,C30J,,0.19,17.6,561,348,234.0,True,True,-3.85,53.15,EGUN,EGUN,2026-07-11,302.7
ae54d7:2026-07-15T11:17:10Z,W1_Snowdonia,other,13-5776,Lockheed Martin MC-130J Commando II,C30J,,0.05,0.4,355,355,228.0,True,True,-3.95,53.0,EGUN,EGUN,2026-07-11,305.5
ae54d7:2026-07-15T11:17:10Z,W1_Snowdonia,other,13-5776,Lockheed Martin MC-130J Commando II,C30J,,0.34,6.9,496,425,228.0,True,True,-3.75,53.0,EGUN,EGUN,2026-07-11,292.5
43c8f0:2026-07-15T11:03:55Z,W1_Snowdonia,rotorcraft,ZM522,AIRBUS HELICOPTERS EC-135/635,EC35,SPCTR2,0.46,1.6,94,94,105.0,False,False,-3.25,52.9,EGOS,,2026-07-11,13.0
4082d0:2026-07-15T10:37:20Z,W1_Snowdonia,rotorcraft,G-DLTZ,BELL 505 JetRanger X,B505,GDLTZ,1.44,9.1,653,552,96.0,True,False,-4.5,52.95,EGCK,,2026-07-11,17.0
43c8d3:2026-07-15T09:46:29Z,W1_Snowdonia,mil_state,ZM332,BEECHCRAFT T-6 Texan 2,TEX2,VYT80,0.26,2.1,334,334,263.0,True,True,-3.8,52.983,EGOV,EGOV,2026-07-11,55.1
43c8cd:2026-07-15T07:45:52Z,W1_Snowdonia,mil_state,ZM326,BEECHCRAFT T-6 Texan 2,TEX2,CORDT02,1.24,29.3,388,227,256.0,False,False,-3.725,53.125,,,2026-07-11,23.2
43c8d3:2026-07-15T07:23:31Z,W1_Snowdonia,mil_state,ZM332,BEECHCRAFT T-6 Texan 2,TEX2,CORDT1,1.46,25.5,314,179,252.0,True,True,-3.714,53.136,EGOV,EGOV,2026-07-11,55.0
43c5e1:2026-07-14T17:29:51Z,W1_Snowdonia,other,ZM407,AIRBUS A-400M,A400,FLTOT41,1.4,21.9,568,370,282.0,True,False,-3.85,53.205,EGVN,EGVN,2026-07-11,222.9
43c5e1:2026-07-14T17:29:51Z,W1_Snowdonia,other,ZM407,AIRBUS A-400M,A400,FLTOT41,0.3,2.5,674,674,270.0,False,False,-3.8,52.9,EGVN,EGVN,2026-07-11,198.4
43c8ce:2026-07-14T14:50:37Z,W1_Snowdonia,mil_state,ZM327,BEECHCRAFT T-6 Texan 2,TEX2,VYT84,1.63,24.9,289,140,242.0,True,True,-3.78,53.06,EGOV,EGOV,2026-07-11,56.5
43c8ce:2026-07-14T14:50:37Z,W1_Snowdonia,mil_state,ZM327,BEECHCRAFT T-6 Texan 2,TEX2,VYT84,1.03,7.9,295,192,242.0,True,True,-3.725,53.1,EGOV,EGOV,2026-07-11,57.0
43c8ce:2026-07-14T14:50:37Z,W1_Snowdonia,mil_state,ZM327,BEECHCRAFT T-6 Texan 2,TEX2,VYT84,0.15,11.9,257,104,267.0,True,True,-3.75,53.15,EGOV,EGOV,2026-07-11,53.9
43c92a:2026-07-14T14:24:42Z,W1_Snowdonia,rotorcraft,ZM496,AIRBUS HELICOPTERS EC-145,EC45,WWIND201,11.06,5.3,50,50,6.0,True,False,-4.706,53.383,,EGOV,2026-07-11,2.3
43c92a:2026-07-14T14:24:42Z,W1_Snowdonia,rotorcraft,ZM496,AIRBUS HELICOPTERS EC-145,EC45,WWIND201,7.25,16.0,50,50,86.0,True,False,-4.7,53.35,,EGOV,2026-07-11,2.7
43c8cd:2026-07-14T10:14:22Z,W1_Snowdonia,mil_state,ZM326,BEECHCRAFT T-6 Texan 2,TEX2,MTEOR1,2.71,28.8,394,180,241.0,True,True,-3.783,53.15,EGOV,EGOV,2026-07-11,53.0
43c8cd:2026-07-14T10:14:22Z,W1_Snowdonia,mil_state,ZM326,BEECHCRAFT T-6 Texan 2,TEX2,MTEOR1,0.54,14.1,558,402,259.0,True,True,-3.7,53.1,EGOV,EGOV,2026-07-11,60.9
43c924:2026-07-14T09:40:47Z,W1_Snowdonia,mil_state,ZM343,BEECHCRAFT T-6 Texan 2,TEX2,CORDT2,0.53,4.4,554,554,288.0,False,True,-4.35,52.95,,EGOV,2026-07-11,13.4
43c8d0:2026-07-14T09:22:45Z,W1_Snowdonia,mil_state,ZM329,BEECHCRAFT T-6 Texan 2,TEX2,CORDT1,0.55,4.6,471,471,284.0,True,True,-4.35,52.95,EGOV,EGOV,2026-07-11,33.8
43c8e9:2026-07-14T08:02:44Z,W1_Snowdonia,rotorcraft,ZM515,AIRBUS HELICOPTERS EC-135/635,EC35,SYS328,0.08,0.3,169,169,106.0,False,False,-3.25,52.7,EGOS,EGOS,2026-07-11,37.6
43c8d0:2026-07-14T07:43:09Z,W1_Snowdonia,mil_state,ZM329,BEECHCRAFT T-6 Texan 2,TEX2,RCKT2,1.62,18.1,479,296,232.0,False,True,-3.743,53.143,,,2026-07-11,17.0
43c8d0:2026-07-14T07:43:09Z,W1_Snowdonia,mil_state,ZM329,BEECHCRAFT T-6 Texan 2,TEX2,RCKT2,0.9,6.7,512,364,239.0,True,True,-3.793,52.943,,,2026-07-11,32.6
43c922:2026-07-14T07:01:30Z,W1_Snowdonia,mil_state,ZM341,BEECHCRAFT T-6 Texan 2,TEX2,RCKT1,1.89,19.7,350,196,233.0,True,True,-3.739,53.117,EGOV,EGOV,2026-07-11,55.9
43c922:2026-07-14T07:01:30Z,W1_Snowdonia,mil_state,ZM341,BEECHCRAFT T-6 Texan 2,TEX2,RCKT1,1.42,10.5,589,255,242.0,True,True,-3.775,52.95,EGOV,EGOV,2026-07-11,59.9
4080c6:2026-07-13T15:48:22Z,W1_Snowdonia,rotorcraft,G-RESE,AGUSTA AW-139,A139,SRG336,2.64,18.1,611,511,120.0,False,False,-3.8,53.4,EGCK,,2026-07-11,15.5
43c8cf:2026-07-13T14:57:00Z,W1_Snowdonia,mil_state,ZM328,BEECHCRAFT T-6 Texan 2,TEX2,VYT90,0.69,4.4,318,269,234.0,True,False,-4.35,52.95,EGOV,EGOV,2026-07-11,33.4
43c8cf:2026-07-13T14:57:00Z,W1_Snowdonia,mil_state,ZM328,BEECHCRAFT T-6 Texan 2,TEX2,VYT90,0.23,1.6,570,302,265.0,True,False,-4.45,52.95,EGOV,EGOV,2026-07-11,31.4
43c8cf:2026-07-13T14:57:00Z,W1_Snowdonia,mil_state,ZM328,BEECHCRAFT T-6 Texan 2,TEX2,VYT90,1.62,9.6,369,369,265.0,True,False,-4.4,52.95,EGOV,EGOV,2026-07-11,30.8
43c922:2026-07-13T14:47:04Z,W1_Snowdonia,mil_state,ZM341,BEECHCRAFT T-6 Texan 2,TEX2,VYT81,0.7,5.2,303,303,235.0,True,False,-4.333,52.95,EGOV,EGOV,2026-07-11,33.7
43c922:2026-07-13T14:47:04Z,W1_Snowdonia,mil_state,ZM341,BEECHCRAFT T-6 Texan 2,TEX2,VYT81,0.22,1.5,256,256,270.0,True,True,-3.7,53.1,EGOV,EGOV,2026-07-11,58.6
43c922:2026-07-13T14:47:04Z,W1_Snowdonia,mil_state,ZM341,BEECHCRAFT T-6 Texan 2,TEX2,VYT81,1.07,6.4,485,331,270.0,True,True,-3.75,53.15,EGOV,EGOV,2026-07-11,55.6
43c8d0:2026-07-13T14:46:11Z,W1_Snowdonia,mil_state,ZM329,BEECHCRAFT T-6 Texan 2,TEX2,RCKT2,0.24,1.7,262,262,243.0,True,True,-3.65,53.1,,EGOV,2026-07-11,62.4
43c8d0:2026-07-13T14:46:11Z,W1_Snowdonia,mil_state,ZM329,BEECHCRAFT T-6 Texan 2,TEX2,RCKT2,0.51,2.8,249,249,249.0,True,True,-3.65,53.1,,EGOV,2026-07-11,62.7
43c8d0:2026-07-13T14:46:11Z,W1_Snowdonia,mil_state,ZM329,BEECHCRAFT T-6 Texan 2,TEX2,RCKT2,2.23,14.8,472,290,255.0,True,True,-3.761,53.15,,EGOV,2026-07-11,54.8
43c8cb:2026-07-13T14:41:05Z,W1_Snowdonia,mil_state,ZM324,BEECHCRAFT T-6 Texan 2,TEX2,ROCKT01,0.98,7.9,442,172,212.0,True,False,-3.4,52.89,EGOV,EGOV,2026-07-11,86.1
43c8cb:2026-07-13T14:41:05Z,W1_Snowdonia,mil_state,ZM324,BEECHCRAFT T-6 Texan 2,TEX2,ROCKT01,2.49,16.6,339,258,240.0,True,False,-3.633,53.1,EGOV,EGOV,2026-07-11,63.6
43c8cb:2026-07-13T14:41:05Z,W1_Snowdonia,mil_state,ZM324,BEECHCRAFT T-6 Texan 2,TEX2,ROCKT01,0.58,4.1,390,249,244.0,True,False,-3.65,53.1,EGOV,EGOV,2026-07-11,61.6
43c8cb:2026-07-13T14:41:05Z,W1_Snowdonia,mil_state,ZM324,BEECHCRAFT T-6 Texan 2,TEX2,ROCKT01,1.61,12.7,452,319,227.0,True,False,-3.775,53.15,EGOV,EGOV,2026-07-11,52.8
4080c6:2026-07-13T14:22:21Z,W1_Snowdonia,rotorcraft,G-RESE,AGUSTA AW-139,A139,SRG336,1.14,16.9,449,-32,89.0,False,False,-4.45,53.15,EGCK,EGCK,2026-07-11,8.8
4080c6:2026-07-13T14:22:21Z,W1_Snowdonia,rotorcraft,G-RESE,AGUSTA AW-139,A139,SRG336,2.39,33.6,499,299,62.0,False,False,-4.587,53.15,EGCK,EGCK,2026-07-11,16.2
43c8df:2026-07-13T12:17:14Z,W1_Snowdonia,rotorcraft,ZM505,AIRBUS HELICOPTERS EC-135/635,EC35,SYS89,0.15,0.3,393,393,84.0,True,True,-3.95,53.1,EGCK,EGOS,2026-07-11,28.2
43c8df:2026-07-13T12:17:14Z,W1_Snowdonia,rotorcraft,ZM505,AIRBUS HELICOPTERS EC-135/635,EC35,SYS89,0.25,1.3,389,337,84.0,True,True,-3.9,53.1,EGCK,EGOS,2026-07-11,29.6
43c8df:2026-07-13T12:17:14Z,W1_Snowdonia,rotorcraft,ZM505,AIRBUS HELICOPTERS EC-135/635,EC35,SYS89,2.9,0.9,108,44,84.0,True,True,-3.917,53.1,EGCK,EGOS,2026-07-11,29.4
43c8df:2026-07-13T12:17:14Z,W1_Snowdonia,rotorcraft,ZM505,AIRBUS HELICOPTERS EC-135/635,EC35,SYS89,0.18,0.3,474,474,84.0,True,True,-3.95,53.1,EGCK,EGOS,2026-07-11,28.2
43c8df:2026-07-13T12:17:14Z,W1_Snowdonia,rotorcraft,ZM505,AIRBUS HELICOPTERS EC-135/635,EC35,SYS89,0.22,0.4,433,355,84.0,True,True,-3.95,53.1,EGCK,EGOS,2026-07-11,28.2
43c8df:2026-07-13T12:17:14Z,W1_Snowdonia,rotorcraft,ZM505,AIRBUS HELICOPTERS EC-135/635,EC35,SYS89,5.46,3.3,109,65,84.0,True,True,-3.943,53.114,EGCK,EGOS,2026-07-11,28.6
43c8df:2026-07-13T12:17:14Z,W1_Snowdonia,rotorcraft,ZM505,AIRBUS HELICOPTERS EC-135/635,EC35,SYS89,4.16,6.8,365,181,53.0,True,True,-3.95,53.15,EGCK,EGOS,2026-07-11,27.7
43c8df:2026-07-13T12:17:14Z,W1_Snowdonia,rotorcraft,ZM505,AIRBUS HELICOPTERS EC-135/635,EC35,SYS89,4.35,8.8,501,124,48.0,True,True,-3.99,53.15,EGCK,EGOS,2026-07-11,26.0
43c924:2026-07-13T12:08:57Z,W1_Snowdonia,mil_state,ZM343,BEECHCRAFT T-6 Texan 2,TEX2,VYT76,1.46,22.9,399,276,258.0,True,True,-3.862,53.2,EGOV,EGOV,2026-07-11,46.5
43c924:2026-07-13T12:08:57Z,W1_Snowdonia,mil_state,ZM343,BEECHCRAFT T-6 Texan 2,TEX2,VYT76,0.92,8.8,343,206,252.0,True,True,-3.788,52.969,EGOV,EGOV,2026-07-11,58.2
407d3b:2026-07-13T10:30:30Z,W1_Snowdonia,rotorcraft,G-MRTJ,ENSTROM F-28,EN28,GMRTJ,1.73,5.2,678,678,72.0,True,False,-4.0,53.2,EGNR,EGCK,2026-07-11,28.9
43c8d0:2026-07-13T10:15:49Z,W1_Snowdonia,mil_state,ZM329,BEECHCRAFT T-6 Texan 2,TEX2,VYT81,2.08,15.5,400,201,247.0,True,False,-3.771,53.171,EGOV,EGOV,2026-07-11,53.0
43c8d0:2026-07-13T10:15:49Z,W1_Snowdonia,mil_state,ZM329,BEECHCRAFT T-6 Texan 2,TEX2,VYT81,0.37,2.5,495,318,243.0,True,False,-3.75,53.15,EGOV,EGOV,2026-07-11,55.4
43c8d0:2026-07-13T10:15:49Z,W1_Snowdonia,mil_state,ZM329,BEECHCRAFT T-6 Texan 2,TEX2,VYT81,1.45,11.3,396,224,236.0,True,True,-3.757,52.964,EGOV,EGOV,2026-07-11,60.2
43c8df:2026-07-13T09:52:47Z,W1_Snowdonia,rotorcraft,ZM505,AIRBUS HELICOPTERS EC-135/635,EC35,SYS89,5.71,8.5,457,161,55.0,False,False,-3.95,53.15,,EGCK,2026-07-11,2.2
43c8df:2026-07-13T09:52:47Z,W1_Snowdonia,rotorcraft,ZM505,AIRBUS HELICOPTERS EC-135/635,EC35,SYS89,0.31,0.9,662,662,99.0,True,False,-4.0,53.2,,EGCK,2026-07-11,4.9
43c8df:2026-07-13T09:52:47Z,W1_Snowdonia,rotorcraft,ZM505,AIRBUS HELICOPTERS EC-135/635,EC35,SYS89,0.17,0.4,677,677,81.0,True,True,-4.25,53.0,,EGCK,2026-07-11,11.5
43c8df:2026-07-13T09:52:47Z,W1_Snowdonia,rotorcraft,ZM505,AIRBUS HELICOPTERS EC-135/635,EC35,SYS89,0.21,0.5,532,532,87.0,True,False,-4.25,53.0,,EGCK,2026-07-11,11.3
43c8cb:2026-07-13T09:31:12Z,W1_Snowdonia,mil_state,ZM324,BEECHCRAFT T-6 Texan 2,TEX2,VYT74,0.22,1.7,350,350,235.0,True,False,-4.35,52.95,EGOV,EGOV,2026-07-11,33.1
43c8cb:2026-07-13T09:31:12Z,W1_Snowdonia,mil_state,ZM324,BEECHCRAFT T-6 Texan 2,TEX2,VYT74,0.07,4.2,491,266,254.0,True,False,-4.475,52.85,EGOV,EGOV,2026-07-11,38.5
43c8cb:2026-07-13T09:31:12Z,W1_Snowdonia,mil_state,ZM324,BEECHCRAFT T-6 Texan 2,TEX2,VYT74,0.34,2.2,571,571,235.0,True,False,-4.35,52.9,EGOV,EGOV,2026-07-11,37.7
43c8cb:2026-07-13T09:31:12Z,W1_Snowdonia,mil_state,ZM324,BEECHCRAFT T-6 Texan 2,TEX2,VYT74,0.48,3.8,282,275,252.0,True,True,-3.683,53.1,EGOV,EGOV,2026-07-11,60.6
43c8cb:2026-07-13T09:31:12Z,W1_Snowdonia,mil_state,ZM324,BEECHCRAFT T-6 Texan 2,TEX2,VYT74,1.3,7.7,409,305,252.0,True,True,-3.733,53.15,EGOV,EGOV,2026-07-11,56.9
43c8cb:2026-07-13T09:31:12Z,W1_Snowdonia,mil_state,ZM324,BEECHCRAFT T-6 Texan 2,TEX2,VYT74,3.23,34.0,304,154,126.0,True,True,-3.76,52.97,EGOV,EGOV,2026-07-11,60.2
43c922:2026-07-13T09:27:27Z,W1_Snowdonia,mil_state,ZM341,BEECHCRAFT T-6 Texan 2,TEX2,VYT72,0.02,0.1,535,535,272.0,True,True,-3.8,52.9,EGOV,EGOV,2026-07-11,61.1
43c922:2026-07-13T09:27:27Z,W1_Snowdonia,mil_state,ZM341,BEECHCRAFT T-6 Texan 2,TEX2,VYT72,0.15,1.0,412,412,272.0,True,True,-4.35,52.9,EGOV,EGOV,2026-07-11,36.7
43c8df:2026-07-13T08:59:34Z,W1_Snowdonia,rotorcraft,ZM505,AIRBUS HELICOPTERS EC-135/635,EC35,SYS89,0.17,0.4,482,482,128.0,True,True,-3.95,53.1,EGOS,,2026-07-11,1.8
43c8df:2026-07-13T08:59:34Z,W1_Snowdonia,rotorcraft,ZM505,AIRBUS HELICOPTERS EC-135/635,EC35,SYS89,0.64,1.4,372,372,128.0,True,False,-3.95,53.1,EGOS,,2026-07-11,2.5
43c8df:2026-07-13T08:59:34Z,W1_Snowdonia,rotorcraft,ZM505,AIRBUS HELICOPTERS EC-135/635,EC35,SYS89,3.58,3.8,540,71,128.0,True,False,-3.933,53.1,EGOS,,2026-07-11,2.0
43c8df:2026-07-13T08:59:34Z,W1_Snowdonia,rotorcraft,ZM505,AIRBUS HELICOPTERS EC-135/635,EC35,SYS89,0.13,0.4,403,403,128.0,False,False,-3.9,53.15,EGOS,,2026-07-11,2.8
43c92a:2026-07-13T08:27:54Z,W1_Snowdonia,rotorcraft,ZM496,AIRBUS HELICOPTERS EC-145,EC45,WWIND228,1.59,17.9,242,142,47.0,True,False,-4.75,53.25,,EGOV,2026-07-11,9.0
4080c6:2026-07-13T08:00:23Z,W1_Snowdonia,rotorcraft,G-RESE,AGUSTA AW-139,A139,SRD336,4.9,9.3,472,222,55.0,True,True,-4.5,53.05,EGCK,EGCK,2026-07-11,9.4
4080c6:2026-07-13T08:00:23Z,W1_Snowdonia,rotorcraft,G-RESE,AGUSTA AW-139,A139,SRD336,3.95,16.9,197,72,61.0,True,False,-4.58,53.01,EGCK,EGCK,2026-07-11,15.4
404715:2026-07-12T15:47:39Z,W1_Snowdonia,other,G-POLC,AIRBUS HELICOPTERS EC-135/635,EC35,UKP04,0.09,5.1,682,616,,False,False,-3.25,53.2,,,2026-07-11,0.1
407045:2026-07-12T14:23:00Z,W1_Snowdonia,rotorcraft,G-LOYW,AIRBUS HELICOPTERS EC-145,EC45,HLE61,1.89,25.2,187,-13,74.0,False,False,-4.45,53.15,EGCK,,2026-07-11,9.1
347345:2026-07-12T11:26:20Z,W1_Snowdonia,rotorcraft,EC-NVL,ROBINSON R-66,R66,ECNVL,0.56,1.3,431,431,92.0,False,False,-3.25,53.3,EGNH,,2026-07-11,49.8
406ac9:2026-07-11T16:06:03Z,W1_Snowdonia,other,G-DJSM,AEROSPATIALE AS-350 Ecureuil,AS50,GDJSM,0.64,2.6,581,571,128.0,False,False,-4.0,53.15,,,2026-07-11,1.5
406ded:2026-07-11T14:21:36Z,W1_Snowdonia,rotorcraft,G-MCGX,AGUSTA AW-189,A189,SRG897,0.77,21.4,223,-83,92.0,False,False,-4.475,53.15,EGCK,,2026-07-11,9.7
407045:2026-07-11T13:22:37Z,W1_Snowdonia,rotorcraft,G-LOYW,AIRBUS HELICOPTERS EC-145,EC45,HLE61,1.22,8.6,548,548,142.0,True,False,-4.1,53.25,,EGCK,2026-07-11,14.7
406ded:2026-07-11T13:04:08Z,W1_Snowdonia,rotorcraft,G-MCGX,AGUSTA AW-189,A189,SRG897,1.47,14.2,549,549,133.0,False,False,-4.05,53.25,,EGCK,2026-07-11,11.0
407045:2026-07-11T07:55:55Z,W1_Snowdonia,rotorcraft,G-LOYW,AIRBUS HELICOPTERS EC-145,EC45,HLE61,1.39,29.0,556,-36,94.0,False,False,-4.05,53.2,EGCK,,2026-07-11,21.4
407045:2026-07-11T07:55:55Z,W1_Snowdonia,rotorcraft,G-LOYW,AIRBUS HELICOPTERS EC-145,EC45,HLE61,0.61,7.9,520,-56,79.0,False,False,-3.8,53.25,EGCK,,2026-07-11,3.5
408163:2026-07-31T21:07:43Z,W1_Snowdonia,rotorcraft,G-RESI,AGUSTA AW-139,A139,SRD336,0.5,1.8,603,603,119.0,True,False,-3.95,53.25,EGCK,,2026-07-25,4.5
404e81:2026-07-31T15:46:49Z,W1_Snowdonia,civ_ga,G-RVJW,VANS RV-4,RV4,GRVJW,0.19,0.9,642,642,145.0,False,False,-3.35,52.9,EGCK,EGCV,2026-07-25,38.0
43c924:2026-07-31T15:17:38Z,W1_Snowdonia,mil_state,ZM343,BEECHCRAFT T-6 Texan 2,TEX2,VYT74,0.64,9.9,469,210,258.0,True,True,-3.78,53.135,EGOV,EGOV,2026-07-25,51.6
43c924:2026-07-31T15:17:38Z,W1_Snowdonia,mil_state,ZM343,BEECHCRAFT T-6 Texan 2,TEX2,VYT74,0.74,5.4,565,317,249.0,True,True,-3.79,53.14,EGOV,EGOV,2026-07-25,50.3
43c924:2026-07-31T13:26:49Z,W1_Snowdonia,mil_state,ZM343,BEECHCRAFT T-6 Texan 2,TEX2,RCKT02,2.12,20.4,422,297,250.0,False,True,-3.811,53.168,,,2026-07-25,16.7
43c924:2026-07-31T13:26:49Z,W1_Snowdonia,mil_state,ZM343,BEECHCRAFT T-6 Texan 2,TEX2,RCKT02,0.69,5.1,447,292,257.0,True,True,-3.58,53.2,,,2026-07-25,25.2
43c924:2026-07-31T13:26:49Z,W1_Snowdonia,mil_state,ZM343,BEECHCRAFT T-6 Texan 2,TEX2,RCKT02,1.03,22.4,433,250,247.0,True,True,-3.4,52.9,,,2026-07-25,38.3
43c924:2026-07-31T13:26:49Z,W1_Snowdonia,mil_state,ZM343,BEECHCRAFT T-6 Texan 2,TEX2,RCKT02,0.64,4.9,506,506,248.0,True,True,-3.78,52.95,,,2026-07-25,12.0
43c8d2:2026-07-31T12:50:41Z,W1_Snowdonia,mil_state,ZM331,BEECHCRAFT T-6 Texan 2,TEX2,RCKT1,2.03,19.0,450,333,235.0,True,True,-3.814,53.179,EGOV,EGOV,2026-07-25,51.6
43c8d2:2026-07-31T12:50:41Z,W1_Snowdonia,mil_state,ZM331,BEECHCRAFT T-6 Texan 2,TEX2,RCKT1,0.17,1.3,697,697,260.0,True,True,-3.6,53.2,EGOV,EGOV,2026-07-25,64.5
43c8d2:2026-07-31T12:50:41Z,W1_Snowdonia,mil_state,ZM331,BEECHCRAFT T-6 Texan 2,TEX2,RCKT1,0.07,16.3,398,276,248.0,True,True,-3.45,52.9,EGOV,EGOV,2026-07-25,85.7
43c8d2:2026-07-31T12:50:41Z,W1_Snowdonia,mil_state,ZM331,BEECHCRAFT T-6 Texan 2,TEX2,RCKT1,0.49,3.7,326,212,244.0,True,True,-3.78,52.95,EGOV,EGOV,2026-07-25,62.1
43c8e6:2026-07-31T12:35:38Z,W1_Snowdonia,rotorcraft,ZM512,AIRBUS HELICOPTERS EC-135/635,EC35,SYS111,0.18,0.5,637,637,93.0,True,True,-4.0,53.15,,,2026-07-25,1.9
43c8d3:2026-07-31T12:29:12Z,W1_Snowdonia,mil_state,ZM332,BEECHCRAFT T-6 Texan 2,TEX2,VYT87,0.81,20.7,501,244,238.0,True,True,-3.79,52.98,EGOV,EGOV,2026-07-25,60.4
43c92b:2026-07-31T10:58:29Z,W1_Snowdonia,rotorcraft,ZM497,AIRBUS HELICOPTERS EC-145,EC45,WWIND228,3.55,29.7,340,243,102.0,False,False,-4.438,53.025,,,2026-07-25,17.7
43c92b:2026-07-31T10:58:29Z,W1_Snowdonia,rotorcraft,ZM497,AIRBUS HELICOPTERS EC-145,EC45,WWIND228,0.27,0.6,390,117,105.0,True,False,-4.45,52.95,,,2026-07-25,26.9
43c92b:2026-07-31T10:58:29Z,W1_Snowdonia,rotorcraft,ZM497,AIRBUS HELICOPTERS EC-145,EC45,WWIND228,3.2,10.4,468,85,59.0,True,False,-4.263,53.0,,,2026-07-25,25.5
43c8d0:2026-07-31T10:32:24Z,W1_Snowdonia,mil_state,ZM329,BEECHCRAFT T-6 Texan 2,TEX2,VYT69,0.99,12.4,687,687,249.0,False,False,-4.5,53.1,EGOV,EGOV,2026-07-25,11.7
43c8d0:2026-07-31T10:32:24Z,W1_Snowdonia,mil_state,ZM329,BEECHCRAFT T-6 Texan 2,TEX2,VYT69,0.01,0.1,582,582,235.0,True,False,-3.5,53.1,EGOV,EGOV,2026-07-25,69.1
43c8d0:2026-07-31T10:32:24Z,W1_Snowdonia,mil_state,ZM329,BEECHCRAFT T-6 Texan 2,TEX2,VYT69,1.16,14.3,397,325,235.0,True,False,-3.675,53.1,EGOV,EGOV,2026-07-25,59.2
43c921:2026-07-31T10:26:17Z,W1_Snowdonia,mil_state,ZM340,BEECHCRAFT T-6 Texan 2,TEX2,VYT80,0.27,2.0,612,612,261.0,True,False,-4.2,53.35,EGOV,EGOV,2026-07-25,27.2
43c921:2026-07-31T10:26:17Z,W1_Snowdonia,mil_state,ZM340,BEECHCRAFT T-6 Texan 2,TEX2,VYT80,1.01,18.7,657,375,240.0,True,False,-3.85,53.175,EGOV,EGOV,2026-07-25,45.5
43c921:2026-07-31T10:26:17Z,W1_Snowdonia,mil_state,ZM340,BEECHCRAFT T-6 Texan 2,TEX2,VYT80,0.4,3.1,595,595,248.0,True,False,-3.6,53.1,EGOV,EGOV,2026-07-25,64.0
43c921:2026-07-31T10:26:17Z,W1_Snowdonia,mil_state,ZM340,BEECHCRAFT T-6 Texan 2,TEX2,VYT80,0.05,0.4,419,419,249.0,True,False,-3.8,52.9,EGOV,EGOV,2026-07-25,58.8
43c921:2026-07-31T10:26:17Z,W1_Snowdonia,mil_state,ZM340,BEECHCRAFT T-6 Texan 2,TEX2,VYT80,1.16,8.6,460,307,229.0,True,False,-4.433,52.95,EGOV,EGOV,2026-07-25,29.3
40193b:2026-07-31T10:01:37Z,W1_Snowdonia,civ_ga,,,,GAZGF,2.11,5.5,587,447,98.0,True,False,-3.3,53.15,EGNR,EGNR,2026-07-25,18.8
407045:2026-07-31T09:49:45Z,W1_Snowdonia,rotorcraft,G-LOYW,AIRBUS HELICOPTERS EC-145,EC45,HLE61,0.22,8.1,584,-111,100.0,False,False,-4.3,53.05,,EGCK,2026-07-25,8.1
008f33:2026-07-31T09:10:38Z,W1_Snowdonia,other,ZS-FTA,CESSNA 201 Centurion,C210,ZSGDF,2.75,14.7,477,244,64.0,True,True,-3.3,53.135,,,2026-07-25,7.2
43c8e6:2026-07-31T08:22:02Z,W1_Snowdonia,rotorcraft,ZM512,AIRBUS HELICOPTERS EC-135/635,EC35,SYS111,0.47,12.8,580,267,68.0,True,False,-4.0,53.15,EGOS,,2026-07-25,4.8
43c921:2026-07-30T14:56:54Z,W1_Snowdonia,mil_state,ZM340,BEECHCRAFT T-6 Texan 2,TEX2,VYT76,1.01,21.3,466,257,248.0,True,False,-3.85,53.175,EGOV,EGOV,2026-07-25,44.8
43c921:2026-07-30T14:56:54Z,W1_Snowdonia,mil_state,ZM340,BEECHCRAFT T-6 Texan 2,TEX2,VYT76,0.69,5.0,350,350,238.0,True,False,-4.4,52.95,EGOV,EGOV,2026-07-25,31.1
43c924:2026-07-30T12:57:38Z,W1_Snowdonia,mil_state,ZM343,BEECHCRAFT T-6 Texan 2,TEX2,VYT88,0.99,37.5,390,185,238.0,True,False,-3.75,53.0,EGOV,EGOV,2026-07-25,57.9
43c924:2026-07-30T12:57:38Z,W1_Snowdonia,mil_state,ZM343,BEECHCRAFT T-6 Texan 2,TEX2,VYT88,1.47,20.6,404,276,236.0,True,True,-3.85,53.2,EGOV,EGOV,2026-07-25,45.2
43c8d3:2026-07-30T12:53:37Z,W1_Snowdonia,mil_state,ZM332,BEECHCRAFT T-6 Texan 2,TEX2,WINDR2,0.73,15.7,533,327,252.0,True,True,-3.833,53.167,,,2026-07-25,14.4
43c921:2026-07-30T12:40:49Z,W1_Snowdonia,mil_state,ZM340,BEECHCRAFT T-6 Texan 2,TEX2,WINDR1,0.48,14.5,459,310,237.0,True,True,-3.85,53.15,EGOV,EGOV,2026-07-25,44.9
43c8cd:2026-07-30T12:34:07Z,W1_Snowdonia,mil_state,ZM326,BEECHCRAFT T-6 Texan 2,TEX2,RCKT1,1.29,32.5,468,245,259.0,True,True,-3.85,53.175,EGOV,EGOV,2026-07-25,45.2
008f33:2026-07-30T12:24:06Z,W1_Snowdonia,other,ZS-FTA,CESSNA 201 Centurion,C210,ZSGDF,2.37,5.2,650,420,76.0,True,False,-3.783,53.2,,,2026-07-25,23.4
43c8d0:2026-07-30T10:43:13Z,W1_Snowdonia,mil_state,ZM329,BEECHCRAFT T-6 Texan 2,TEX2,SWIFT2,1.48,11.8,487,398,256.0,False,False,-3.764,53.157,,EGOV,2026-07-25,8.9
43c8f8:2026-07-30T10:29:21Z,W1_Snowdonia,rotorcraft,ZM530,AIRBUS HELICOPTERS EC-135/635,EC35,SYS111,0.2,0.6,529,529,117.0,False,False,-3.25,52.7,EGOS,EGOS,2026-07-25,36.5
43c922:2026-07-30T10:14:00Z,W1_Snowdonia,mil_state,ZM341,BEECHCRAFT T-6 Texan 2,TEX2,VYT60,0.96,23.8,425,367,248.0,True,False,-3.85,53.183,EGOV,EGOV,2026-07-25,45.1
43c922:2026-07-30T10:14:00Z,W1_Snowdonia,mil_state,ZM341,BEECHCRAFT T-6 Texan 2,TEX2,VYT60,0.27,15.4,386,203,224.0,True,False,-3.8,52.975,EGOV,EGOV,2026-07-25,55.1
43c924:2026-07-30T10:07:28Z,W1_Snowdonia,mil_state,ZM343,BEECHCRAFT T-6 Texan 2,TEX2,SWIFT01,1.99,15.6,344,223,142.0,True,True,-3.794,53.172,EGOV,EGOV,2026-07-25,48.9
408163:2026-07-30T08:37:13Z,W1_Snowdonia,rotorcraft,G-RESI,AGUSTA AW-139,A139,SRD337,0.67,10.8,525,-81,68.0,False,False,-4.5,53.05,EGCK,EGCK,2026-07-25,8.6
43c924:2026-07-30T07:36:28Z,W1_Snowdonia,mil_state,ZM343,BEECHCRAFT T-6 Texan 2,TEX2,RCKT2,0.3,2.2,324,324,241.0,True,True,-4.325,52.95,,,2026-07-25,24.5
43c924:2026-07-30T07:36:28Z,W1_Snowdonia,mil_state,ZM343,BEECHCRAFT T-6 Texan 2,TEX2,RCKT2,0.03,0.2,633,633,261.0,True,True,-3.95,53.0,,,2026-07-25,36.2
43c924:2026-07-30T07:36:28Z,W1_Snowdonia,mil_state,ZM343,BEECHCRAFT T-6 Texan 2,TEX2,RCKT2,0.62,19.1,409,290,248.0,True,True,-3.8,53.15,,,2026-07-25,24.7
43c924:2026-07-30T07:36:28Z,W1_Snowdonia,mil_state,ZM343,BEECHCRAFT T-6 Texan 2,TEX2,RCKT2,0.43,17.6,439,297,245.0,True,True,-3.7,53.1,,,2026-07-25,34.3
43c924:2026-07-30T07:36:28Z,W1_Snowdonia,mil_state,ZM343,BEECHCRAFT T-6 Texan 2,TEX2,RCKT2,2.47,18.9,375,370,244.0,True,True,-3.809,53.195,,,2026-07-25,22.0
43c924:2026-07-30T07:36:28Z,W1_Snowdonia,mil_state,ZM343,BEECHCRAFT T-6 Texan 2,TEX2,RCKT2,2.21,18.9,478,445,251.0,True,True,-3.775,53.15,,,2026-07-25,27.0
43c8d0:2026-07-30T07:30:49Z,W1_Snowdonia,mil_state,ZM329,BEECHCRAFT T-6 Texan 2,TEX2,RCKT1,0.4,3.1,293,293,246.0,True,True,-4.35,52.95,EGOV,EGOV,2026-07-25,32.0
43c8d0:2026-07-30T07:30:49Z,W1_Snowdonia,mil_state,ZM329,BEECHCRAFT T-6 Texan 2,TEX2,RCKT1,0.23,1.7,451,409,232.0,True,True,-3.95,53.0,EGOV,EGOV,2026-07-25,46.8
43c8d0:2026-07-30T07:30:49Z,W1_Snowdonia,mil_state,ZM329,BEECHCRAFT T-6 Texan 2,TEX2,RCKT1,0.52,17.9,426,316,241.0,True,True,-3.783,53.15,EGOV,EGOV,2026-07-25,49.4
43c8d0:2026-07-30T07:30:49Z,W1_Snowdonia,mil_state,ZM329,BEECHCRAFT T-6 Texan 2,TEX2,RCKT1,2.04,15.4,455,335,235.0,True,True,-3.807,53.177,EGOV,EGOV,2026-07-25,48.4
43c8d0:2026-07-30T07:30:49Z,W1_Snowdonia,mil_state,ZM329,BEECHCRAFT T-6 Texan 2,TEX2,RCKT1,0.06,0.4,613,613,245.0,True,True,-3.6,53.1,EGOV,EGOV,2026-07-25,62.5
43c8d0:2026-07-30T07:30:49Z,W1_Snowdonia,mil_state,ZM329,BEECHCRAFT T-6 Texan 2,TEX2,RCKT1,0.01,0.1,481,481,245.0,True,True,-3.6,53.1,EGOV,EGOV,2026-07-25,63.1
43c8d0:2026-07-30T07:30:49Z,W1_Snowdonia,mil_state,ZM329,BEECHCRAFT T-6 Texan 2,TEX2,RCKT1,0.25,1.6,523,467,240.0,True,True,-3.7,53.1,EGOV,EGOV,2026-07-25,56.4
43c8d0:2026-07-30T07:30:49Z,W1_Snowdonia,mil_state,ZM329,BEECHCRAFT T-6 Texan 2,TEX2,RCKT1,1.72,12.1,423,310,236.0,True,True,-3.779,53.164,EGOV,EGOV,2026-07-25,49.6
408163:2026-07-29T19:26:12Z,W1_Snowdonia,rotorcraft,G-RESI,AGUSTA AW-139,A139,SRD336,3.97,35.3,533,-48,66.0,False,False,-4.475,52.975,EGCK,EGCK,2026-07-25,13.5
408163:2026-07-29T19:26:12Z,W1_Snowdonia,rotorcraft,G-RESI,AGUSTA AW-139,A139,SRD336,0.75,6.5,658,383,177.0,True,False,-4.45,53.0,EGCK,EGCK,2026-07-25,10.4
408163:2026-07-29T19:26:12Z,W1_Snowdonia,rotorcraft,G-RESI,AGUSTA AW-139,A139,SRD336,3.43,21.9,533,76,118.0,False,False,-4.491,52.986,EGCK,EGCK,2026-07-25,13.3
407ba8:2026-07-29T16:07:47Z,W1_Snowdonia,civ_ga,G-CLXB,SUPERMARINE Spitfire,SPIT,GCLXB,0.16,2.1,680,667,218.0,True,True,-3.75,53.1,EGNR,EGNR,2026-07-25,49.3
43c922:2026-07-29T15:10:04Z,W1_Snowdonia,mil_state,ZM341,BEECHCRAFT T-6 Texan 2,TEX2,SWIFT02,0.04,0.3,618,618,214.0,True,True,-4.45,52.9,,,2026-07-25,21.1
43c922:2026-07-29T15:10:04Z,W1_Snowdonia,mil_state,ZM341,BEECHCRAFT T-6 Texan 2,TEX2,SWIFT02,0.96,6.5,451,348,277.0,True,True,-4.367,52.95,,,2026-07-25,22.3
43c8d2:2026-07-29T15:05:47Z,W1_Snowdonia,mil_state,ZM331,BEECHCRAFT T-6 Texan 2,TEX2,SWIFT1,0.13,1.0,439,439,230.0,True,True,-4.35,52.9,EGOV,EGOV,2026-07-25,35.7
43c8d2:2026-07-29T15:05:47Z,W1_Snowdonia,mil_state,ZM331,BEECHCRAFT T-6 Texan 2,TEX2,SWIFT1,0.4,2.4,365,365,243.0,True,True,-4.35,52.917,EGOV,EGOV,2026-07-25,34.9
43c921:2026-07-29T15:05:01Z,W1_Snowdonia,mil_state,ZM340,BEECHCRAFT T-6 Texan 2,TEX2,RCKT1,0.87,17.5,409,308,244.0,True,True,-3.85,53.183,,EGOV,2026-07-25,45.5
43c921:2026-07-29T15:05:01Z,W1_Snowdonia,mil_state,ZM340,BEECHCRAFT T-6 Texan 2,TEX2,RCKT1,1.85,29.0,379,158,232.0,True,True,-3.75,53.155,,EGOV,2026-07-25,52.3
43c921:2026-07-29T15:05:01Z,W1_Snowdonia,mil_state,ZM340,BEECHCRAFT T-6 Texan 2,TEX2,RCKT1,2.37,16.6,379,265,229.0,True,True,-3.61,53.15,,EGOV,2026-07-25,62.0
43c921:2026-07-29T15:05:01Z,W1_Snowdonia,mil_state,ZM340,BEECHCRAFT T-6 Texan 2,TEX2,RCKT1,1.52,22.9,353,146,229.0,True,True,-3.75,52.98,,EGOV,2026-07-25,56.3
43c8d0:2026-07-29T15:04:09Z,W1_Snowdonia,mil_state,ZM329,BEECHCRAFT T-6 Texan 2,TEX2,RCKT2,1.03,19.4,546,285,250.0,True,True,-3.86,53.18,EGOV,,2026-07-25,37.3
43c8d0:2026-07-29T15:04:09Z,W1_Snowdonia,mil_state,ZM329,BEECHCRAFT T-6 Texan 2,TEX2,RCKT2,0.86,5.2,694,660,247.0,True,True,-3.675,53.1,EGOV,,2026-07-25,52.5
43c8d0:2026-07-29T15:04:09Z,W1_Snowdonia,mil_state,ZM329,BEECHCRAFT T-6 Texan 2,TEX2,RCKT2,1.57,29.9,461,219,234.0,True,True,-3.75,53.16,EGOV,,2026-07-25,46.0
43c8d0:2026-07-29T15:04:09Z,W1_Snowdonia,mil_state,ZM329,BEECHCRAFT T-6 Texan 2,TEX2,RCKT2,2.49,27.8,381,191,272.0,True,True,-3.764,52.957,EGOV,,2026-07-25,56.2
43c8d0:2026-07-29T12:48:37Z,W1_Snowdonia,mil_state,ZM329,BEECHCRAFT T-6 Texan 2,TEX2,VYT95,0.59,19.9,412,305,235.0,True,False,-3.85,53.15,,EGOV,2026-07-25,27.7
43c940:2026-07-29T11:39:26Z,W1_Snowdonia,rotorcraft,ZM718,Boeing AH-64E Apache,H64,AAC606,1.45,7.7,543,94,137.0,False,False,-3.325,52.85,,EGCV,2026-07-25,35.4
407045:2026-07-29T11:39:01Z,W1_Snowdonia,rotorcraft,G-LOYW,AIRBUS HELICOPTERS EC-145,EC45,HLE61,1.19,4.0,643,643,103.0,True,True,-3.6,53.1,,EGCK,2026-07-25,39.5
407ba8:2026-07-29T10:51:38Z,W1_Snowdonia,civ_ga,G-CLXB,SUPERMARINE Spitfire,SPIT,GCLXB,0.11,4.5,677,677,204.0,True,True,-3.8,53.0,EGNR,EGNR,2026-07-25,55.3
407045:2026-07-29T09:48:09Z,W1_Snowdonia,rotorcraft,G-LOYW,AIRBUS HELICOPTERS EC-145,EC45,HLE61,0.98,4.3,421,274,134.0,False,False,-3.275,53.125,EGCK,,2026-07-25,6.5
43c8f2:2026-07-29T09:22:02Z,W1_Snowdonia,rotorcraft,ZM524,AIRBUS HELICOPTERS EC-135/635,EC35,SYS96,0.28,0.9,581,581,104.0,False,False,-3.25,52.9,EGOS,EGOS,2026-07-25,39.4
43c8f2:2026-07-29T09:22:02Z,W1_Snowdonia,rotorcraft,ZM524,AIRBUS HELICOPTERS EC-135/635,EC35,SYS96,0.03,0.1,668,668,107.0,True,False,-3.35,52.95,EGOS,EGOS,2026-07-25,46.6
43c8f2:2026-07-29T09:22:02Z,W1_Snowdonia,rotorcraft,ZM524,AIRBUS HELICOPTERS EC-135/635,EC35,SYS96,3.25,11.1,455,272,112.0,False,False,-3.312,52.925,EGOS,EGOS,2026-07-25,45.1
43c921:2026-07-29T08:09:06Z,W1_Snowdonia,mil_state,ZM340,BEECHCRAFT T-6 Texan 2,TEX2,VYT67,2.46,25.9,380,306,239.0,True,True,-3.805,53.159,EGOV,EGOV,2026-07-25,51.2
43c921:2026-07-29T08:09:06Z,W1_Snowdonia,mil_state,ZM340,BEECHCRAFT T-6 Texan 2,TEX2,VYT67,1.05,8.4,316,227,241.0,True,True,-3.75,52.975,EGOV,EGOV,2026-07-25,60.1
43c921:2026-07-29T08:09:06Z,W1_Snowdonia,mil_state,ZM340,BEECHCRAFT T-6 Texan 2,TEX2,VYT67,0.42,3.1,595,453,253.0,True,True,-3.55,53.15,EGOV,EGOV,2026-07-25,68.0
407ba8:2026-07-28T14:52:24Z,W1_Snowdonia,civ_ga,G-CLXB,SUPERMARINE Spitfire,SPIT,GCLXB,0.25,1.6,607,607,221.0,False,False,-3.3,53.15,EGNR,EGNR,2026-07-25,19.6
43c921:2026-07-28T12:41:41Z,W1_Snowdonia,mil_state,ZM340,BEECHCRAFT T-6 Texan 2,TEX2,VYT97,0.32,2.0,630,630,232.0,True,True,-3.8,53.2,EGOV,,2026-07-25,12.8
43c8d0:2026-07-28T10:45:35Z,W1_Snowdonia,mil_state,ZM329,BEECHCRAFT T-6 Texan 2,TEX2,WINDR2,0.31,2.4,496,386,272.0,False,False,-3.7,53.1,,,2026-07-25,1.4
43c8d0:2026-07-28T10:28:31Z,W1_Snowdonia,mil_state,ZM329,BEECHCRAFT T-6 Texan 2,TEX2,WINDR2,0.82,10.9,478,347,250.0,False,False,-3.55,53.2,,,2026-07-25,2.1
43c8cb:2026-07-28T09:50:04Z,W1_Snowdonia,mil_state,ZM324,BEECHCRAFT T-6 Texan 2,TEX2,WINDR01,0.71,6.4,319,250,254.0,True,True,-3.55,53.2,EGOV,EGOV,2026-07-25,66.0
43c8cb:2026-07-28T09:50:04Z,W1_Snowdonia,mil_state,ZM324,BEECHCRAFT T-6 Texan 2,TEX2,WINDR01,0.05,0.4,388,388,217.0,True,True,-3.65,53.15,EGOV,EGOV,2026-07-25,62.7
43c8cb:2026-07-28T09:50:04Z,W1_Snowdonia,mil_state,ZM324,BEECHCRAFT T-6 Texan 2,TEX2,WINDR01,0.36,2.6,328,216,217.0,True,True,-3.7,53.1,EGOV,EGOV,2026-07-25,58.5
43c8d0:2026-07-27T15:04:07Z,W1_Snowdonia,mil_state,ZM329,BEECHCRAFT T-6 Texan 2,TEX2,VYT73,0.66,5.2,397,380,255.0,True,False,-4.45,52.975,EGOV,EGOV,2026-07-25,28.5
43c8d0:2026-07-27T15:04:07Z,W1_Snowdonia,mil_state,ZM329,BEECHCRAFT T-6 Texan 2,TEX2,VYT73,0.21,1.6,692,692,271.0,True,False,-3.85,53.2,EGOV,EGOV,2026-07-25,49.2
43c8d0:2026-07-27T15:04:07Z,W1_Snowdonia,mil_state,ZM329,BEECHCRAFT T-6 Texan 2,TEX2,VYT73,0.83,6.4,506,412,237.0,True,False,-3.789,53.15,EGOV,EGOV,2026-07-25,52.0
43c8d0:2026-07-27T15:04:07Z,W1_Snowdonia,mil_state,ZM329,BEECHCRAFT T-6 Texan 2,TEX2,VYT73,0.92,6.7,394,389,252.0,True,False,-3.76,53.14,EGOV,EGOV,2026-07-25,54.6
4062ed:2026-07-27T10:28:27Z,W1_Snowdonia,rotorcraft,G-POET,ROBINSON R-44 Raven,R44,GPOET,1.23,5.0,671,532,114.0,True,True,-3.95,53.25,EGCK,EGCK,2026-07-25,33.3
407045:2026-07-26T17:35:05Z,W1_Snowdonia,rotorcraft,G-LOYW,AIRBUS HELICOPTERS EC-145,EC45,HLE61,0.93,2.8,377,377,154.0,False,False,-3.517,53.25,EGCK,,2026-07-25,0.5
4080c6:2026-07-26T15:57:10Z,W1_Snowdonia,rotorcraft,G-RESE,AGUSTA AW-139,A139,SRG336,0.54,3.0,681,511,147.0,True,True,-3.933,53.2,EGCK,,2026-07-25,32.9
4080c6:2026-07-26T15:57:10Z,W1_Snowdonia,rotorcraft,G-RESE,AGUSTA AW-139,A139,SRG336,1.49,1.5,610,294,133.0,True,False,-3.3,53.3,EGCK,,2026-07-25,0.6
407045:2026-07-26T15:37:03Z,W1_Snowdonia,rotorcraft,G-LOYW,AIRBUS HELICOPTERS EC-145,EC45,HLE61,0.68,2.1,613,613,100.0,True,True,-3.95,53.0,EGTK,EGCK,2026-07-25,30.6
4071ab:2026-07-26T12:00:24Z,W1_Snowdonia,rotorcraft,G-WOBR,AIRBUS HELICOPTERS EC-145,EC45,HLE59,1.04,12.1,172,-8,108.0,False,False,-4.25,53.05,EGCK,EGCW,2026-07-25,8.3
4071ab:2026-07-26T12:00:24Z,W1_Snowdonia,rotorcraft,G-WOBR,AIRBUS HELICOPTERS EC-145,EC45,HLE59,0.06,0.2,672,672,124.0,True,False,-3.8,52.85,EGCK,EGCW,2026-07-25,45.8
4080c6:2026-07-26T11:50:32Z,W1_Snowdonia,rotorcraft,G-RESE,AGUSTA AW-139,A139,SRG336,1.88,17.6,-10,-10,128.0,False,False,-4.325,52.975,EGCK,,2026-07-25,3.8
4071ab:2026-07-26T09:45:37Z,W1_Snowdonia,rotorcraft,G-WOBR,AIRBUS HELICOPTERS EC-145,EC45,HLE59,0.42,1.3,676,676,103.0,True,False,-3.8,53.0,EGCW,,2026-07-25,34.0
407045:2026-07-26T08:03:49Z,W1_Snowdonia,rotorcraft,G-LOYW,AIRBUS HELICOPTERS EC-145,EC45,HLE61,2.16,11.0,498,228,97.0,False,False,-4.033,53.233,,,2026-07-25,2.4
407045:2026-07-26T08:03:49Z,W1_Snowdonia,rotorcraft,G-LOYW,AIRBUS HELICOPTERS EC-145,EC45,HLE61,1.09,17.6,564,428,151.0,True,False,-4.45,53.15,,,2026-07-25,15.5
407045:2026-07-26T07:06:41Z,W1_Snowdonia,rotorcraft,G-LOYW,AIRBUS HELICOPTERS EC-145,EC45,HLE61,3.54,31.8,427,-52,64.0,False,False,-4.003,53.203,EGCK,,2026-07-25,0.4
407045:2026-07-25T11:36:17Z,W1_Snowdonia,rotorcraft,G-LOYW,AIRBUS HELICOPTERS EC-145,EC45,HLE61,1.77,21.3,592,592,142.0,True,False,-3.875,53.325,EGCK,,2026-07-25,42.3
06a2f4:2025-05-27T01:02:28Z,W2_MidWales,other,A67-BHQ,BOEING 787-9 Dreamliner,B789,QTR37U,0.29,1.0,88,-154,168.0,False,False,-4.6,51.85,,,2025-05-24,0.4
4071ab:2025-05-26T12:04:40Z,W2_MidWales,rotorcraft,G-WOBR,AIRBUS HELICOPTERS EC-145,EC45,HLE67,0.64,2.4,549,549,121.0,False,False,-3.25,51.75,EGFC,,2025-05-24,2.7
4071ab:2025-05-24T14:17:06Z,W2_MidWales,rotorcraft,G-WOBR,AIRBUS HELICOPTERS EC-145,EC45,HLE67,0.27,0.6,544,522,98.0,False,False,-3.3,51.7,EGFC,EGFC,2025-05-24,27.6
406343:2025-06-20T20:00:14Z,W2_MidWales,other,G-NWOI,AIRBUS HELICOPTERS EC-135/635,EC35,UKPOL32,0.41,1.2,586,497,96.0,True,False,-3.2,51.75,,,2025-06-14,28.4
43c8cb:2025-06-20T14:26:07Z,W2_MidWales,mil_state,ZM324,BEECHCRAFT T-6 Texan 2,TEX2,VYT88,4.4,34.4,206,89,250.0,False,False,-3.443,52.247,EGOV,EGOV,2025-06-14,131.2
43c8cd:2025-06-20T14:21:02Z,W2_MidWales,mil_state,ZM326,BEECHCRAFT T-6 Texan 2,TEX2,VYT70,3.01,23.1,492,149,252.0,True,False,-3.491,52.175,EGOV,EGOV,2025-06-14,136.8
43c8cd:2025-06-20T14:21:02Z,W2_MidWales,mil_state,ZM326,BEECHCRAFT T-6 Texan 2,TEX2,VYT70,3.96,30.6,426,186,257.0,False,False,-3.35,52.246,EGOV,EGOV,2025-06-14,135.5
43c922:2025-06-20T12:08:30Z,W2_MidWales,mil_state,ZM341,BEECHCRAFT T-6 Texan 2,TEX2,VYT06,0.15,1.1,272,272,245.0,False,False,-3.7,52.15,EGOV,EGOV,2025-06-14,131.6
43c922:2025-06-20T12:08:30Z,W2_MidWales,mil_state,ZM341,BEECHCRAFT T-6 Texan 2,TEX2,VYT06,1.78,13.2,454,306,239.0,True,False,-3.417,52.15,EGOV,EGOV,2025-06-14,143.0
43c922:2025-06-20T12:08:30Z,W2_MidWales,mil_state,ZM341,BEECHCRAFT T-6 Texan 2,TEX2,VYT06,0.8,6.4,526,443,241.0,True,False,-3.3,52.263,EGOV,EGOV,2025-06-14,135.8
43c922:2025-06-20T12:08:30Z,W2_MidWales,mil_state,ZM341,BEECHCRAFT T-6 Texan 2,TEX2,VYT06,1.54,12.3,420,294,266.0,False,False,-3.3,52.371,EGOV,EGOV,2025-06-14,126.2
43c8cf:2025-06-20T11:45:51Z,W2_MidWales,mil_state,ZM328,BEECHCRAFT T-6 Texan 2,TEX2,VYT73,2.21,14.4,344,209,248.0,False,False,-3.364,52.286,EGOV,EGOV,2025-06-14,131.7
43c8cf:2025-06-20T11:45:51Z,W2_MidWales,mil_state,ZM328,BEECHCRAFT T-6 Texan 2,TEX2,VYT73,0.02,0.1,309,309,261.0,False,False,-3.25,52.35,EGOV,EGOV,2025-06-14,128.5
43c8d0:2025-06-20T09:42:21Z,W2_MidWales,mil_state,ZM329,BEECHCRAFT T-6 Texan 2,TEX2,VYT88,4.75,36.9,323,201,250.0,False,False,-3.411,52.211,EGOV,EGOV,2025-06-14,135.0
40821b:2025-06-20T08:33:48Z,W2_MidWales,rotorcraft,G-LYNJ,BELL 407,B407,GLYNJ,0.93,2.7,666,666,96.0,True,True,-3.3,51.9,,,2025-06-14,59.9
4071ab:2025-06-19T21:11:17Z,W2_MidWales,rotorcraft,G-WOBR,AIRBUS HELICOPTERS EC-145,EC45,HLE67,0.8,3.4,618,618,140.0,False,False,-3.2,51.7,EGFC,,2025-06-14,5.7
4071ab:2025-06-19T21:11:17Z,W2_MidWales,rotorcraft,G-WOBR,AIRBUS HELICOPTERS EC-145,EC45,HLE67,0.98,1.3,432,339,90.0,False,False,-3.2,51.75,EGFC,,2025-06-14,0.3
43c8d0:2025-06-19T14:29:01Z,W2_MidWales,mil_state,ZM329,BEECHCRAFT T-6 Texan 2,TEX2,VYT70,3.28,25.9,475,341,263.0,False,False,-3.363,52.253,EGOV,EGOV,2025-06-14,135.4
406de8:2025-06-19T13:48:39Z,W2_MidWales,rotorcraft,G-MCGS,AGUSTA AW-189,A189,SRD187,5.97,31.7,620,399,1.0,False,False,-4.287,51.875,,EGSY,2025-06-14,43.7
407045:2025-06-19T13:28:41Z,W2_MidWales,rotorcraft,G-LOYW,AIRBUS HELICOPTERS EC-145,EC45,GAMA101P,0.1,0.2,580,580,81.0,True,True,-3.45,51.85,EGBJ,,2025-06-14,49.1
407045:2025-06-19T13:28:41Z,W2_MidWales,rotorcraft,G-LOYW,AIRBUS HELICOPTERS EC-145,EC45,GAMA101P,0.17,0.6,638,638,122.0,True,True,-3.45,51.85,EGBJ,,2025-06-14,50.1
407d4d:2025-06-19T13:18:54Z,W2_MidWales,other,G-NULL,AEROSPATIALE AS-350 Ecureuil,AS50,GNULL,0.6,2.8,685,685,142.0,False,False,-3.3,51.75,,,2025-06-14,2.6
406de8:2025-06-19T12:58:57Z,W2_MidWales,rotorcraft,G-MCGS,AGUSTA AW-189,A189,SRD187,0.65,2.7,508,508,132.0,False,False,-4.2,51.75,EGSY,EGFE,2025-06-14,57.4
4080e8:2025-06-19T12:38:28Z,W2_MidWales,rotorcraft,G-XDCB,BELL 505 JetRanger X,B505,GXDCB,0.46,11.6,578,453,110.0,False,False,-4.5,51.75,EGLD,EGFE,2025-06-14,36.4
43c8d0:2025-06-19T10:23:52Z,W2_MidWales,mil_state,ZM329,BEECHCRAFT T-6 Texan 2,TEX2,VYT06,1.37,10.6,293,231,250.0,False,False,-4.15,52.18,,EGOV,2025-06-14,5.3
43c8d0:2025-06-19T10:23:52Z,W2_MidWales,mil_state,ZM329,BEECHCRAFT T-6 Texan 2,TEX2,VYT06,0.63,4.9,640,640,255.0,False,False,-3.85,52.45,,EGOV,2025-06-14,41.9
43c8d0:2025-06-19T09:41:58Z,W2_MidWales,mil_state,ZM329,BEECHCRAFT T-6 Texan 2,TEX2,VYT06,2.25,17.0,307,199,245.0,False,False,-3.35,52.312,EGOV,,2025-06-14,23.4
43c8d0:2025-06-19T09:41:58Z,W2_MidWales,mil_state,ZM329,BEECHCRAFT T-6 Texan 2,TEX2,VYT06,1.12,8.6,370,287,248.0,False,False,-3.42,52.15,EGOV,,2025-06-14,4.9
4080c6:2025-06-18T21:25:45Z,W2_MidWales,rotorcraft,G-RESE,AGUSTA AW-139,A139,CG388,0.29,0.9,309,309,108.0,True,False,-3.55,51.85,,EGSY,2025-06-14,7.0
4080c6:2025-06-18T20:55:22Z,W2_MidWales,rotorcraft,G-RESE,AGUSTA AW-139,A139,CG388,5.38,8.5,392,4,54.0,False,False,-3.45,51.85,,,2025-06-14,0.4
4080c6:2025-06-18T20:24:51Z,W2_MidWales,rotorcraft,G-RESE,AGUSTA AW-139,A139,CG388,0.22,0.7,373,373,115.0,True,False,-3.4,51.75,EGSY,,2025-06-14,10.1
4080c6:2025-06-18T20:24:51Z,W2_MidWales,rotorcraft,G-RESE,AGUSTA AW-139,A139,CG388,3.25,6.2,471,312,103.0,False,False,-3.45,51.85,EGSY,,2025-06-14,0.4
404acc:2025-06-18T13:55:22Z,W2_MidWales,other,G-PDGP,AEROSPATIALE AS-355 Ecureuil 2,AS55,PDG60,3.08,17.2,191,94,133.0,False,False,-3.15,51.712,,,2025-06-14,4.4
4080e8:2025-06-18T10:49:06Z,W2_MidWales,rotorcraft,G-XDCB,BELL 505 JetRanger X,B505,GXDCB,1.54,4.9,649,600,110.0,True,False,-4.425,51.85,EGBJ,,2025-06-14,30.4
43c8f7:2025-06-18T10:05:06Z,W2_MidWales,rotorcraft,ZM529,AIRBUS HELICOPTERS EC-135/635,EC35,SYS62,0.11,0.4,655,655,112.0,True,False,-3.15,52.45,EGOS,EGOS,2025-06-14,46.9
43c922:2025-06-18T09:49:46Z,W2_MidWales,mil_state,ZM341,BEECHCRAFT T-6 Texan 2,TEX2,VYT679,2.96,22.9,347,182,248.0,False,False,-3.418,52.273,EGOV,EGOV,2025-06-14,128.5
43c923:2025-06-18T09:35:43Z,W2_MidWales,mil_state,ZM342,BEECHCRAFT T-6 Texan 2,TEX2,VYT680,3.84,32.5,354,244,164.0,False,False,-3.407,52.27,EGOV,EGOV,2025-06-14,128.8
43c5ea:2025-06-17T16:34:08Z,W2_MidWales,other,ZM416,AIRBUS A-400M,A400,NAPER60,0.49,2.9,475,461,182.0,False,False,-2.95,51.85,EGVN,,2025-06-14,93.3
40821b:2025-06-17T14:14:05Z,W2_MidWales,rotorcraft,G-LYNJ,BELL 407,B407,GLYNJ,0.31,0.8,514,514,96.0,True,True,-3.15,51.8,,,2025-06-14,74.0
40821b:2025-06-17T14:14:05Z,W2_MidWales,rotorcraft,G-LYNJ,BELL 407,B407,GLYNJ,1.2,4.0,528,528,106.0,True,True,-3.3,51.8,,,2025-06-14,65.0
40821b:2025-06-17T14:14:05Z,W2_MidWales,rotorcraft,G-LYNJ,BELL 407,B407,GLYNJ,0.4,1.2,581,581,109.0,True,True,-3.4,51.8,,,2025-06-14,57.2
40821b:2025-06-17T14:14:05Z,W2_MidWales,rotorcraft,G-LYNJ,BELL 407,B407,GLYNJ,2.38,7.6,696,691,101.0,True,True,-3.475,51.8,,,2025-06-14,52.1
43c8cd:2025-06-17T09:21:20Z,W2_MidWales,mil_state,ZM326,BEECHCRAFT T-6 Texan 2,TEX2,RCKT1,2.26,17.1,303,256,244.0,False,False,-3.31,52.3,EGOV,EGOV,2025-06-14,133.0
406343:2025-06-17T06:38:58Z,W2_MidWales,other,G-NWOI,AIRBUS HELICOPTERS EC-135/635,EC35,UKPOL32,0.73,3.2,604,389,122.0,False,False,-3.133,51.7,,,2025-06-14,2.0
4071ab:2025-06-16T19:34:50Z,W2_MidWales,rotorcraft,G-WOBR,AIRBUS HELICOPTERS EC-145,EC45,HLE67,0.25,1.0,660,660,130.0,False,False,-4.0,51.95,,EGFC,2025-06-14,0.5
4071ab:2025-06-16T19:34:50Z,W2_MidWales,rotorcraft,G-WOBR,AIRBUS HELICOPTERS EC-145,EC45,HLE67,0.46,1.7,598,598,130.0,True,True,-3.75,51.85,,EGFC,2025-06-14,22.6
43c8d4:2025-06-16T13:52:09Z,W2_MidWales,mil_state,ZM333,EMBRAER EMB-500 Phenom 100,E50P,SCPTR02,2.24,17.4,499,342,241.0,False,False,-3.445,51.945,EGVN,EGYD,2025-06-14,128.5
43c8d4:2025-06-16T13:52:09Z,W2_MidWales,mil_state,ZM333,EMBRAER EMB-500 Phenom 100,E50P,SCPTR02,0.21,1.4,503,503,220.0,True,False,-4.05,51.95,EGVN,EGYD,2025-06-14,167.7
43c8d4:2025-06-16T13:52:09Z,W2_MidWales,mil_state,ZM333,EMBRAER EMB-500 Phenom 100,E50P,SCPTR02,0.62,4.4,695,533,222.0,True,False,-4.25,51.9,EGVN,EGYD,2025-06-14,183.5
43c8d4:2025-06-16T13:52:09Z,W2_MidWales,mil_state,ZM333,EMBRAER EMB-500 Phenom 100,E50P,SCPTR02,1.53,10.4,515,401,227.0,True,False,-4.217,52.133,EGVN,EGYD,2025-06-14,184.6
43c8d7:2025-06-16T13:41:09Z,W2_MidWales,mil_state,ZM336,EMBRAER EMB-500 Phenom 100,E50P,SCPTR1,2.62,20.9,636,434,220.0,False,False,-3.45,51.95,EGVN,EGYD,2025-06-14,129.3
43c8d7:2025-06-16T13:41:09Z,W2_MidWales,mil_state,ZM336,EMBRAER EMB-500 Phenom 100,E50P,SCPTR1,3.88,27.7,482,337,207.0,True,False,-4.25,52.033,EGVN,EGYD,2025-06-14,184.9
43c921:2025-06-16T12:40:51Z,W2_MidWales,mil_state,ZM340,BEECHCRAFT T-6 Texan 2,TEX2,RCKT2,5.46,41.0,510,293,259.0,False,False,-3.459,52.209,,EGOV,2025-06-14,115.3
40668c:2025-06-16T11:35:39Z,W2_MidWales,rotorcraft,G-WPDB,AIRBUS HELICOPTERS EC-135/635,EC35,GWPDB,0.39,1.4,613,613,117.0,False,False,-4.25,51.75,EGGD,,2025-06-14,17.5
40668c:2025-06-16T11:35:39Z,W2_MidWales,rotorcraft,G-WPDB,AIRBUS HELICOPTERS EC-135/635,EC35,GWPDB,0.54,2.0,630,630,126.0,False,False,-4.35,51.75,EGGD,,2025-06-14,12.3
4046d6:2025-06-16T11:10:58Z,W2_MidWales,civ_ga,G-CBME,CESSNA 172 Skyhawk,C172,GCBME,0.64,2.1,529,529,100.0,False,False,-3.25,52.25,,,2025-06-14,1.1
4046d6:2025-06-16T11:10:58Z,W2_MidWales,civ_ga,G-CBME,CESSNA 172 Skyhawk,C172,GCBME,0.42,1.2,684,684,108.0,True,False,-3.35,52.3,,,2025-06-14,7.6
4046d6:2025-06-16T11:10:58Z,W2_MidWales,civ_ga,G-CBME,CESSNA 172 Skyhawk,C172,GCBME,2.37,5.2,604,483,71.0,True,False,-3.35,52.25,,,2025-06-14,7.9
4046d6:2025-06-16T11:10:58Z,W2_MidWales,civ_ga,G-CBME,CESSNA 172 Skyhawk,C172,GCBME,0.29,0.7,696,696,94.0,True,False,-3.35,52.325,,,2025-06-14,11.7
4046d6:2025-06-16T11:10:58Z,W2_MidWales,civ_ga,G-CBME,CESSNA 172 Skyhawk,C172,GCBME,0.27,0.5,661,661,89.0,True,False,-3.4,52.35,,,2025-06-14,15.7
4046d6:2025-06-16T11:10:58Z,W2_MidWales,civ_ga,G-CBME,CESSNA 172 Skyhawk,C172,GCBME,0.27,0.6,689,689,83.0,True,False,-3.4,52.3,,,2025-06-14,12.1
4046d6:2025-06-16T11:10:58Z,W2_MidWales,civ_ga,G-CBME,CESSNA 172 Skyhawk,C172,GCBME,0.08,0.2,676,676,81.0,True,False,-3.35,52.3,,,2025-06-14,11.0
4046d6:2025-06-16T11:10:58Z,W2_MidWales,civ_ga,G-CBME,CESSNA 172 Skyhawk,C172,GCBME,0.4,1.0,657,657,85.0,True,False,-3.45,52.3,,,2025-06-14,14.6
4046d6:2025-06-16T11:10:58Z,W2_MidWales,civ_ga,G-CBME,CESSNA 172 Skyhawk,C172,GCBME,0.47,1.2,632,632,81.0,True,False,-3.35,52.25,,,2025-06-14,6.9
4046d6:2025-06-16T10:48:36Z,W2_MidWales,civ_ga,G-CBME,CESSNA 172 Skyhawk,C172,GCBME,0.72,1.4,646,646,82.0,False,False,-3.3,52.25,,,2025-06-14,2.2
40259c:2025-06-16T10:38:48Z,W2_MidWales,rotorcraft,G-HANY,BELL 206 JetRanger,B06,GHANY,0.62,2.1,491,491,99.0,True,True,-3.188,51.8,EGBJ,,2025-06-14,67.2
43c8d7:2025-06-16T10:29:10Z,W2_MidWales,mil_state,ZM336,EMBRAER EMB-500 Phenom 100,E50P,SCPTR2,0.54,3.5,510,510,181.0,True,True,-3.35,52.45,,EGVN,2025-06-14,28.1
43c8d7:2025-06-16T10:29:10Z,W2_MidWales,mil_state,ZM336,EMBRAER EMB-500 Phenom 100,E50P,SCPTR2,0.78,5.0,562,453,212.0,True,True,-4.275,52.0,,EGVN,2025-06-14,97.4
43c8d7:2025-06-16T10:29:10Z,W2_MidWales,mil_state,ZM336,EMBRAER EMB-500 Phenom 100,E50P,SCPTR2,1.24,8.1,585,568,210.0,True,True,-4.25,51.883,,EGVN,2025-06-14,102.0
43c8d7:2025-06-16T10:29:10Z,W2_MidWales,mil_state,ZM336,EMBRAER EMB-500 Phenom 100,E50P,SCPTR2,0.87,6.0,550,486,209.0,True,True,-3.5,52.133,,EGVN,2025-06-14,44.9
404728:2025-06-16T10:22:28Z,W2_MidWales,other,G-CBNG,ROBIN Alpha,R200,GCROX,0.35,1.2,519,519,86.0,True,True,-3.15,51.7,,,2025-06-14,271.1
404728:2025-06-16T10:22:28Z,W2_MidWales,other,G-CBNG,ROBIN Alpha,R200,GCROX,0.95,2.9,504,414,86.0,True,True,-3.2,51.7,,,2025-06-14,273.8
43c8d4:2025-06-16T10:05:12Z,W2_MidWales,mil_state,ZM333,EMBRAER EMB-500 Phenom 100,E50P,SCPTR1,0.27,1.7,691,691,198.0,True,True,-4.15,52.05,EGYD,EGVN,2025-06-14,180.0
43c8d4:2025-06-16T10:05:12Z,W2_MidWales,mil_state,ZM333,EMBRAER EMB-500 Phenom 100,E50P,SCPTR1,0.07,0.4,478,478,206.0,True,True,-4.25,52.0,EGYD,EGVN,2025-06-14,186.1
43c8d4:2025-06-16T10:05:12Z,W2_MidWales,mil_state,ZM333,EMBRAER EMB-500 Phenom 100,E50P,SCPTR1,0.82,5.2,661,661,203.0,True,True,-4.3,51.95,EGYD,EGVN,2025-06-14,187.2
43c8d4:2025-06-16T10:05:12Z,W2_MidWales,mil_state,ZM333,EMBRAER EMB-500 Phenom 100,E50P,SCPTR1,0.43,3.1,675,675,209.0,True,True,-4.25,51.85,EGYD,EGVN,2025-06-14,184.7
40347d:2025-06-16T09:57:33Z,W2_MidWales,civ_ga,G-CPTM,PIPER PA-28-140/150/160/180,P28A,GCPTM,0.28,0.8,660,660,85.0,True,True,-3.6,52.2,EGGP,EGTE,2025-06-14,134.5
43c8d2:2025-06-16T07:00:38Z,W2_MidWales,mil_state,ZM331,BEECHCRAFT T-6 Texan 2,TEX2,RCKT1,2.24,15.7,433,331,262.0,False,False,-3.388,52.175,EGOV,EGOV,2025-06-14,141.0
43c8d2:2025-06-16T07:00:38Z,W2_MidWales,mil_state,ZM331,BEECHCRAFT T-6 Texan 2,TEX2,RCKT1,1.37,10.8,424,332,266.0,False,False,-3.4,52.294,EGOV,EGOV,2025-06-14,129.6
40461e:2025-06-16T06:39:30Z,W2_MidWales,other,G-VGMC,AEROSPATIALE AS-355 Ecureuil 2,AS55,GVGMC,0.57,3.3,458,342,105.0,False,False,-3.15,51.75,,,2025-06-14,32.2
406343:2025-06-15T07:21:29Z,W2_MidWales,other,G-NWOI,AIRBUS HELICOPTERS EC-135/635,EC35,UKPOL32,0.21,0.7,581,581,118.0,False,False,-3.25,51.7,,EGSY,2025-06-14,8.4
406343:2025-06-14T18:14:46Z,W2_MidWales,other,G-NWOI,AIRBUS HELICOPTERS EC-135/635,EC35,,0.19,0.7,625,625,138.0,False,False,-3.25,51.75,,,2025-06-14,0.4
43c8cf:2025-07-18T11:41:31Z,W2_MidWales,mil_state,ZM328,BEECHCRAFT T-6 Texan 2,TEX2,VYT81,0.95,7.0,317,278,220.0,True,True,-4.4,51.929,EGOV,EGOV,2025-07-12,142.8
4080c6:2025-07-17T21:04:49Z,W2_MidWales,rotorcraft,G-RESE,AGUSTA AW-139,A139,CG388,12.74,25.7,408,86,67.0,True,False,-3.447,51.854,,EGSY,2025-07-12,9.4
4080c6:2025-07-17T21:04:49Z,W2_MidWales,rotorcraft,G-RESE,AGUSTA AW-139,A139,CG388,1.83,5.9,549,549,81.0,True,False,-3.5,51.8,,EGSY,2025-07-12,14.5
4080c6:2025-07-17T20:24:33Z,W2_MidWales,rotorcraft,G-RESE,AGUSTA AW-139,A139,CG388,1.05,3.6,620,583,114.0,True,False,-3.3,51.8,EGSY,,2025-07-12,4.2
4080c6:2025-07-17T20:24:33Z,W2_MidWales,rotorcraft,G-RESE,AGUSTA AW-139,A139,CG388,0.99,2.2,534,458,94.0,False,False,-3.35,51.85,EGSY,,2025-07-12,1.5
4080c6:2025-07-16T17:46:29Z,W2_MidWales,rotorcraft,G-RESE,AGUSTA AW-139,A139,CG388,3.66,6.9,413,77,63.0,False,False,-3.768,51.85,,EGSY,2025-07-12,2.7
4080c6:2025-07-16T16:42:16Z,W2_MidWales,rotorcraft,G-RESE,AGUSTA AW-139,A139,CG388,6.13,7.2,219,-116,56.0,True,False,-3.54,51.846,EGSY,,2025-07-12,16.7
4080c6:2025-07-16T16:42:16Z,W2_MidWales,rotorcraft,G-RESE,AGUSTA AW-139,A139,CG388,4.39,5.4,517,92,60.0,False,False,-3.75,51.85,EGSY,,2025-07-12,0.7
43c8cd:2025-07-16T15:22:42Z,W2_MidWales,mil_state,ZM326,BEECHCRAFT T-6 Texan 2,TEX2,RCKT1,2.37,20.3,409,228,252.0,False,False,-3.427,51.968,,EGOV,2025-07-12,10.7
43c8cd:2025-07-16T15:22:42Z,W2_MidWales,mil_state,ZM326,BEECHCRAFT T-6 Texan 2,TEX2,RCKT1,0.02,0.1,657,657,240.0,True,False,-4.0,51.9,,EGOV,2025-07-12,51.2
43c8cd:2025-07-16T15:22:42Z,W2_MidWales,mil_state,ZM326,BEECHCRAFT T-6 Texan 2,TEX2,RCKT1,0.18,1.3,679,679,254.0,True,False,-4.15,51.9,,EGOV,2025-07-12,59.7
43c8d3:2025-07-16T15:01:59Z,W2_MidWales,mil_state,ZM332,BEECHCRAFT T-6 Texan 2,TEX2,ROCKET02,2.35,20.9,429,242,260.0,False,False,-3.45,51.942,,,2025-07-12,49.0
43c8d3:2025-07-16T15:01:59Z,W2_MidWales,mil_state,ZM332,BEECHCRAFT T-6 Texan 2,TEX2,ROCKET02,1.34,9.2,572,388,260.0,False,False,-4.133,51.9,,,2025-07-12,8.3
406ac9:2025-07-16T14:54:45Z,W2_MidWales,other,G-DJSM,AEROSPATIALE AS-350 Ecureuil,AS50,GDJSM,1.02,8.4,636,464,147.0,False,False,-3.137,51.706,,,2025-07-12,27.7
406ac9:2025-07-16T14:54:45Z,W2_MidWales,other,G-DJSM,AEROSPATIALE AS-350 Ecureuil,AS50,GDJSM,0.47,2.9,611,525,136.0,True,False,-3.15,51.75,,,2025-07-12,21.1
43c922:2025-07-16T12:47:13Z,W2_MidWales,mil_state,ZM341,BEECHCRAFT T-6 Texan 2,TEX2,VYT97,0.88,6.6,501,448,252.0,True,False,-3.417,52.15,EGOV,EGOV,2025-07-12,139.8
43c922:2025-07-16T12:47:13Z,W2_MidWales,mil_state,ZM341,BEECHCRAFT T-6 Texan 2,TEX2,VYT97,1.89,14.0,291,233,248.0,True,False,-3.35,52.31,EGOV,EGOV,2025-07-12,128.3
43c922:2025-07-16T12:47:13Z,W2_MidWales,mil_state,ZM341,BEECHCRAFT T-6 Texan 2,TEX2,VYT97,0.15,1.1,592,592,248.0,True,False,-3.35,52.4,EGOV,EGOV,2025-07-12,119.2
43c922:2025-07-16T12:47:13Z,W2_MidWales,mil_state,ZM341,BEECHCRAFT T-6 Texan 2,TEX2,VYT97,1.31,9.7,443,242,256.0,False,False,-3.35,52.337,EGOV,EGOV,2025-07-12,125.1
43c8d3:2025-07-16T12:28:01Z,W2_MidWales,mil_state,ZM332,BEECHCRAFT T-6 Texan 2,TEX2,VYT98,1.68,13.1,326,296,252.0,False,False,-3.39,52.2,EGOV,EGOV,2025-07-12,135.8
43c8cd:2025-07-16T10:10:30Z,W2_MidWales,mil_state,ZM326,BEECHCRAFT T-6 Texan 2,TEX2,WINDR02,2.22,16.7,368,218,216.0,False,False,-3.325,52.3,,,2025-07-12,23.5
43c8d3:2025-07-16T09:50:42Z,W2_MidWales,mil_state,ZM332,BEECHCRAFT T-6 Texan 2,TEX2,RCKT2,0.47,3.7,523,361,250.0,False,False,-3.375,52.35,EGOV,,2025-07-12,105.6
43c8d3:2025-07-16T09:50:42Z,W2_MidWales,mil_state,ZM332,BEECHCRAFT T-6 Texan 2,TEX2,RCKT2,2.69,20.0,474,277,248.0,False,False,-3.487,52.156,EGOV,,2025-07-12,114.7
43c922:2025-07-16T09:50:19Z,W2_MidWales,mil_state,ZM341,BEECHCRAFT T-6 Texan 2,TEX2,ROCKET01,0.88,6.9,409,317,259.0,False,False,-3.367,52.35,EGOV,EGOV,2025-07-12,124.9
43c922:2025-07-16T09:50:19Z,W2_MidWales,mil_state,ZM341,BEECHCRAFT T-6 Texan 2,TEX2,ROCKET01,2.43,17.9,346,198,237.0,False,False,-3.486,52.2,EGOV,EGOV,2025-07-12,134.6
43c8cf:2025-07-16T09:48:30Z,W2_MidWales,mil_state,ZM328,BEECHCRAFT T-6 Texan 2,TEX2,WINDR01,1.94,14.4,401,225,235.0,False,False,-3.333,52.35,EGOV,EGOV,2025-07-12,124.9
406ff0:2025-07-16T09:39:37Z,W2_MidWales,rotorcraft,G-CIZG,ROBINSON R-66,R66,PIPE68,0.38,1.2,675,577,109.0,True,False,-3.4,51.95,EGBO,,2025-07-12,97.1
406ff0:2025-07-16T09:39:37Z,W2_MidWales,rotorcraft,G-CIZG,ROBINSON R-66,R66,PIPE68,1.33,4.3,689,637,109.0,True,False,-3.517,51.9,EGBO,,2025-07-12,103.6
406de8:2025-07-14T21:49:06Z,W2_MidWales,rotorcraft,G-MCGS,AGUSTA AW-189,A189,SRG187,0.71,3.2,670,670,149.0,True,True,-3.95,51.85,EGSY,,2025-07-12,60.1
43c5e1:2025-07-14T21:40:09Z,W2_MidWales,other,ZM407,AIRBUS A-400M,A400,COMET451,2.04,16.5,484,372,263.0,False,False,-3.424,52.206,EGVN,EGVN,2025-07-12,135.5
43c5e1:2025-07-14T21:40:09Z,W2_MidWales,other,ZM407,AIRBUS A-400M,A400,COMET451,0.51,4.0,441,441,250.0,False,False,-4.25,51.8,EGVN,EGVN,2025-07-12,182.2
43c8cd:2025-07-14T15:59:18Z,W2_MidWales,mil_state,ZM326,BEECHCRAFT T-6 Texan 2,TEX2,WINDR02,0.68,14.4,460,341,258.0,False,False,-3.483,52.233,,EGOV,2025-07-12,5.1
43c922:2025-07-14T15:29:04Z,W2_MidWales,mil_state,ZM341,BEECHCRAFT T-6 Texan 2,TEX2,WINDR1,0.71,15.8,575,300,277.0,False,False,-3.467,52.283,EGOV,EGOV,2025-07-12,127.4
43c5e1:2025-07-14T14:35:46Z,W2_MidWales,other,ZM407,AIRBUS A-400M,A400,GRFFN71,1.31,23.9,386,287,249.0,False,False,-3.4,51.95,EGVN,EGVN,2025-07-12,125.8
43c5e1:2025-07-14T14:35:46Z,W2_MidWales,other,ZM407,AIRBUS A-400M,A400,GRFFN71,0.83,6.7,676,676,249.0,False,False,-3.6,51.95,EGVN,EGVN,2025-07-12,140.5
4071a9:2025-07-13T20:34:56Z,W2_MidWales,rotorcraft,G-WROL,AIRBUS HELICOPTERS EC-145,EC45,HM67,1.47,6.2,607,607,141.0,False,False,-3.9,51.7,,,2025-07-12,10.0
4071a9:2025-07-13T18:53:08Z,W2_MidWales,rotorcraft,G-WROL,AIRBUS HELICOPTERS EC-145,EC45,HM67,2.05,6.5,216,92,104.0,True,False,-3.741,51.85,EGFC,,2025-07-12,23.4
4071aa:2025-07-13T17:40:03Z,W2_MidWales,rotorcraft,G-WENU,AIRBUS HELICOPTERS EC-145,EC45,HLE59,0.66,2.6,678,678,126.0,False,False,-3.95,51.7,,,2025-07-12,4.2
4071aa:2025-07-13T17:40:03Z,W2_MidWales,rotorcraft,G-WENU,AIRBUS HELICOPTERS EC-145,EC45,HLE59,2.2,9.3,615,615,126.0,True,False,-3.8,51.85,,,2025-07-12,24.6
4071aa:2025-07-13T15:53:11Z,W2_MidWales,rotorcraft,G-WENU,AIRBUS HELICOPTERS EC-145,EC45,HLE59,3.15,11.4,675,669,119.0,False,False,-4.425,51.975,,,2025-07-12,3.8
4071aa:2025-07-13T15:53:11Z,W2_MidWales,rotorcraft,G-WENU,AIRBUS HELICOPTERS EC-145,EC45,HLE59,0.49,1.9,367,367,126.0,False,False,-4.0,51.7,,,2025-07-12,3.1
4071a9:2025-07-12T16:33:24Z,W2_MidWales,rotorcraft,G-WROL,AIRBUS HELICOPTERS EC-145,EC45,HM67,2.13,8.6,675,662,128.0,False,False,-3.325,51.7,,,2025-07-12,14.8
406de8:2025-07-12T10:44:48Z,W2_MidWales,rotorcraft,G-MCGS,AGUSTA AW-189,A189,SRG187,2.2,5.5,160,-21,42.0,False,False,-3.4,51.85,,EGFC,2025-07-12,0.9
a063d7:2026-04-16T11:06:37Z,W2_MidWales,rotorcraft,N124PD,HUGHES 500,H500,N124PD,0.36,1.1,300,300,124.0,True,False,-3.2,51.875,,,2026-04-11,41.0
406f12:2026-04-16T10:34:29Z,W2_MidWales,rotorcraft,G-LINZ,ROBINSON R-44 Raven,R44,GLINZ,1.51,5.4,615,615,113.0,False,False,-4.6,51.75,,,2026-04-11,22.5
406f12:2026-04-16T10:34:29Z,W2_MidWales,rotorcraft,G-LINZ,ROBINSON R-44 Raven,R44,GLINZ,0.71,2.4,654,624,94.0,True,True,-3.9,51.7,,,2026-04-11,69.5
406f12:2026-04-16T10:34:29Z,W2_MidWales,rotorcraft,G-LINZ,ROBINSON R-44 Raven,R44,GLINZ,2.15,7.6,565,433,119.0,True,True,-3.343,51.757,,,2026-04-11,62.8
406f12:2026-04-16T10:34:29Z,W2_MidWales,rotorcraft,G-LINZ,ROBINSON R-44 Raven,R44,GLINZ,2.63,9.6,571,394,119.0,True,True,-3.183,51.8,,,2026-04-11,52.9
43c8d8:2026-04-16T09:51:20Z,W2_MidWales,mil_state,ZM337,EMBRAER EMB-500 Phenom 100,E50P,CAMEL1,0.07,4.2,587,585,244.0,False,False,-3.5,52.2,EGYD,,2026-04-11,218.2
43c8d8:2026-04-16T09:51:20Z,W2_MidWales,mil_state,ZM337,EMBRAER EMB-500 Phenom 100,E50P,CAMEL1,1.27,8.7,542,498,244.0,False,False,-3.59,52.14,EGYD,,2026-04-11,228.3
a063d7:2026-04-16T09:20:47Z,W2_MidWales,rotorcraft,N124PD,HUGHES 500,H500,N124PD,0.35,1.1,678,678,94.0,False,False,-3.0,52.55,,,2026-04-11,56.7
406f12:2026-04-16T08:10:55Z,W2_MidWales,rotorcraft,G-LINZ,ROBINSON R-44 Raven,R44,GLINZ,1.2,3.4,647,417,95.0,True,False,-3.35,52.0,,,2026-04-11,65.0
406f12:2026-04-16T08:10:55Z,W2_MidWales,rotorcraft,G-LINZ,ROBINSON R-44 Raven,R44,GLINZ,1.19,3.7,607,541,95.0,True,False,-3.4,51.963,,,2026-04-11,68.8
406f12:2026-04-16T08:10:55Z,W2_MidWales,rotorcraft,G-LINZ,ROBINSON R-44 Raven,R44,GLINZ,0.38,1.1,611,606,95.0,True,False,-3.45,51.95,,,2026-04-11,72.2
406f12:2026-04-16T08:10:55Z,W2_MidWales,rotorcraft,G-LINZ,ROBINSON R-44 Raven,R44,GLINZ,0.34,1.0,649,649,95.0,True,False,-3.5,51.95,,,2026-04-11,75.4
406f12:2026-04-16T08:10:55Z,W2_MidWales,rotorcraft,G-LINZ,ROBINSON R-44 Raven,R44,GLINZ,0.25,0.6,522,522,95.0,True,False,-3.55,51.9,,,2026-04-11,79.8
406f12:2026-04-16T08:10:55Z,W2_MidWales,rotorcraft,G-LINZ,ROBINSON R-44 Raven,R44,GLINZ,0.5,1.5,595,595,96.0,True,False,-4.2,51.725,,,2026-04-11,60.0
406f12:2026-04-16T08:10:55Z,W2_MidWales,rotorcraft,G-LINZ,ROBINSON R-44 Raven,R44,GLINZ,2.5,7.8,681,550,103.0,True,False,-4.283,51.758,,,2026-04-11,52.4
406f12:2026-04-16T08:10:55Z,W2_MidWales,rotorcraft,G-LINZ,ROBINSON R-44 Raven,R44,GLINZ,0.14,0.4,639,639,94.0,True,False,-4.45,51.8,,,2026-04-11,42.5
406f12:2026-04-16T08:10:55Z,W2_MidWales,rotorcraft,G-LINZ,ROBINSON R-44 Raven,R44,GLINZ,1.05,3.1,656,656,94.0,True,False,-4.5,51.8,,,2026-04-11,39.0
406f12:2026-04-16T08:10:55Z,W2_MidWales,rotorcraft,G-LINZ,ROBINSON R-44 Raven,R44,GLINZ,0.4,1.1,662,662,88.0,False,False,-4.6,51.75,,,2026-04-11,30.1
43c8d4:2026-04-16T07:05:06Z,W2_MidWales,mil_state,ZM333,EMBRAER EMB-500 Phenom 100,E50P,CWL53,2.53,18.8,608,493,218.0,False,False,-3.517,52.154,EGYD,,2026-04-11,223.7
43c8d0:2026-04-15T15:23:08Z,W2_MidWales,mil_state,ZM329,BEECHCRAFT T-6 Texan 2,TEX2,WINDR1,5.01,43.7,493,282,260.0,False,False,-3.474,52.2,EGOV,EGOV,2026-04-11,135.1
43c8cf:2026-04-15T13:07:50Z,W2_MidWales,mil_state,ZM328,BEECHCRAFT T-6 Texan 2,TEX2,VYT61,1.83,15.5,438,206,271.0,False,False,-3.523,52.182,,EGOV,2026-04-11,134.4
43c8cf:2026-04-15T13:07:50Z,W2_MidWales,mil_state,ZM328,BEECHCRAFT T-6 Texan 2,TEX2,VYT61,0.37,4.5,508,494,279.0,False,False,-3.45,52.267,,EGOV,2026-04-11,129.1
43c921:2026-04-15T13:04:59Z,W2_MidWales,mil_state,ZM340,BEECHCRAFT T-6 Texan 2,TEX2,VYT60,2.36,17.1,548,246,261.0,False,False,-3.468,52.191,EGOV,EGOV,2026-04-11,136.0
43c921:2026-04-15T13:04:59Z,W2_MidWales,mil_state,ZM340,BEECHCRAFT T-6 Texan 2,TEX2,VYT60,2.46,20.5,438,263,272.0,False,False,-3.453,52.231,EGOV,EGOV,2026-04-11,132.6
401952:2026-04-14T13:34:22Z,W2_MidWales,civ_ga,G-BPRM,CESSNA 172 Skyhawk,C172,GBPRM,0.33,1.0,513,513,107.0,False,False,-2.95,52.55,EGHR,,2026-04-11,11.8
43c8d1:2026-04-14T12:33:52Z,W2_MidWales,mil_state,ZM330,BEECHCRAFT T-6 Texan 2,TEX2,VYT84,1.13,20.8,418,246,255.0,False,False,-3.51,52.17,EGOV,EGOV,2026-04-11,136.6
43c5e3:2026-04-13T15:38:30Z,W2_MidWales,other,ZM409,AIRBUS A-400M,A400,DRDNT30,0.76,6.2,462,434,139.0,True,False,-3.333,52.3,EGVN,EGVN,2026-04-11,133.7
4067cd:2026-04-13T12:42:47Z,W2_MidWales,rotorcraft,G-WPDC,AIRBUS HELICOPTERS EC-135/635,EC35,GWPDC,3.22,2.8,458,163,116.0,False,False,-3.4,52.2,,EGGD,2026-04-11,32.4
406e1b:2026-04-12T11:37:08Z,W2_MidWales,rotorcraft,G-WPDE,AIRBUS HELICOPTERS EC-135/635,EC35,ELE16,2.21,6.7,665,251,103.0,False,False,-4.475,51.95,,,2026-04-11,4.1
4071ab:2026-04-11T16:49:56Z,W2_MidWales,rotorcraft,G-WOBR,AIRBUS HELICOPTERS EC-145,EC45,HM59,0.77,3.4,619,619,137.0,True,True,-3.25,52.4,,,2026-04-11,13.2
43c8ce:2026-05-01T15:15:00Z,W2_MidWales,mil_state,ZM327,BEECHCRAFT T-6 Texan 2,TEX2,VYT65,1.38,10.6,398,237,253.0,True,True,-3.442,52.2,EGOV,EGOV,2026-04-25,137.1
43c8ce:2026-05-01T15:15:00Z,W2_MidWales,mil_state,ZM327,BEECHCRAFT T-6 Texan 2,TEX2,VYT65,1.63,12.1,288,96,236.0,True,True,-3.356,52.294,EGOV,EGOV,2026-04-25,129.9
43c922:2026-05-01T10:57:54Z,W2_MidWales,mil_state,ZM341,BEECHCRAFT T-6 Texan 2,TEX2,SWIFT01,1.23,9.2,338,178,244.0,False,False,-3.411,52.283,,EGOV,2026-04-25,4.8
43c921:2026-05-01T10:10:19Z,W2_MidWales,mil_state,ZM340,BEECHCRAFT T-6 Texan 2,TEX2,SWIFT01,2.77,32.7,424,222,243.0,False,False,-3.354,52.258,EGOV,EGNR,2026-04-25,102.7
43c8cb:2026-04-30T15:26:37Z,W2_MidWales,mil_state,ZM324,BEECHCRAFT T-6 Texan 2,TEX2,VYT65,0.74,5.6,428,208,257.0,True,False,-4.2,52.137,EGOV,EGOV,2026-04-25,123.9
43c8cb:2026-04-30T15:26:37Z,W2_MidWales,mil_state,ZM324,BEECHCRAFT T-6 Texan 2,TEX2,VYT65,0.64,4.7,350,275,242.0,True,False,-3.45,52.15,EGOV,EGOV,2026-04-25,142.1
43c8cb:2026-04-30T15:26:37Z,W2_MidWales,mil_state,ZM324,BEECHCRAFT T-6 Texan 2,TEX2,VYT65,0.12,1.0,298,298,261.0,True,False,-3.25,52.15,EGOV,EGOV,2026-04-25,146.3
43c8cb:2026-04-30T15:26:37Z,W2_MidWales,mil_state,ZM324,BEECHCRAFT T-6 Texan 2,TEX2,VYT65,0.02,0.2,285,285,240.0,True,False,-3.25,52.25,EGOV,EGOV,2026-04-25,138.3
43c8cb:2026-04-30T15:26:37Z,W2_MidWales,mil_state,ZM324,BEECHCRAFT T-6 Texan 2,TEX2,VYT65,3.05,20.6,505,307,254.0,False,False,-3.363,52.343,EGOV,EGOV,2026-04-25,127.8
43c8d1:2026-04-30T15:04:06Z,W2_MidWales,mil_state,ZM330,BEECHCRAFT T-6 Texan 2,TEX2,RCKT01,0.06,1.9,553,256,251.0,False,False,-3.55,52.35,EGOV,EGOV,2026-04-25,120.2
43c8d1:2026-04-30T15:04:06Z,W2_MidWales,mil_state,ZM330,BEECHCRAFT T-6 Texan 2,TEX2,RCKT01,1.78,14.0,275,162,249.0,False,False,-3.733,52.067,EGOV,EGOV,2026-04-25,138.4
43c5eb:2026-04-30T14:14:58Z,W2_MidWales,other,ZM417,AIRBUS A-400M,A400,DRDNT43,0.37,3.5,631,543,303.0,True,False,-3.45,52.3,EGVN,EGVN,2026-04-25,139.6
43c8cb:2026-04-30T12:41:35Z,W2_MidWales,mil_state,ZM324,BEECHCRAFT T-6 Texan 2,TEX2,VYV85,0.23,1.7,297,297,246.0,False,False,-3.333,52.3,EGOV,EGOV,2026-04-25,129.5
43c8cb:2026-04-30T12:41:35Z,W2_MidWales,mil_state,ZM324,BEECHCRAFT T-6 Texan 2,TEX2,VYV85,0.37,2.9,653,547,262.0,True,False,-3.375,52.15,EGOV,EGOV,2026-04-25,141.4
43c8cb:2026-04-30T12:41:35Z,W2_MidWales,mil_state,ZM324,BEECHCRAFT T-6 Texan 2,TEX2,VYV85,2.61,20.7,543,298,266.0,False,False,-3.575,52.1,EGOV,EGOV,2026-04-25,140.6
43c924:2026-04-30T10:35:23Z,W2_MidWales,mil_state,ZM343,BEECHCRAFT T-6 Texan 2,TEX2,SWIFT01,0.21,1.5,678,678,230.0,False,False,-3.95,51.75,EGOV,EGDY,2026-04-25,123.7
43c924:2026-04-30T10:35:23Z,W2_MidWales,mil_state,ZM343,BEECHCRAFT T-6 Texan 2,TEX2,SWIFT01,0.68,4.9,544,544,230.0,False,False,-3.85,51.7,EGOV,EGDY,2026-04-25,115.6
43c8d1:2026-04-30T10:07:35Z,W2_MidWales,mil_state,ZM330,BEECHCRAFT T-6 Texan 2,TEX2,RCKT2,4.9,36.7,310,195,243.0,False,False,-3.417,52.285,,,2026-04-25,120.8
43c8cb:2026-04-30T10:06:01Z,W2_MidWales,mil_state,ZM324,BEECHCRAFT T-6 Texan 2,TEX2,RCKT1,4.1,30.6,349,191,244.0,False,False,-3.453,52.242,EGOV,EGOV,2026-04-25,131.5
40108e:2026-04-29T11:45:29Z,W2_MidWales,rotorcraft,G-NESH,ROBINSON R-44 Raven,R44,GNESH,0.57,2.0,681,681,109.0,True,False,-4.2,51.725,,,2026-04-25,60.5
43c8cd:2026-04-29T10:11:02Z,W2_MidWales,mil_state,ZM326,BEECHCRAFT T-6 Texan 2,TEX2,SWIFT02,0.4,7.0,404,404,230.0,False,False,-3.6,52.175,EGOV,EGOV,2026-04-25,132.2
43c8cd:2026-04-29T10:11:02Z,W2_MidWales,mil_state,ZM326,BEECHCRAFT T-6 Texan 2,TEX2,SWIFT02,0.38,10.7,503,316,262.0,True,False,-3.55,52.325,EGOV,EGOV,2026-04-25,119.5
43c8cd:2026-04-29T10:11:02Z,W2_MidWales,mil_state,ZM326,BEECHCRAFT T-6 Texan 2,TEX2,SWIFT02,0.14,1.0,287,287,229.0,False,False,-3.55,52.35,EGOV,EGOV,2026-04-25,117.2
43c922:2026-04-29T10:10:57Z,W2_MidWales,mil_state,ZM341,BEECHCRAFT T-6 Texan 2,TEX2,SWIFT1,0.37,8.7,460,320,242.0,True,False,-3.575,52.175,EGOV,EGOV,2026-04-25,132.8
43c922:2026-04-29T10:10:57Z,W2_MidWales,mil_state,ZM341,BEECHCRAFT T-6 Texan 2,TEX2,SWIFT1,0.24,8.6,470,349,232.0,True,False,-3.55,52.35,EGOV,EGOV,2026-04-25,118.0
43c922:2026-04-29T10:10:57Z,W2_MidWales,mil_state,ZM341,BEECHCRAFT T-6 Texan 2,TEX2,SWIFT1,0.02,0.1,387,387,243.0,False,False,-3.6,52.35,EGOV,EGOV,2026-04-25,118.0
4071aa:2026-04-29T08:26:29Z,W2_MidWales,rotorcraft,G-WENU,AIRBUS HELICOPTERS EC-145,EC45,HLE61,1.49,4.8,580,580,115.0,False,False,-3.6,52.2,EGCK,EGBJ,2026-04-25,101.4
43c8e6:2026-04-28T20:17:02Z,W2_MidWales,rotorcraft,ZM512,AIRBUS HELICOPTERS EC-135/635,EC35,SYS114,0.96,3.5,404,404,82.0,False,False,-2.95,52.55,EGOS,EGOS,2026-04-25,28.0
43c922:2026-04-28T15:33:05Z,W2_MidWales,mil_state,ZM341,BEECHCRAFT T-6 Texan 2,TEX2,VYT65,2.98,27.0,333,248,239.0,False,False,-3.488,52.223,EGOV,EGOV,2026-04-25,131.8
43c8d3:2026-04-28T15:09:12Z,W2_MidWales,mil_state,ZM332,BEECHCRAFT T-6 Texan 2,TEX2,SWIFT1,1.48,11.2,455,357,256.0,False,False,-3.333,52.35,EGOV,EGOV,2026-04-25,125.9
43c8d3:2026-04-28T15:09:12Z,W2_MidWales,mil_state,ZM332,BEECHCRAFT T-6 Texan 2,TEX2,SWIFT1,2.13,19.4,572,317,254.0,False,False,-3.457,52.15,EGOV,EGOV,2026-04-25,139.5
408162:2026-04-28T13:42:05Z,W2_MidWales,rotorcraft,G-RESH,AGUSTA AW-139,A139,SRD387,1.18,6.7,648,347,70.0,True,False,-3.517,51.8,EGSY,EGSY,2026-04-25,46.1
408162:2026-04-28T13:42:05Z,W2_MidWales,rotorcraft,G-RESH,AGUSTA AW-139,A139,SRD387,0.98,2.2,449,387,81.0,True,False,-3.5,51.85,EGSY,EGSY,2026-04-25,53.9
43c8cb:2026-04-28T13:24:48Z,W2_MidWales,mil_state,ZM324,BEECHCRAFT T-6 Texan 2,TEX2,VYT75,0.82,16.9,354,228,236.0,False,False,-3.5,52.21,EGOV,EGOV,2026-04-25,132.4
406d2d:2026-04-28T13:19:43Z,W2_MidWales,rotorcraft,G-MCGI,SIKORSKY S-92 Helibus,S92,SRD912,2.25,10.5,625,625,151.0,False,False,-4.417,51.933,EGCK,,2026-04-25,56.0
43c8cd:2026-04-28T10:31:07Z,W2_MidWales,mil_state,ZM326,BEECHCRAFT T-6 Texan 2,TEX2,WINDR,3.86,27.0,241,210,218.0,False,False,-3.429,52.242,EGOV,,2026-04-25,13.3
43c924:2026-04-28T10:30:57Z,W2_MidWales,mil_state,ZM343,BEECHCRAFT T-6 Texan 2,TEX2,SWIFT1,2.96,21.0,384,253,225.0,False,False,-3.346,52.3,EGOV,EGOV,2026-04-25,129.6
43c5de:2026-04-27T16:47:17Z,W2_MidWales,other,ZM404,AIRBUS A-400M,A400,FLTOT40,1.39,25.5,363,242,265.0,False,False,-3.43,51.95,EGVN,EGVN,2026-04-25,124.4
43c5de:2026-04-27T16:47:17Z,W2_MidWales,other,ZM404,AIRBUS A-400M,A400,FLTOT40,0.63,7.9,463,423,258.0,False,False,-3.463,52.2,EGVN,EGVN,2026-04-25,135.7
43c8cd:2026-04-27T15:40:05Z,W2_MidWales,mil_state,ZM326,BEECHCRAFT T-6 Texan 2,TEX2,VYT577,0.22,5.8,367,227,238.0,False,False,-3.5,52.2,,EGOV,2026-04-25,0.5
43c8d3:2026-04-27T15:32:46Z,W2_MidWales,mil_state,ZM332,BEECHCRAFT T-6 Texan 2,TEX2,RCKT2,0.34,2.6,408,372,255.0,False,False,-3.35,52.4,,,2026-04-25,75.3
43c8cb:2026-04-27T15:17:33Z,W2_MidWales,mil_state,ZM324,BEECHCRAFT T-6 Texan 2,TEX2,RCKT1,0.34,2.7,328,328,256.0,False,False,-3.4,52.35,EGOV,EGOV,2026-04-25,120.2
43c8cd:2026-04-27T15:13:46Z,W2_MidWales,mil_state,ZM326,BEECHCRAFT T-6 Texan 2,TEX2,VYT577,0.44,3.3,356,343,248.0,False,False,-3.5,52.175,EGOV,,2026-04-25,1.1
43c8d1:2026-04-27T15:08:47Z,W2_MidWales,mil_state,ZM330,BEECHCRAFT T-6 Texan 2,TEX2,SWIFT1,2.35,27.3,501,234,236.0,False,False,-3.4,52.247,EGDM,EGOV,2026-04-25,130.3
43c8ce:2026-04-27T15:08:44Z,W2_MidWales,mil_state,ZM327,BEECHCRAFT T-6 Texan 2,TEX2,SWIFT2,0.85,8.2,554,296,263.0,True,False,-3.405,52.21,EGDM,EGOV,2026-04-25,133.4
43c8ce:2026-04-27T15:08:44Z,W2_MidWales,mil_state,ZM327,BEECHCRAFT T-6 Texan 2,TEX2,SWIFT2,2.7,20.2,259,218,242.0,False,False,-3.339,52.311,EGDM,EGOV,2026-04-25,127.6
43c8d8:2026-04-27T14:40:04Z,W2_MidWales,mil_state,ZM337,EMBRAER EMB-500 Phenom 100,E50P,CWL45,0.15,1.2,696,554,241.0,True,True,-3.7,52.25,EGYD,EGYD,2026-04-25,228.7
43c8d8:2026-04-27T14:40:04Z,W2_MidWales,mil_state,ZM337,EMBRAER EMB-500 Phenom 100,E50P,CWL45,2.4,15.4,523,447,220.0,True,True,-3.471,52.157,EGYD,EGYD,2026-04-25,219.0
43c8f4:2026-04-27T13:41:12Z,W2_MidWales,rotorcraft,ZM526,AIRBUS HELICOPTERS EC-135/635,EC35,SYS76,0.88,2.4,605,475,87.0,False,False,-2.95,52.55,,EGOS,2026-04-25,1.7
400a75:2026-04-27T13:26:03Z,W2_MidWales,civ_ga,G-RAFK,BEECH 200 Super King Air,BE20,REV1FK,0.32,3.4,473,181,252.0,False,True,-3.279,51.722,EGTE,EGNX,2026-04-25,113.6
43c924:2026-04-27T12:49:07Z,W2_MidWales,mil_state,ZM343,BEECHCRAFT T-6 Texan 2,TEX2,VYT61,0.08,0.6,334,334,227.0,False,False,-3.35,52.45,EGOV,EGOV,2026-04-25,116.7
43c924:2026-04-27T12:49:07Z,W2_MidWales,mil_state,ZM343,BEECHCRAFT T-6 Texan 2,TEX2,VYT61,2.9,22.0,423,324,233.0,True,False,-3.405,52.185,EGOV,EGOV,2026-04-25,137.2
43c924:2026-04-27T12:49:07Z,W2_MidWales,mil_state,ZM343,BEECHCRAFT T-6 Texan 2,TEX2,VYT61,0.22,1.6,471,217,256.0,False,False,-3.7,52.075,EGOV,EGOV,2026-04-25,137.5
43c8ce:2026-04-27T10:42:54Z,W2_MidWales,mil_state,ZM327,BEECHCRAFT T-6 Texan 2,TEX2,SWIFT1,3.2,23.5,297,189,262.0,False,False,-3.4,52.171,EGOV,EGLS,2026-04-25,141.5
43c8d1:2026-04-27T07:41:15Z,W2_MidWales,mil_state,ZM330,BEECHCRAFT T-6 Texan 2,TEX2,WINDR01,1.84,13.2,322,182,245.0,False,False,-3.38,52.19,EGOV,,2026-04-25,85.0
407046:2026-04-26T14:40:08Z,W2_MidWales,rotorcraft,G-WYDN,AIRBUS HELICOPTERS EC-145,EC45,HLE57,0.41,1.2,576,576,103.0,True,False,-3.75,51.7,,,2026-04-25,6.0
406e75:2026-04-26T10:36:54Z,W2_MidWales,other,G-CIRB,EVEKTRO EV-97 EuroStar,EV97,GCIRB,2.28,9.7,349,99,83.0,False,False,-4.562,51.7,,,2026-04-25,30.5
408162:2026-04-26T09:33:26Z,W2_MidWales,rotorcraft,G-RESH,AGUSTA AW-139,A139,SRG387,11.66,14.5,285,-39,50.0,True,False,-3.444,51.85,,,2026-04-25,45.7
407046:2026-04-25T15:24:17Z,W2_MidWales,rotorcraft,G-WYDN,AIRBUS HELICOPTERS EC-145,EC45,HLE57,0.65,1.8,694,674,85.0,False,False,-4.35,51.85,,,2026-04-25,0.8
43ed7d:2026-04-25T10:46:08Z,W2_MidWales,civ_ga,2-FFLY,CIRRUS SR-22T Turbo,S22T,2FFLY,0.68,3.3,604,604,147.0,False,False,-3.5,52.2,EGCK,EGHA,2026-04-25,113.9
a63a11:2026-04-25T10:06:50Z,W2_MidWales,rotorcraft,N500BH,,H500,N500BH,0.08,0.3,586,586,117.0,False,False,-3.35,52.1,,EGBK,2026-04-25,103.5
400a75:2026-04-25T07:41:46Z,W2_MidWales,civ_ga,G-RAFK,BEECH 200 Super King Air,BE20,REV1FK,0.31,3.7,205,-318,224.0,False,True,-3.18,51.709,EGBB,EGNX,2026-04-25,125.2
43c5e2:2026-05-15T13:53:39Z,W2_MidWales,other,ZM408,AIRBUS A-400M,A400,NAPER77,0.97,7.7,435,303,258.0,False,False,-4.242,51.758,EGVN,EGVN,2026-05-09,179.0
43c5e0:2026-05-15T09:58:16Z,W2_MidWales,other,ZM406,AIRBUS A-400M,A400,JGSAW93,2.99,24.6,388,333,271.0,False,False,-3.387,52.267,EGVN,EGVN,2026-05-09,135.0
43c8f0:2026-05-15T09:33:56Z,W2_MidWales,rotorcraft,ZM522,AIRBUS HELICOPTERS EC-135/635,EC35,SYS48,0.75,8.3,213,132,98.0,True,False,-3.25,51.875,EGOS,EGTK,2026-05-09,107.7
43c5e2:2026-05-15T08:37:56Z,W2_MidWales,other,ZM408,AIRBUS A-400M,A400,DRDNT44,0.33,1.5,681,681,171.0,False,False,-3.5,52.1,,EGVN,2026-05-09,139.3
407d2f:2026-05-14T09:43:34Z,W2_MidWales,rotorcraft,G-OAHL,AEROSPATIALE AS-355 Ecureuil 2,AS55,TDT02,1.2,7.6,547,319,107.0,False,False,-3.067,51.95,EGLW,,2026-05-09,13.1
43c922:2026-05-14T09:19:24Z,W2_MidWales,mil_state,ZM341,BEECHCRAFT T-6 Texan 2,TEX2,VYT92,2.44,18.0,378,283,308.0,False,False,-3.372,51.961,EGOV,EGOV,2026-05-09,158.1
43c922:2026-05-14T09:19:24Z,W2_MidWales,mil_state,ZM341,BEECHCRAFT T-6 Texan 2,TEX2,VYT92,1.05,12.4,461,325,233.0,False,False,-3.463,52.188,EGOV,EGOV,2026-05-09,133.9
43c8d3:2026-05-14T07:34:30Z,W2_MidWales,mil_state,ZM332,BEECHCRAFT T-6 Texan 2,TEX2,VYT72,1.06,7.4,498,257,259.0,False,False,-3.375,52.35,EGOV,EGOV,2026-05-09,121.8
408162:2026-05-13T20:11:55Z,W2_MidWales,rotorcraft,G-RESH,AGUSTA AW-139,A139,SRD387,0.5,1.2,633,372,84.0,True,False,-3.45,51.85,EGSY,EGSY,2026-05-09,52.4
408162:2026-05-13T20:11:55Z,W2_MidWales,rotorcraft,G-RESH,AGUSTA AW-139,A139,SRD387,0.26,0.7,366,366,83.0,True,False,-3.45,51.85,EGSY,EGSY,2026-05-09,51.6
408162:2026-05-13T20:11:55Z,W2_MidWales,rotorcraft,G-RESH,AGUSTA AW-139,A139,SRD387,3.51,5.3,416,183,32.0,True,False,-3.45,51.85,EGSY,EGSY,2026-05-09,51.6
408162:2026-05-13T20:11:55Z,W2_MidWales,rotorcraft,G-RESH,AGUSTA AW-139,A139,SRD387,1.13,2.6,666,630,98.0,True,False,-3.45,51.8,EGSY,EGSY,2026-05-09,46.3
408162:2026-05-13T20:11:55Z,W2_MidWales,rotorcraft,G-RESH,AGUSTA AW-139,A139,SRD387,0.33,1.0,640,640,98.0,True,False,-3.45,51.8,EGSY,EGSY,2026-05-09,46.2
43c924:2026-05-13T10:11:14Z,W2_MidWales,mil_state,ZM343,BEECHCRAFT T-6 Texan 2,TEX2,VYT95,1.47,12.5,502,382,290.0,False,False,-3.55,52.15,EGOV,EGTE,2026-05-09,138.7
43c8ca:2026-05-13T09:52:27Z,W2_MidWales,mil_state,ZM323,BEECHCRAFT T-6 Texan 2,TEX2,VYT92,1.57,11.5,311,264,253.0,True,True,-3.411,51.967,EGOV,EGOV,2026-05-09,156.7
43c8d3:2026-05-13T09:43:22Z,W2_MidWales,mil_state,ZM332,BEECHCRAFT T-6 Texan 2,TEX2,VYT71,4.21,30.0,367,215,237.0,False,False,-3.383,52.273,EGOV,EGOV,2026-05-09,129.1
43c5e0:2026-05-13T09:32:08Z,W2_MidWales,other,ZM406,AIRBUS A-400M,A400,ASLAN71,0.69,4.5,657,457,175.0,False,False,-4.2,51.725,EGVN,EGVN,2026-05-09,179.0
43c5e0:2026-05-13T09:32:08Z,W2_MidWales,other,ZM406,AIRBUS A-400M,A400,ASLAN71,1.17,6.2,447,392,162.0,False,False,-4.25,51.765,EGVN,EGVN,2026-05-09,181.6
40108e:2026-05-12T12:44:18Z,W2_MidWales,rotorcraft,G-NESH,ROBINSON R-44 Raven,R44,GNESH,1.86,6.1,660,555,104.0,True,False,-3.35,52.0,,EGBJ,2026-05-09,80.9
43c8d3:2026-05-12T12:02:39Z,W2_MidWales,mil_state,ZM332,BEECHCRAFT T-6 Texan 2,TEX2,VYT76,5.1,39.5,390,285,254.0,False,False,-3.45,52.243,EGOV,EGOV,2026-05-09,129.2
40108e:2026-05-12T10:32:21Z,W2_MidWales,rotorcraft,G-NESH,ROBINSON R-44 Raven,R44,GNESH,2.1,5.6,602,578,85.0,True,False,-3.21,51.8,,,2026-05-09,40.0
40108e:2026-05-12T10:32:21Z,W2_MidWales,rotorcraft,G-NESH,ROBINSON R-44 Raven,R44,GNESH,0.2,0.5,662,662,95.0,True,False,-3.3,51.8,,,2026-05-09,46.5
40108e:2026-05-12T10:32:21Z,W2_MidWales,rotorcraft,G-NESH,ROBINSON R-44 Raven,R44,GNESH,0.7,2.0,513,513,93.0,True,False,-3.35,51.75,,,2026-05-09,51.8
40108e:2026-05-12T10:32:21Z,W2_MidWales,rotorcraft,G-NESH,ROBINSON R-44 Raven,R44,GNESH,0.68,1.8,654,654,96.0,True,False,-4.175,51.725,,,2026-05-09,59.4
40108e:2026-05-12T10:32:21Z,W2_MidWales,rotorcraft,G-NESH,ROBINSON R-44 Raven,R44,GNESH,1.12,3.1,632,523,96.0,True,False,-4.275,51.75,,,2026-05-09,52.9
40108e:2026-05-12T10:32:21Z,W2_MidWales,rotorcraft,G-NESH,ROBINSON R-44 Raven,R44,GNESH,0.91,2.4,628,628,96.0,True,False,-4.35,51.8,,,2026-05-09,48.2
43c8d1:2026-05-11T14:54:31Z,W2_MidWales,mil_state,ZM330,BEECHCRAFT T-6 Texan 2,TEX2,VYT578,0.66,5.1,657,359,248.0,False,False,-3.6,52.1,EGOV,EGOV,2026-05-09,136.7
43c8d1:2026-05-11T14:54:31Z,W2_MidWales,mil_state,ZM330,BEECHCRAFT T-6 Texan 2,TEX2,VYT578,7.93,58.9,412,228,244.0,False,False,-3.391,52.228,EGOV,EGOV,2026-05-09,134.5
43c8cc:2026-05-11T14:38:38Z,W2_MidWales,mil_state,ZM325,BEECHCRAFT T-6 Texan 2,TEX2,VYT572,3.07,22.3,406,226,239.0,False,False,-3.375,52.281,EGOV,EGOV,2026-05-09,130.6
408162:2026-05-11T14:02:02Z,W2_MidWales,rotorcraft,G-RESH,AGUSTA AW-139,A139,SRD387,0.33,1.1,589,589,106.0,True,True,-3.45,52.1,EGSY,EGSY,2026-05-09,82.0
407046:2026-05-09T14:38:45Z,W2_MidWales,rotorcraft,G-WYDN,AIRBUS HELICOPTERS EC-145,EC45,HLE57,0.67,2.1,488,488,104.0,True,False,-4.45,51.9,,,2026-05-09,17.7
407848:2026-05-09T13:57:02Z,W2_MidWales,rotorcraft,G-IIBB,BELL 505 JetRanger X,B505,GIIBB,3.14,8.2,622,541,64.0,False,False,-3.312,51.7,EGFC,,2026-05-09,29.2
408162:2026-05-09T13:21:02Z,W2_MidWales,rotorcraft,G-RESH,AGUSTA AW-139,A139,SRG387,1.26,5.0,546,546,139.0,True,False,-3.912,51.7,EGSY,,2026-05-09,46.8
408162:2026-05-09T13:21:02Z,W2_MidWales,rotorcraft,G-RESH,AGUSTA AW-139,A139,SRG387,1.76,5.3,476,476,94.0,True,False,-4.307,51.8,EGSY,,2026-05-09,40.5
408162:2026-05-09T13:21:02Z,W2_MidWales,rotorcraft,G-RESH,AGUSTA AW-139,A139,SRG387,1.44,5.3,674,606,117.0,True,False,-4.417,51.8,EGSY,,2026-05-09,33.9
408162:2026-05-09T13:21:02Z,W2_MidWales,rotorcraft,G-RESH,AGUSTA AW-139,A139,SRG387,0.81,2.3,531,524,89.0,True,False,-4.5,51.8,EGSY,,2026-05-09,29.6
407848:2026-05-09T11:35:03Z,W2_MidWales,rotorcraft,G-IIBB,BELL 505 JetRanger X,B505,GIIBB,1.74,7.4,583,196,81.0,True,False,-3.108,52.0,,,2026-05-09,21.6
407848:2026-05-09T11:35:03Z,W2_MidWales,rotorcraft,G-IIBB,BELL 505 JetRanger X,B505,GIIBB,0.89,2.0,670,619,95.0,True,True,-3.45,51.85,,,2026-05-09,30.9
407848:2026-05-09T11:35:03Z,W2_MidWales,rotorcraft,G-IIBB,BELL 505 JetRanger X,B505,GIIBB,0.54,1.4,563,496,95.0,True,True,-3.438,51.85,,,2026-05-09,28.0
407848:2026-05-09T11:35:03Z,W2_MidWales,rotorcraft,G-IIBB,BELL 505 JetRanger X,B505,GIIBB,1.18,3.0,572,257,95.0,True,True,-3.487,51.85,,,2026-05-09,31.5
407848:2026-05-09T11:35:03Z,W2_MidWales,rotorcraft,G-IIBB,BELL 505 JetRanger X,B505,GIIBB,0.67,2.0,575,575,95.0,True,True,-3.45,51.8,,,2026-05-09,27.4
407848:2026-05-09T11:35:03Z,W2_MidWales,rotorcraft,G-IIBB,BELL 505 JetRanger X,B505,GIIBB,5.08,12.9,381,228,95.0,True,True,-3.315,51.8,,,2026-05-09,19.9
407848:2026-05-09T11:35:03Z,W2_MidWales,rotorcraft,G-IIBB,BELL 505 JetRanger X,B505,GIIBB,1.78,4.4,421,220,95.0,True,True,-3.29,51.75,,,2026-05-09,18.2
407848:2026-05-09T11:35:03Z,W2_MidWales,rotorcraft,G-IIBB,BELL 505 JetRanger X,B505,GIIBB,1.37,7.5,583,523,95.0,True,False,-3.15,51.75,,,2026-05-09,10.8
4071a9:2026-05-09T01:42:16Z,W2_MidWales,rotorcraft,G-WROL,AIRBUS HELICOPTERS EC-145,EC45,HLE67,1.25,5.0,658,658,102.0,False,False,-3.35,51.7,,,2026-05-09,6.4
4071a9:2026-05-29T18:26:09Z,W2_MidWales,rotorcraft,G-WROL,AIRBUS HELICOPTERS EC-145,EC45,HLE67,2.15,7.8,589,589,,True,False,-3.6,51.85,EGFC,,2026-05-23,31.8
40668c:2026-05-29T16:25:21Z,W2_MidWales,rotorcraft,G-WPDB,AIRBUS HELICOPTERS EC-135/635,EC35,GWPDB,0.38,1.6,632,632,130.0,False,False,-3.45,52.2,,EGGD,2026-05-23,0.6
40668c:2026-05-29T16:25:21Z,W2_MidWales,rotorcraft,G-WPDB,AIRBUS HELICOPTERS EC-135/635,EC35,GWPDB,6.85,5.5,-1,-3,29.0,True,False,-3.421,52.217,,EGGD,2026-05-23,2.0
40668c:2026-05-29T16:25:21Z,W2_MidWales,rotorcraft,G-WPDB,AIRBUS HELICOPTERS EC-135/635,EC35,GWPDB,1.16,4.9,635,635,126.0,False,False,-3.2,51.9,,EGGD,2026-05-23,41.5
407046:2026-05-29T16:06:20Z,W2_MidWales,rotorcraft,G-WYDN,AIRBUS HELICOPTERS EC-145,EC45,HLE57,0.82,2.9,609,609,113.0,True,False,-3.7,52.15,,,2026-05-23,11.5
43c8ca:2026-05-29T12:43:47Z,W2_MidWales,mil_state,ZM323,BEECHCRAFT T-6 Texan 2,TEX2,VYT85,0.3,2.3,467,467,263.0,True,True,-4.05,52.25,EGOV,EGOV,2026-05-23,112.6
43c8ca:2026-05-29T12:43:47Z,W2_MidWales,mil_state,ZM323,BEECHCRAFT T-6 Texan 2,TEX2,VYT85,1.22,9.4,602,269,256.0,True,True,-3.469,51.962,EGOV,EGOV,2026-05-23,157.8
40668c:2026-05-29T11:42:49Z,W2_MidWales,rotorcraft,G-WPDB,AIRBUS HELICOPTERS EC-135/635,EC35,GWPDB,7.72,6.2,84,1,24.0,True,False,-3.429,52.2,,EGGD,2026-05-23,1.3
40668c:2026-05-29T09:52:25Z,W2_MidWales,rotorcraft,G-WPDB,AIRBUS HELICOPTERS EC-135/635,EC35,GWPDB,1.58,2.3,266,192,90.0,False,False,-3.42,52.2,,,2026-05-23,3.3
43c8c0:2026-05-29T07:58:44Z,W2_MidWales,mil_state,ZM313,GROB G-120TP,G12T,PRF50,0.3,1.5,652,652,158.0,False,False,-3.1,52.0,EGYE,EGBJ,2026-05-23,65.4
43c5eb:2026-05-28T09:58:03Z,W2_MidWales,other,ZM417,AIRBUS A-400M,A400,JIGSW94,0.26,2.2,522,383,280.0,False,False,-3.333,51.8,EGVN,EGVN,2026-05-23,120.6
43c5eb:2026-05-28T09:58:03Z,W2_MidWales,other,ZM417,AIRBUS A-400M,A400,JIGSW94,0.53,4.6,678,506,280.0,False,False,-3.475,51.8,EGVN,EGVN,2026-05-23,129.7
406343:2026-05-27T19:53:57Z,W2_MidWales,other,G-NWOI,AIRBUS HELICOPTERS EC-135/635,EC35,UKPOL32,0.48,11.4,577,577,142.0,False,False,-3.2,51.7,,,2026-05-23,33.5
43c5e8:2026-05-27T18:02:38Z,W2_MidWales,other,ZM414,AIRBUS A-400M,A400,GRFFN79,0.8,7.1,407,264,275.0,False,False,-4.22,51.75,,EGVN,2026-05-23,144.3
43c5e8:2026-05-27T18:02:38Z,W2_MidWales,other,ZM414,AIRBUS A-400M,A400,GRFFN79,2.75,22.2,465,219,270.0,True,False,-3.454,51.846,,EGVN,2026-05-23,125.0
43c5e8:2026-05-27T18:02:38Z,W2_MidWales,other,ZM414,AIRBUS A-400M,A400,GRFFN79,1.06,9.6,487,487,304.0,False,False,-3.3,52.4,,EGVN,2026-05-23,137.8
407046:2026-05-27T17:20:42Z,W2_MidWales,rotorcraft,G-WYDN,AIRBUS HELICOPTERS EC-145,EC45,HLE57,0.27,1.1,577,577,135.0,False,False,-4.2,51.75,,,2026-05-23,5.4
408364:2026-05-27T14:31:24Z,W2_MidWales,rotorcraft,,,,GJDSP,2.72,9.6,634,632,112.0,True,True,-3.1,51.925,EGFC,,2026-05-23,52.4
43c5eb:2026-05-27T13:36:26Z,W2_MidWales,other,ZM417,AIRBUS A-400M,A400,CMT453,1.3,10.9,506,371,270.0,False,False,-3.325,52.387,EGVN,EGVN,2026-05-23,136.8
4071a9:2026-05-27T11:45:24Z,W2_MidWales,rotorcraft,G-WROL,AIRBUS HELICOPTERS EC-145,EC45,HLE67,0.6,2.0,653,653,105.0,False,False,-3.083,51.7,,,2026-05-23,0.6
43c8d8:2026-05-27T10:11:44Z,W2_MidWales,mil_state,ZM337,EMBRAER EMB-500 Phenom 100,E50P,CAMEL2,1.29,8.5,517,501,229.0,True,False,-3.288,52.363,EGYD,,2026-05-23,200.3
43c8d8:2026-05-27T10:11:44Z,W2_MidWales,mil_state,ZM337,EMBRAER EMB-500 Phenom 100,E50P,CAMEL2,1.38,17.6,528,461,242.0,True,False,-3.675,52.175,EGYD,,2026-05-23,191.5
43c8d5:2026-05-27T10:11:32Z,W2_MidWales,mil_state,ZM334,EMBRAER EMB-500 Phenom 100,E50P,CAMEL1,0.63,4.8,534,514,250.0,False,False,-3.317,52.367,EGYD,EGHQ,2026-05-23,201.2
43c8d5:2026-05-27T10:11:32Z,W2_MidWales,mil_state,ZM334,EMBRAER EMB-500 Phenom 100,E50P,CAMEL1,0.64,10.6,453,427,220.0,True,False,-3.667,52.2,EGYD,EGHQ,2026-05-23,217.5
43c5eb:2026-05-27T09:59:48Z,W2_MidWales,other,ZM417,AIRBUS A-400M,A400,ASLAN72,0.48,4.9,591,470,276.0,False,False,-4.217,51.717,,EGVN,2026-05-23,152.0
43c5eb:2026-05-27T09:59:48Z,W2_MidWales,other,ZM417,AIRBUS A-400M,A400,ASLAN72,1.13,6.5,430,345,276.0,False,False,-4.264,51.768,,EGVN,2026-05-23,158.2
43c5eb:2026-05-27T09:59:48Z,W2_MidWales,other,ZM417,AIRBUS A-400M,A400,ASLAN72,2.04,17.3,423,373,270.0,True,False,-3.443,52.25,,EGVN,2026-05-23,135.8
43c5eb:2026-05-27T09:59:48Z,W2_MidWales,other,ZM417,AIRBUS A-400M,A400,ASLAN72,2.16,19.3,394,283,270.0,True,False,-3.357,51.898,,EGVN,2026-05-23,119.6
43c924:2026-05-27T09:59:19Z,W2_MidWales,mil_state,ZM343,BEECHCRAFT T-6 Texan 2,TEX2,VYT97,1.63,12.0,345,186,240.0,False,False,-3.442,51.958,EGOV,EGOV,2026-05-23,158.2
43c924:2026-05-27T09:59:19Z,W2_MidWales,mil_state,ZM343,BEECHCRAFT T-6 Texan 2,TEX2,VYT97,0.11,0.9,346,346,215.0,False,False,-3.35,52.45,EGOV,EGOV,2026-05-23,118.1
407bee:2026-05-27T09:30:39Z,W2_MidWales,rotorcraft,G-ETPN,AGUSTA AW-109 Grand,A109,BDN030,5.2,18.0,411,251,97.0,False,False,-3.367,51.926,EGDM,EGCK,2026-05-23,140.2
407bee:2026-05-27T09:30:39Z,W2_MidWales,rotorcraft,G-ETPN,AGUSTA AW-109 Grand,A109,BDN030,1.39,5.1,393,344,131.0,True,False,-3.45,52.15,EGDM,EGCK,2026-05-23,120.1
408364:2026-05-27T05:52:32Z,W2_MidWales,rotorcraft,,,,GJDSP,1.28,4.5,619,619,117.0,True,True,-3.1,51.9,,EGFC,2026-05-23,50.5
43c5eb:2026-05-26T22:44:40Z,W2_MidWales,other,ZM417,AIRBUS A-400M,A400,NAPER71,2.29,19.4,406,276,,False,False,-4.243,51.829,EGVN,EGVN,2026-05-23,180.6
4047fd:2026-05-26T19:05:41Z,W2_MidWales,civ_ga,G-TCNM,TECNAM P-92 Echo,ECHO,GTCNM,0.73,1.8,680,680,84.0,True,True,-3.15,51.75,,,2026-05-23,35.3
43c5eb:2026-05-26T17:07:46Z,W2_MidWales,other,ZM417,AIRBUS A-400M,A400,DRDNT40,1.6,16.1,491,334,274.0,False,False,-3.389,51.917,EGVN,EGVN,2026-05-23,124.1
406e75:2026-05-26T16:49:13Z,W2_MidWales,other,G-CIRB,EVEKTRO EV-97 EuroStar,EV97,GCIRB,0.25,10.0,390,359,70.0,False,False,-4.2,51.7,,EGFE,2026-05-23,36.9
408162:2026-05-26T14:58:26Z,W2_MidWales,rotorcraft,G-RESH,AGUSTA AW-139,A139,SRG387,0.5,2.3,343,343,140.0,True,False,-3.65,51.85,EGSY,EGCK,2026-05-23,52.8
4080e8:2026-05-26T14:37:08Z,W2_MidWales,rotorcraft,G-XDCB,BELL 505 JetRanger X,B505,GXDCB,0.66,2.2,681,681,109.0,False,False,-3.0,52.35,,EGFE,2026-05-23,140.3
406f12:2026-05-26T14:02:02Z,W2_MidWales,rotorcraft,G-LINZ,ROBINSON R-44 Raven,R44,GLINZ,0.43,1.4,673,633,109.0,True,False,-3.5,51.9,,EGBJ,2026-05-23,89.1
406f12:2026-05-26T14:02:02Z,W2_MidWales,rotorcraft,G-LINZ,ROBINSON R-44 Raven,R44,GLINZ,0.36,1.1,647,647,106.0,True,False,-3.4,51.95,,EGBJ,2026-05-23,83.8
406f12:2026-05-26T14:02:02Z,W2_MidWales,rotorcraft,G-LINZ,ROBINSON R-44 Raven,R44,GLINZ,1.75,5.4,534,445,96.0,True,False,-3.371,52.0,,EGBJ,2026-05-23,81.8
43c8cd:2026-05-26T13:02:00Z,W2_MidWales,mil_state,ZM326,BEECHCRAFT T-6 Texan 2,TEX2,VYT89,1.59,12.2,548,315,250.0,True,False,-3.65,52.1,EGOV,EGOV,2026-05-23,136.4
43c8cd:2026-05-26T13:02:00Z,W2_MidWales,mil_state,ZM326,BEECHCRAFT T-6 Texan 2,TEX2,VYT89,3.32,26.1,445,271,250.0,False,False,-3.386,52.246,EGOV,EGOV,2026-05-23,131.6
43c5e8:2026-05-26T12:02:08Z,W2_MidWales,other,ZM414,AIRBUS A-400M,A400,COM452,1.34,11.2,321,259,277.0,False,False,-3.35,52.31,,EGVN,2026-05-23,6.7
406f12:2026-05-26T11:31:41Z,W2_MidWales,rotorcraft,G-LINZ,ROBINSON R-44 Raven,R44,GLINZ,0.15,0.4,667,667,92.0,True,False,-3.0,51.85,,,2026-05-23,18.3
406f12:2026-05-26T11:31:41Z,W2_MidWales,rotorcraft,G-LINZ,ROBINSON R-44 Raven,R44,GLINZ,0.4,2.1,582,540,92.0,True,False,-3.1,51.8,,,2026-05-23,28.3
406f12:2026-05-26T11:31:41Z,W2_MidWales,rotorcraft,G-LINZ,ROBINSON R-44 Raven,R44,GLINZ,0.65,1.9,232,232,112.0,True,False,-3.183,51.8,,,2026-05-23,33.2
406f12:2026-05-26T11:31:41Z,W2_MidWales,rotorcraft,G-LINZ,ROBINSON R-44 Raven,R44,GLINZ,3.66,9.9,362,112,92.0,True,False,-3.339,51.767,,,2026-05-23,44.6
406f12:2026-05-26T11:31:41Z,W2_MidWales,rotorcraft,G-LINZ,ROBINSON R-44 Raven,R44,GLINZ,0.26,0.7,677,677,93.0,True,False,-3.875,51.7,,,2026-05-23,82.7
406f12:2026-05-26T11:31:41Z,W2_MidWales,rotorcraft,G-LINZ,ROBINSON R-44 Raven,R44,GLINZ,0.01,0.0,616,616,90.0,True,False,-4.0,51.7,,,2026-05-23,75.0
406f12:2026-05-26T11:31:41Z,W2_MidWales,rotorcraft,G-LINZ,ROBINSON R-44 Raven,R44,GLINZ,4.75,13.7,574,486,91.0,True,False,-4.341,51.773,,,2026-05-23,51.0
406f12:2026-05-26T11:31:41Z,W2_MidWales,rotorcraft,G-LINZ,ROBINSON R-44 Raven,R44,GLINZ,3.5,9.7,612,481,91.0,False,False,-4.55,51.778,,,2026-05-23,36.3
43c5eb:2026-05-26T10:17:00Z,W2_MidWales,other,ZM417,AIRBUS A-400M,A400,ASLAN70,1.51,18.9,434,311,192.0,True,False,-3.333,51.956,EGVN,EGVN,2026-05-23,120.2
43c5eb:2026-05-26T10:17:00Z,W2_MidWales,other,ZM417,AIRBUS A-400M,A400,ASLAN70,1.23,10.3,645,379,290.0,False,False,-3.343,52.371,EGVN,EGVN,2026-05-23,138.1
43c8cb:2026-05-26T10:16:22Z,W2_MidWales,mil_state,ZM324,BEECHCRAFT T-6 Texan 2,TEX2,VYT575,2.23,17.3,365,226,255.0,True,False,-3.338,52.206,EGOV,EGOV,2026-05-23,137.4
43c8cb:2026-05-26T10:16:22Z,W2_MidWales,mil_state,ZM324,BEECHCRAFT T-6 Texan 2,TEX2,VYT575,1.45,11.7,514,364,266.0,False,False,-3.275,52.375,EGOV,EGOV,2026-05-23,124.6
43c8cd:2026-05-26T10:05:42Z,W2_MidWales,mil_state,ZM326,BEECHCRAFT T-6 Texan 2,TEX2,VYT569,0.09,0.7,263,263,254.0,False,False,-3.35,52.45,EGOV,EGOV,2026-05-23,117.3
43c8cf:2026-05-26T10:04:40Z,W2_MidWales,mil_state,ZM328,BEECHCRAFT T-6 Texan 2,TEX2,VYT97,1.76,13.2,350,198,248.0,True,False,-3.61,52.12,EGOV,EGOV,2026-05-23,135.9
43c8cf:2026-05-26T10:04:40Z,W2_MidWales,mil_state,ZM328,BEECHCRAFT T-6 Texan 2,TEX2,VYT97,0.6,4.5,332,222,251.0,True,False,-3.413,52.15,EGOV,EGOV,2026-05-23,140.0
43c8cf:2026-05-26T10:04:40Z,W2_MidWales,mil_state,ZM328,BEECHCRAFT T-6 Texan 2,TEX2,VYT97,0.85,6.5,369,253,247.0,False,False,-3.35,52.28,EGOV,EGOV,2026-05-23,131.3
43c8cf:2026-05-26T10:04:40Z,W2_MidWales,mil_state,ZM328,BEECHCRAFT T-6 Texan 2,TEX2,VYT97,0.3,2.3,285,204,245.0,False,False,-3.35,52.4,EGOV,EGOV,2026-05-23,118.7
43c5e8:2026-05-26T09:42:39Z,W2_MidWales,other,ZM414,AIRBUS A-400M,A400,COM452,0.99,8.5,699,518,279.0,False,False,-4.25,51.775,EGVN,,2026-05-23,77.2
43c5e8:2026-05-26T09:42:39Z,W2_MidWales,other,ZM414,AIRBUS A-400M,A400,COM452,1.31,14.0,361,317,274.0,False,False,-3.45,52.229,EGVN,,2026-05-23,6.2
402b9d:2026-05-26T08:34:01Z,W2_MidWales,rotorcraft,G-IBIG,BELL 206 JetRanger,B06,GIBIG,0.4,1.2,398,398,102.0,False,False,-3.0,52.35,,,2026-05-23,0.6
4080e8:2026-05-26T05:53:05Z,W2_MidWales,rotorcraft,G-XDCB,BELL 505 JetRanger X,B505,GXDCB,1.82,7.0,607,607,124.0,True,False,-3.75,52.15,,EGFE,2026-05-23,89.3
407046:2026-05-25T07:27:46Z,W2_MidWales,rotorcraft,G-WYDN,AIRBUS HELICOPTERS EC-145,EC45,HLE57,0.83,2.4,634,634,85.0,False,False,-4.15,51.7,,,2026-05-23,0.9
407424:2026-05-24T15:42:23Z,W2_MidWales,rotorcraft,G-RMAA,AIRBUS HELICOPTERS EC-145,EC45,HLE03,0.65,1.5,563,563,81.0,False,False,-3.45,52.1,,,2026-05-23,0.4
4071ab:2026-05-24T15:15:07Z,W2_MidWales,rotorcraft,G-WOBR,AIRBUS HELICOPTERS EC-145,EC45,HLE59,2.95,11.5,525,465,115.0,False,False,-3.15,51.775,EGFC,,2026-05-23,36.1
4071ab:2026-05-24T13:12:08Z,W2_MidWales,rotorcraft,G-WOBR,AIRBUS HELICOPTERS EC-145,EC45,HLE59,2.91,10.5,527,527,115.0,False,False,-3.4,52.25,,EGFC,2026-05-23,6.3
4071ab:2026-05-24T11:49:36Z,W2_MidWales,rotorcraft,G-WOBR,AIRBUS HELICOPTERS EC-145,EC45,HLE59,2.15,7.6,620,583,,False,False,-3.375,52.375,,,2026-05-23,2.7
407d4d:2026-05-24T08:35:10Z,W2_MidWales,other,G-NULL,AEROSPATIALE AS-350 Ecureuil,AS50,GNULL,0.25,1.2,682,682,129.0,True,True,-3.1,51.85,,,2026-05-23,21.5
407d4d:2026-05-24T08:35:10Z,W2_MidWales,other,G-NULL,AEROSPATIALE AS-350 Ecureuil,AS50,GNULL,0.37,2.1,472,290,129.0,True,True,-3.15,51.85,,,2026-05-23,16.9
40826e:2026-05-23T16:59:39Z,W2_MidWales,rotorcraft,G-XXLB,BELL 407,B407,GXXLB,0.81,2.7,628,628,99.0,True,False,-4.2,51.75,EGFP,,2026-05-23,9.9
40826e:2026-05-23T16:59:39Z,W2_MidWales,rotorcraft,G-XXLB,BELL 407,B407,GXXLB,1.26,4.5,670,669,116.0,True,False,-3.775,51.8,EGFP,,2026-05-23,38.2
40826e:2026-05-23T16:59:39Z,W2_MidWales,rotorcraft,G-XXLB,BELL 407,B407,GXXLB,1.15,4.3,471,452,112.0,True,False,-3.633,51.833,EGFP,,2026-05-23,48.8
40826e:2026-05-23T14:10:06Z,W2_MidWales,rotorcraft,G-XXLB,BELL 407,B407,GXXLB,0.75,2.3,654,654,108.0,True,False,-3.9,51.7,EGBO,EGFP,2026-05-23,28.2
40826e:2026-05-23T14:10:06Z,W2_MidWales,rotorcraft,G-XXLB,BELL 407,B407,GXXLB,0.76,2.4,650,650,108.0,True,False,-4.0,51.7,EGBO,EGFP,2026-05-23,20.9
40826e:2026-05-23T14:10:06Z,W2_MidWales,rotorcraft,G-XXLB,BELL 407,B407,GXXLB,1.56,10.4,595,285,104.0,False,False,-4.2,51.7,EGBO,EGFP,2026-05-23,7.5
43c8ef:2026-06-12T10:31:04Z,W2_MidWales,rotorcraft,ZM521,AIRBUS HELICOPTERS EC-135/635,EC35,SYS124,1.23,6.9,700,348,126.0,False,False,-3.0,52.55,EGOS,EGOS,2026-06-06,32.6
408163:2026-06-10T13:37:18Z,W2_MidWales,rotorcraft,G-RESI,AGUSTA AW-139,A139,SRD387,0.82,2.2,513,284,88.0,True,True,-3.53,51.9,EGSY,EGSY,2026-06-06,55.5
408163:2026-06-10T13:37:18Z,W2_MidWales,rotorcraft,G-RESI,AGUSTA AW-139,A139,SRD387,0.95,2.3,403,302,81.0,True,True,-3.45,51.85,EGSY,EGSY,2026-06-06,53.6
408163:2026-06-10T13:37:18Z,W2_MidWales,rotorcraft,G-RESI,AGUSTA AW-139,A139,SRD387,4.17,5.2,257,214,37.0,True,True,-3.45,51.842,EGSY,EGSY,2026-06-06,51.7
43c8cb:2026-06-10T07:11:44Z,W2_MidWales,mil_state,ZM324,BEECHCRAFT T-6 Texan 2,TEX2,VYT81,7.42,58.0,356,288,246.0,False,False,-3.439,52.227,EGOV,,2026-06-06,135.6
407046:2026-06-09T16:54:42Z,W2_MidWales,rotorcraft,G-WYDN,AIRBUS HELICOPTERS EC-145,EC45,HLE57,0.07,0.3,695,695,109.0,False,False,-4.15,51.7,,,2026-06-06,0.1
407046:2026-06-09T16:54:42Z,W2_MidWales,rotorcraft,G-WYDN,AIRBUS HELICOPTERS EC-145,EC45,HLE57,0.49,1.7,616,616,109.0,False,False,-4.2,51.75,,,2026-06-06,3.2
43c5ea:2026-06-09T13:38:13Z,W2_MidWales,other,ZM416,AIRBUS A-400M,A400,DRD41,0.81,8.8,618,544,294.0,False,False,-3.5,52.19,,,2026-06-06,176.9
43c921:2026-06-09T09:59:40Z,W2_MidWales,mil_state,ZM340,BEECHCRAFT T-6 Texan 2,TEX2,SWIFT1,1.33,10.3,587,435,223.0,True,True,-3.35,52.35,EGOV,EGOV,2026-06-06,126.0
43c921:2026-06-09T09:59:40Z,W2_MidWales,mil_state,ZM340,BEECHCRAFT T-6 Texan 2,TEX2,SWIFT1,2.41,16.7,432,238,236.0,True,True,-3.505,52.145,EGOV,EGOV,2026-06-06,138.6
43c5ea:2026-06-09T07:14:19Z,W2_MidWales,other,ZM416,AIRBUS A-400M,A400,JIGSW99,3.48,32.9,587,361,267.0,False,False,-4.444,51.829,EGVN,EGVN,2026-06-06,193.4
43c922:2026-06-09T07:11:05Z,W2_MidWales,mil_state,ZM341,BEECHCRAFT T-6 Texan 2,TEX2,VYT85,1.4,11.3,422,367,259.0,False,False,-3.4,52.35,EGOV,,2026-06-06,66.8
43c922:2026-06-09T07:11:05Z,W2_MidWales,mil_state,ZM341,BEECHCRAFT T-6 Texan 2,TEX2,VYT85,1.83,12.9,459,280,270.0,True,False,-3.44,52.15,EGOV,,2026-06-06,49.0
43c5ea:2026-06-08T15:02:14Z,W2_MidWales,other,ZM416,AIRBUS A-400M,A400,FLTOT40,0.66,12.7,636,397,282.0,False,False,-4.267,51.8,EGVN,EGVN,2026-06-06,180.7
43c5ea:2026-06-08T15:02:14Z,W2_MidWales,other,ZM416,AIRBUS A-400M,A400,FLTOT40,1.02,6.7,561,485,275.0,True,False,-3.6,52.162,EGVN,EGVN,2026-06-06,144.0
43c5ea:2026-06-08T15:02:14Z,W2_MidWales,other,ZM416,AIRBUS A-400M,A400,FLTOT40,3.8,22.7,550,402,208.0,False,False,-3.4,52.275,EGVN,EGVN,2026-06-06,136.0
43c922:2026-06-08T14:40:26Z,W2_MidWales,mil_state,ZM341,BEECHCRAFT T-6 Texan 2,TEX2,VYT97,6.77,53.2,397,256,239.0,False,False,-3.428,52.249,EGOV,EGOV,2026-06-06,133.5
4057c3:2026-06-08T14:20:24Z,W2_MidWales,rotorcraft,G-GOES,ROBINSON R-44 Raven,R44,GGOES,0.32,1.2,699,699,82.0,True,False,-3.5,51.9,,EGBJ,2026-06-06,91.8
4057c3:2026-06-08T14:20:24Z,W2_MidWales,rotorcraft,G-GOES,ROBINSON R-44 Raven,R44,GGOES,0.36,1.2,610,574,82.0,True,False,-3.4,51.95,,EGBJ,2026-06-06,84.5
4057c3:2026-06-08T14:20:24Z,W2_MidWales,rotorcraft,G-GOES,ROBINSON R-44 Raven,R44,GGOES,2.39,8.3,606,501,82.0,True,False,-3.357,52.0,,EGBJ,2026-06-06,81.5
43c924:2026-06-08T12:03:13Z,W2_MidWales,mil_state,ZM343,BEECHCRAFT T-6 Texan 2,TEX2,VYT60,4.58,35.4,473,325,250.0,False,False,-3.46,52.19,EGOV,EGOV,2026-06-06,133.1
4057c3:2026-06-08T11:53:09Z,W2_MidWales,rotorcraft,G-GOES,ROBINSON R-44 Raven,R44,GGOES,0.53,3.0,456,433,85.0,True,False,-3.1,51.8,,,2026-06-06,36.7
4057c3:2026-06-08T11:53:09Z,W2_MidWales,rotorcraft,G-GOES,ROBINSON R-44 Raven,R44,GGOES,3.29,9.8,519,508,102.0,True,True,-3.239,51.8,,,2026-06-06,45.1
4057c3:2026-06-08T11:53:09Z,W2_MidWales,rotorcraft,G-GOES,ROBINSON R-44 Raven,R44,GGOES,0.89,2.6,667,488,102.0,True,True,-3.35,51.75,,,2026-06-06,54.7
4057c3:2026-06-08T11:53:09Z,W2_MidWales,rotorcraft,G-GOES,ROBINSON R-44 Raven,R44,GGOES,0.14,0.4,557,557,96.0,True,False,-3.9,51.7,,,2026-06-06,74.0
4057c3:2026-06-08T11:53:09Z,W2_MidWales,rotorcraft,G-GOES,ROBINSON R-44 Raven,R44,GGOES,0.58,1.7,624,624,93.0,True,False,-4.175,51.725,,,2026-06-06,55.1
43c8cf:2026-06-08T09:41:21Z,W2_MidWales,mil_state,ZM328,BEECHCRAFT T-6 Texan 2,TEX2,SWIFT02,5.62,44.0,425,219,255.0,False,False,-3.482,52.205,,,2026-06-06,111.9
43c924:2026-06-08T09:21:10Z,W2_MidWales,mil_state,ZM343,BEECHCRAFT T-6 Texan 2,TEX2,SWIFT1,6.02,46.5,371,260,250.0,False,False,-3.463,52.192,EGOV,EGOV,2026-06-06,133.1
43c5ea:2026-06-08T07:56:16Z,W2_MidWales,other,ZM416,AIRBUS A-400M,A400,JIGSW98,1.16,11.4,431,330,269.0,False,False,-4.23,51.76,EGVN,EGVN,2026-06-06,179.5
43c5ea:2026-06-08T07:56:16Z,W2_MidWales,other,ZM416,AIRBUS A-400M,A400,JIGSW98,1.45,11.6,355,291,261.0,True,False,-4.37,51.93,EGVN,EGVN,2026-06-06,189.2
43c5ea:2026-06-08T07:56:16Z,W2_MidWales,other,ZM416,AIRBUS A-400M,A400,JIGSW98,3.4,28.8,526,336,265.0,True,False,-3.394,52.236,EGVN,EGVN,2026-06-06,133.6
43c5ea:2026-06-08T07:56:16Z,W2_MidWales,other,ZM416,AIRBUS A-400M,A400,JIGSW98,1.97,24.3,486,352,286.0,True,False,-3.417,51.908,EGVN,EGVN,2026-06-06,124.6
407046:2026-06-06T14:53:39Z,W2_MidWales,rotorcraft,G-WYDN,AIRBUS HELICOPTERS EC-145,EC45,HLE57,1.91,12.5,250,25,51.0,False,False,-4.581,51.7,,EGFC,2026-06-06,0.9
407046:2026-06-06T13:33:43Z,W2_MidWales,rotorcraft,G-WYDN,AIRBUS HELICOPTERS EC-145,EC45,HLE57,5.92,7.1,471,-31,68.0,True,False,-4.59,51.7,,,2026-06-06,0.1
407045:2026-06-18T11:22:23Z,W2_MidWales,rotorcraft,G-LOYW,AIRBUS HELICOPTERS EC-145,EC45,HLE59,0.02,0.0,431,431,125.0,False,False,-4.3,51.85,,,2026-06-13,0.0
408263:2026-06-18T11:01:46Z,W2_MidWales,rotorcraft,G-SPYZ,ROBINSON R-66,R66,GSPYZ,0.34,1.1,652,652,93.0,False,False,-3.05,52.55,,EGLD,2026-06-13,0.5
43c5ec:2026-06-17T22:10:02Z,W2_MidWales,other,ZM418,AIRBUS A-400M,A400,GRIFN74,0.9,7.7,544,402,139.0,False,False,-3.34,52.36,EGVN,EGVN,2026-06-13,137.4
4082d7:2026-06-17T15:02:00Z,W2_MidWales,rotorcraft,,,,GGKEA,2.83,9.1,620,442,102.0,True,False,-3.367,52.0,,,2026-06-13,29.1
4082d7:2026-06-17T15:02:00Z,W2_MidWales,rotorcraft,,,,GGKEA,1.46,4.7,556,556,108.0,True,False,-3.55,51.95,,,2026-06-13,40.9
4082d7:2026-06-17T15:02:00Z,W2_MidWales,rotorcraft,,,,GGKEA,2.08,7.3,586,546,112.0,True,False,-4.4,51.9,,,2026-06-13,44.7
4082d7:2026-06-17T15:02:00Z,W2_MidWales,rotorcraft,,,,GGKEA,1.22,4.3,510,510,112.0,False,False,-4.55,51.9,,,2026-06-13,35.7
408263:2026-06-17T15:01:40Z,W2_MidWales,rotorcraft,G-SPYZ,ROBINSON R-66,R66,GSPYZ,5.38,15.7,505,452,88.0,True,False,-3.425,51.987,,,2026-06-13,32.8
408263:2026-06-17T15:01:40Z,W2_MidWales,rotorcraft,G-SPYZ,ROBINSON R-66,R66,GSPYZ,3.04,9.7,572,504,99.0,True,False,-4.46,51.88,,,2026-06-13,40.2
43c8e9:2026-06-17T10:31:38Z,W2_MidWales,rotorcraft,ZM515,AIRBUS HELICOPTERS EC-135/635,EC35,SYS131,2.76,9.3,695,695,113.0,False,False,-3.0,52.55,EGOS,EGOS,2026-06-13,32.0
43c921:2026-06-17T08:37:35Z,W2_MidWales,mil_state,ZM340,BEECHCRAFT T-6 Texan 2,TEX2,VYT61,0.49,3.8,310,263,247.0,False,False,-2.95,51.85,EGUW,EGOV,2026-06-13,188.8
43c921:2026-06-17T08:37:35Z,W2_MidWales,mil_state,ZM340,BEECHCRAFT T-6 Texan 2,TEX2,VYT61,0.73,5.2,456,321,231.0,True,False,-3.331,51.862,EGUW,EGOV,2026-06-13,175.8
43c921:2026-06-17T08:37:35Z,W2_MidWales,mil_state,ZM340,BEECHCRAFT T-6 Texan 2,TEX2,VYT61,0.46,22.5,534,303,265.0,True,False,-3.375,51.95,EGUW,EGOV,2026-06-13,166.1
407046:2026-06-16T15:47:23Z,W2_MidWales,rotorcraft,G-WYDN,AIRBUS HELICOPTERS EC-145,EC45,HLE59,0.27,0.9,668,668,130.0,False,False,-3.35,51.7,EGFC,EGFC,2026-06-13,29.7
4077f6:2026-06-16T15:42:20Z,W2_MidWales,civ_ga,G-SUMO,BEST OFF Sky Ranger,SKRA,GSUMO,0.32,0.9,686,686,86.0,True,False,-2.95,51.85,,,2026-06-13,8.6
43c8ca:2026-06-16T14:25:51Z,W2_MidWales,mil_state,ZM323,BEECHCRAFT T-6 Texan 2,TEX2,VYT55,6.33,48.7,370,200,252.0,False,False,-3.402,52.255,EGFF,EGOV,2026-06-13,98.6
400d1c:2026-06-16T14:07:55Z,W2_MidWales,other,G-NETR,AEROSPATIALE AS-355 Ecureuil 2,AS55,PDG62,2.11,11.3,362,286,,False,False,-3.137,51.7,,,2026-06-13,3.9
43c8f0:2026-06-16T12:48:15Z,W2_MidWales,rotorcraft,ZM522,AIRBUS HELICOPTERS EC-135/635,EC35,SYS090,0.61,2.0,642,642,93.0,False,False,-3.05,52.55,EGOS,EGOS,2026-06-13,33.8
43c8e9:2026-06-16T11:01:14Z,W2_MidWales,rotorcraft,ZM515,AIRBUS HELICOPTERS EC-135/635,EC35,SYS71,0.53,1.3,256,256,98.0,False,False,-3.05,52.55,EGOS,EGOS,2026-06-13,33.6
43c5ec:2026-06-16T10:46:17Z,W2_MidWales,other,ZM418,AIRBUS A-400M,A400,JIGSW90,0.88,7.3,413,349,285.0,False,False,-3.325,52.35,,,2026-06-13,101.1
43c5ec:2026-06-16T10:46:17Z,W2_MidWales,other,ZM418,AIRBUS A-400M,A400,JIGSW90,0.32,12.2,560,231,285.0,False,False,-3.1,52.0,,,2026-06-13,132.9
43c8ca:2026-06-16T10:13:47Z,W2_MidWales,mil_state,ZM323,BEECHCRAFT T-6 Texan 2,TEX2,VYT55,0.35,2.7,361,361,253.0,False,False,-2.95,51.9,EGOV,EGFF,2026-06-13,63.3
43c5ec:2026-06-16T08:45:33Z,W2_MidWales,other,ZM418,AIRBUS A-400M,A400,JIGSW90,1.05,11.9,347,290,313.0,False,False,-3.45,52.183,EGVN,,2026-06-13,114.7
43c5ef:2026-06-16T08:16:18Z,W2_MidWales,other,ZM421,AIRBUS A-400M,A400,JIGSW94,1.23,10.7,338,338,282.0,True,False,-3.3,52.4,EGVN,EGVN,2026-06-13,137.4
407045:2026-06-15T17:24:01Z,W2_MidWales,rotorcraft,G-LOYW,AIRBUS HELICOPTERS EC-145,EC45,HLE59,1.4,5.8,445,174,128.0,False,False,-3.733,51.7,,,2026-06-13,5.7
407045:2026-06-15T15:33:58Z,W2_MidWales,rotorcraft,G-LOYW,AIRBUS HELICOPTERS EC-145,EC45,HLE59,0.76,2.6,683,683,124.0,False,False,-3.9,51.7,,,2026-06-13,6.8
407045:2026-06-15T15:33:58Z,W2_MidWales,rotorcraft,G-LOYW,AIRBUS HELICOPTERS EC-145,EC45,HLE59,0.59,2.0,481,481,110.0,False,False,-4.0,51.7,,,2026-06-13,1.0
407045:2026-06-15T15:00:04Z,W2_MidWales,rotorcraft,G-LOYW,AIRBUS HELICOPTERS EC-145,EC45,HLE59,3.55,8.7,213,-80,,False,False,-3.283,51.75,,,2026-06-13,1.7
40668c:2026-06-15T14:21:04Z,W2_MidWales,rotorcraft,G-WPDB,AIRBUS HELICOPTERS EC-135/635,EC35,GWPDB,0.61,2.4,573,573,133.0,False,False,-4.25,51.75,,EGGD,2026-06-13,24.0
407045:2026-06-15T14:07:55Z,W2_MidWales,rotorcraft,G-LOYW,AIRBUS HELICOPTERS EC-145,EC45,HLE59,4.24,8.5,462,58,,False,False,-3.259,51.75,,,2026-06-13,0.6
43c5ef:2026-06-15T10:20:36Z,W2_MidWales,other,ZM421,AIRBUS A-400M,A400,JIGSW93,0.11,1.0,341,341,263.0,False,False,-3.35,52.45,,EGVN,2026-06-13,141.7
406ff0:2026-06-15T08:43:06Z,W2_MidWales,rotorcraft,G-CIZG,ROBINSON R-66,R66,PIPE68,0.6,2.3,625,625,117.0,True,False,-3.4,51.95,EGBW,EGFC,2026-06-13,57.7
406ff0:2026-06-15T08:43:06Z,W2_MidWales,rotorcraft,G-CIZG,ROBINSON R-66,R66,PIPE68,1.36,4.8,560,560,117.0,True,False,-3.525,51.9,EGBW,EGFC,2026-06-13,56.8
406ff0:2026-06-15T08:43:06Z,W2_MidWales,rotorcraft,G-CIZG,ROBINSON R-66,R66,PIPE68,0.8,3.0,667,667,85.0,True,False,-4.275,51.8,EGBW,EGFC,2026-06-13,87.2
406ff0:2026-06-15T08:43:06Z,W2_MidWales,rotorcraft,G-CIZG,ROBINSON R-66,R66,PIPE68,2.69,8.8,651,621,85.0,True,False,-4.455,51.8,EGBW,EGFC,2026-06-13,97.2
406ff0:2026-06-15T08:43:06Z,W2_MidWales,rotorcraft,G-CIZG,ROBINSON R-66,R66,PIPE68,0.07,0.2,697,697,85.0,True,False,-4.6,51.75,EGBW,EGFC,2026-06-13,104.5
406ff0:2026-06-15T08:43:06Z,W2_MidWales,rotorcraft,G-CIZG,ROBINSON R-66,R66,PIPE68,0.46,1.6,646,646,85.0,True,False,-4.6,51.75,EGBW,EGFC,2026-06-13,106.3
407045:2026-06-14T12:07:27Z,W2_MidWales,rotorcraft,G-LOYW,AIRBUS HELICOPTERS EC-145,EC45,HLE59,0.61,2.3,517,517,102.0,False,False,-3.7,52.2,,,2026-06-13,4.8
407424:2026-06-13T17:01:49Z,W2_MidWales,rotorcraft,G-RMAA,AIRBUS HELICOPTERS EC-145,EC45,HLE03,1.41,5.4,659,659,67.0,False,False,-3.0,51.9,,,2026-06-13,1.2
406251:2026-06-13T16:55:25Z,W2_MidWales,rotorcraft,G-CGLF,MAGNI M-16 Tandem Trainer,MM16,GCGLF,3.42,6.9,535,193,69.0,False,False,-2.97,52.55,EGTH,,2026-06-13,13.0
407424:2026-06-13T15:06:39Z,W2_MidWales,rotorcraft,G-RMAA,AIRBUS HELICOPTERS EC-145,EC45,HLE03,0.41,1.1,683,533,126.0,True,False,-3.0,51.9,EGWC,,2026-06-13,0.8
407424:2026-06-13T15:06:39Z,W2_MidWales,rotorcraft,G-RMAA,AIRBUS HELICOPTERS EC-145,EC45,HLE03,0.14,0.4,530,530,86.0,False,False,-2.95,51.9,EGWC,,2026-06-13,0.7
407424:2026-06-13T15:06:39Z,W2_MidWales,rotorcraft,G-RMAA,AIRBUS HELICOPTERS EC-145,EC45,HLE03,0.76,1.3,558,558,82.0,False,False,-3.0,51.9,EGWC,,2026-06-13,0.5
43c8cf:2026-06-13T14:30:14Z,W2_MidWales,mil_state,ZM328,BEECHCRAFT T-6 Texan 2,TEX2,SWIFT2,0.29,2.0,421,421,223.0,False,False,-3.35,52.4,,,2026-06-13,16.3
43c8ca:2026-06-13T14:04:42Z,W2_MidWales,mil_state,ZM323,BEECHCRAFT T-6 Texan 2,TEX2,SWIFT01,0.12,0.8,350,350,241.0,False,False,-3.35,52.4,EGUB,EGOV,2026-06-13,117.6
407d9c:2026-06-13T13:09:16Z,W2_MidWales,civ_ga,G-CMFG,VANS RV-12,RV12,GCMFG,1.67,5.9,604,577,,True,True,-3.225,51.8,,,2026-06-13,39.0
43c8d0:2026-07-03T15:01:45Z,W2_MidWales,mil_state,ZM329,BEECHCRAFT T-6 Texan 2,TEX2,VYT566,0.57,4.2,675,675,191.0,False,False,-3.3,52.45,EGOV,EGOV,2026-06-27,121.9
43c8d0:2026-07-03T15:01:45Z,W2_MidWales,mil_state,ZM329,BEECHCRAFT T-6 Texan 2,TEX2,VYT566,1.05,6.8,682,380,191.0,False,False,-3.325,52.35,EGOV,EGOV,2026-06-27,127.9
424c6c:2026-07-03T14:07:01Z,W2_MidWales,rotorcraft,M-DOGA,AIRBUS HELICOPTERS EC-135/635,EC35,MDOGA,0.55,2.2,688,688,127.0,True,True,-3.35,51.8,EGFC,EGNS,2026-06-27,42.2
424c6c:2026-07-03T14:07:01Z,W2_MidWales,rotorcraft,M-DOGA,AIRBUS HELICOPTERS EC-135/635,EC35,MDOGA,0.5,1.9,330,330,122.0,True,True,-3.4,51.85,EGFC,EGNS,2026-06-27,48.1
43c8ca:2026-07-03T13:50:17Z,W2_MidWales,mil_state,ZM323,BEECHCRAFT T-6 Texan 2,TEX2,SWIFT1,1.01,7.7,289,256,245.0,False,False,-4.22,51.75,EGTE,EGOV,2026-06-27,127.3
43c8ca:2026-07-03T13:50:17Z,W2_MidWales,mil_state,ZM323,BEECHCRAFT T-6 Texan 2,TEX2,SWIFT1,1.83,14.0,383,255,242.0,True,False,-4.372,51.922,EGTE,EGOV,2026-06-27,148.4
43c8ca:2026-07-03T13:50:17Z,W2_MidWales,mil_state,ZM323,BEECHCRAFT T-6 Texan 2,TEX2,SWIFT1,0.85,11.1,558,343,258.0,False,False,-3.45,52.225,EGTE,EGOV,2026-06-27,136.6
43c8d2:2026-07-03T12:32:11Z,W2_MidWales,mil_state,ZM331,BEECHCRAFT T-6 Texan 2,TEX2,VYT96,1.05,7.7,374,299,242.0,False,False,-2.97,52.4,EGOV,EGOV,2026-06-27,139.6
43c8d2:2026-07-03T12:32:11Z,W2_MidWales,mil_state,ZM331,BEECHCRAFT T-6 Texan 2,TEX2,VYT96,0.52,3.9,269,269,236.0,True,False,-3.3,52.45,EGOV,EGOV,2026-06-27,119.9
43c8cd:2026-07-03T10:05:42Z,W2_MidWales,mil_state,ZM326,BEECHCRAFT T-6 Texan 2,TEX2,VYT76,0.8,6.0,479,280,245.0,False,False,-3.812,51.725,EGOV,EGTE,2026-06-27,114.5
43c8cc:2026-07-03T09:57:47Z,W2_MidWales,mil_state,ZM325,BEECHCRAFT T-6 Texan 2,TEX2,VYT85,0.04,0.3,273,273,255.0,False,False,-3.35,52.4,EGOV,EGOV,2026-06-27,124.7
43c8cc:2026-07-03T09:57:47Z,W2_MidWales,mil_state,ZM325,BEECHCRAFT T-6 Texan 2,TEX2,VYT85,1.66,12.2,332,242,260.0,True,False,-3.41,52.18,EGOV,EGOV,2026-06-27,140.6
43c8f9:2026-07-03T09:48:36Z,W2_MidWales,rotorcraft,ZM531,AIRBUS HELICOPTERS EC-135/635,EC35,SYS129,1.0,2.2,444,374,95.0,True,False,-3.05,52.55,EGOS,EGFH,2026-06-27,34.7
43c8f9:2026-07-03T09:48:36Z,W2_MidWales,rotorcraft,ZM531,AIRBUS HELICOPTERS EC-135/635,EC35,SYS129,0.16,0.6,89,89,99.0,True,False,-3.05,52.55,EGOS,EGFH,2026-06-27,34.9
43c8f9:2026-07-03T09:48:36Z,W2_MidWales,rotorcraft,ZM531,AIRBUS HELICOPTERS EC-135/635,EC35,SYS129,0.3,0.9,603,603,108.0,True,False,-3.05,52.4,EGOS,EGFH,2026-06-27,47.3
43c8f9:2026-07-03T09:48:36Z,W2_MidWales,rotorcraft,ZM531,AIRBUS HELICOPTERS EC-135/635,EC35,SYS129,0.09,0.2,586,586,93.0,True,False,-3.05,52.35,EGOS,EGFH,2026-06-27,52.4
43c8f9:2026-07-03T09:48:36Z,W2_MidWales,rotorcraft,ZM531,AIRBUS HELICOPTERS EC-135/635,EC35,SYS129,1.97,5.5,469,469,91.0,True,False,-3.4,51.95,EGOS,EGFH,2026-06-27,60.0
43c8f9:2026-07-03T09:48:36Z,W2_MidWales,rotorcraft,ZM531,AIRBUS HELICOPTERS EC-135/635,EC35,SYS129,1.01,3.0,617,598,91.0,True,False,-3.5,51.9,EGOS,EGFH,2026-06-27,51.9
43c8f9:2026-07-03T09:48:36Z,W2_MidWales,rotorcraft,ZM531,AIRBUS HELICOPTERS EC-135/635,EC35,SYS129,1.51,5.1,613,511,114.0,False,False,-3.1,51.7,EGOS,EGFH,2026-06-27,67.8
43c5e2:2026-07-02T21:35:19Z,W2_MidWales,other,ZM408,AIRBUS A-400M,A400,JGSAW91,0.82,6.7,642,610,270.0,False,False,-4.225,51.75,EGVN,EGVN,2026-06-27,180.1
43c5e2:2026-07-02T21:35:19Z,W2_MidWales,other,ZM408,AIRBUS A-400M,A400,JGSAW91,3.82,32.5,546,436,282.0,True,False,-3.385,52.279,EGVN,EGVN,2026-06-27,135.6
43c5dc:2026-07-02T21:02:00Z,W2_MidWales,other,ZM402,AIRBUS A-400M,A400,JDGMT87,2.0,26.2,530,416,270.0,False,False,-4.55,51.8,EGVN,EGVN,2026-06-27,201.9
43c5dc:2026-07-02T21:02:00Z,W2_MidWales,other,ZM402,AIRBUS A-400M,A400,JDGMT87,0.99,8.7,563,410,286.0,True,False,-3.34,52.36,EGVN,EGVN,2026-06-27,137.2
43c8cd:2026-07-02T15:08:44Z,W2_MidWales,mil_state,ZM326,BEECHCRAFT T-6 Texan 2,TEX2,SWIFT2,0.13,1.0,611,611,265.0,True,False,-3.0,51.9,,,2026-06-27,76.9
43c8cd:2026-07-02T15:08:44Z,W2_MidWales,mil_state,ZM326,BEECHCRAFT T-6 Texan 2,TEX2,SWIFT2,0.1,0.9,689,689,270.0,True,False,-2.95,51.85,,,2026-06-27,78.9
43c8cd:2026-07-02T15:08:44Z,W2_MidWales,mil_state,ZM326,BEECHCRAFT T-6 Texan 2,TEX2,SWIFT2,1.57,10.6,241,153,223.0,False,False,-3.35,52.363,,,2026-06-27,65.0
43c8d0:2026-07-02T15:03:49Z,W2_MidWales,mil_state,ZM329,BEECHCRAFT T-6 Texan 2,TEX2,SWIFT1,0.39,3.2,584,584,274.0,True,False,-3.45,52.15,EGFF,EGOV,2026-06-27,86.0
43c8d0:2026-07-02T15:03:49Z,W2_MidWales,mil_state,ZM329,BEECHCRAFT T-6 Texan 2,TEX2,SWIFT1,0.72,5.8,505,386,257.0,True,False,-2.975,51.875,EGFF,EGOV,2026-06-27,61.7
43c8d0:2026-07-02T15:03:49Z,W2_MidWales,mil_state,ZM329,BEECHCRAFT T-6 Texan 2,TEX2,SWIFT1,1.18,8.4,443,230,228.0,False,False,-3.342,52.375,EGFF,EGOV,2026-06-27,111.5
40135b:2026-07-02T13:07:15Z,W2_MidWales,other,G-CEUU,ROBINSON R-44 Raven,R44,GCEUU,0.62,8.4,-150,-150,114.0,False,False,-3.15,51.85,,,2026-06-27,16.8
43c8d2:2026-07-02T12:45:34Z,W2_MidWales,mil_state,ZM331,BEECHCRAFT T-6 Texan 2,TEX2,VYT576,1.16,18.9,494,300,240.0,False,False,-3.483,52.208,EGOV,EGOV,2026-06-27,132.5
4082d0:2026-07-02T10:56:18Z,W2_MidWales,rotorcraft,G-DLTZ,BELL 505 JetRanger X,B505,GDLTZ,1.71,6.2,688,688,122.0,True,False,-3.2,52.15,EGTU,,2026-06-27,14.7
43c5e4:2026-07-02T09:08:17Z,W2_MidWales,other,ZM410,AIRBUS A-400M,A400,ARKTS34,4.06,33.0,420,236,270.0,True,False,-3.393,52.247,EGVN,EGVN,2026-06-27,134.6
43c5e4:2026-07-02T09:08:17Z,W2_MidWales,other,ZM410,AIRBUS A-400M,A400,ARKTS34,2.27,20.1,382,266,286.0,False,False,-3.379,51.89,EGVN,EGVN,2026-06-27,122.2
406176:2026-07-01T12:59:57Z,W2_MidWales,other,G-HEOI,AIRBUS HELICOPTERS EC-135/635,EC35,UKP01,1.21,10.4,592,474,,True,True,-3.15,51.75,,,2026-06-27,8.4
43c8cb:2026-07-01T10:25:27Z,W2_MidWales,mil_state,ZM324,BEECHCRAFT T-6 Texan 2,TEX2,VYT79,2.75,33.0,472,294,242.0,False,False,-3.482,52.189,EGOV,EGOV,2026-06-27,133.5
43c8d2:2026-07-01T10:22:30Z,W2_MidWales,mil_state,ZM331,BEECHCRAFT T-6 Texan 2,TEX2,RCKT1,1.99,15.8,529,246,236.0,True,False,-3.1,52.4,EGOV,EGOV,2026-06-27,131.3
43c8d2:2026-07-01T10:22:30Z,W2_MidWales,mil_state,ZM331,BEECHCRAFT T-6 Texan 2,TEX2,RCKT1,2.32,22.4,318,257,231.0,True,False,-3.444,52.217,EGOV,EGOV,2026-06-27,132.8
43c8d2:2026-07-01T10:22:30Z,W2_MidWales,mil_state,ZM331,BEECHCRAFT T-6 Texan 2,TEX2,RCKT1,0.09,0.7,322,322,248.0,False,False,-3.35,52.45,EGOV,EGOV,2026-06-27,116.7
40821b:2026-07-01T07:23:45Z,W2_MidWales,rotorcraft,G-LYNJ,BELL 407,B407,GLYNJ,1.1,2.8,587,587,99.0,False,False,-4.2,51.85,,,2026-06-27,5.5
407046:2026-06-30T18:21:43Z,W2_MidWales,rotorcraft,G-WYDN,AIRBUS HELICOPTERS EC-145,EC45,HLE67,2.74,10.3,405,337,121.0,False,False,-3.15,51.71,EGFC,,2026-06-27,29.9
43c8d2:2026-06-30T15:05:31Z,W2_MidWales,mil_state,ZM331,BEECHCRAFT T-6 Texan 2,TEX2,VYT85,1.3,8.9,472,409,243.0,True,False,-3.486,52.15,EGOV,EGOV,2026-06-27,139.2
43c8d2:2026-06-30T15:05:31Z,W2_MidWales,mil_state,ZM331,BEECHCRAFT T-6 Texan 2,TEX2,VYT85,4.52,36.3,263,170,233.0,False,False,-3.403,52.282,EGOV,EGOV,2026-06-27,129.5
43c5dc:2026-06-30T13:59:55Z,W2_MidWales,other,ZM402,AIRBUS A-400M,A400,DRDNT42,0.04,0.2,544,544,175.0,False,False,-3.0,51.85,EGVN,EGVN,2026-06-27,97.4
43c5dc:2026-06-30T13:59:55Z,W2_MidWales,other,ZM402,AIRBUS A-400M,A400,DRDNT42,4.16,22.6,506,270,175.0,True,False,-3.392,51.887,EGVN,EGVN,2026-06-27,122.9
407046:2026-06-30T13:53:32Z,W2_MidWales,rotorcraft,G-WYDN,AIRBUS HELICOPTERS EC-145,EC45,HLE67,0.48,1.9,606,606,134.0,False,False,-3.9,51.7,,,2026-06-27,1.0
43c8ca:2026-06-30T10:50:55Z,W2_MidWales,mil_state,ZM323,BEECHCRAFT T-6 Texan 2,TEX2,VYT61,0.62,4.6,645,345,229.0,False,False,-3.8,51.7,EGOV,EGTE,2026-06-27,113.0
43c5dc:2026-06-29T19:25:31Z,W2_MidWales,other,ZM402,AIRBUS A-400M,A400,GRFFN71,0.39,3.4,447,342,275.0,True,False,-3.35,52.35,EGVN,EGVN,2026-06-27,137.8
43c5dc:2026-06-29T19:25:31Z,W2_MidWales,other,ZM402,AIRBUS A-400M,A400,GRFFN71,1.0,11.5,514,443,276.0,True,False,-3.475,52.192,EGVN,EGVN,2026-06-27,137.1
407edf:2026-06-29T15:52:53Z,W2_MidWales,civ_ga,,,,GOBLR,1.99,7.0,434,390,94.0,True,True,-3.225,52.175,,EGBJ,2026-06-27,43.8
407edf:2026-06-29T15:52:53Z,W2_MidWales,civ_ga,,,,GOBLR,2.67,11.3,612,466,99.0,True,True,-3.454,52.187,,EGBJ,2026-06-27,59.8
43c8cd:2026-06-29T15:34:32Z,W2_MidWales,mil_state,ZM326,BEECHCRAFT T-6 Texan 2,TEX2,VYT84,1.17,8.8,385,227,240.0,False,False,-3.388,52.325,,EGOV,2026-06-27,2.5
43c8cc:2026-06-29T14:59:19Z,W2_MidWales,mil_state,ZM325,BEECHCRAFT T-6 Texan 2,TEX2,VYT79,2.64,23.1,334,190,249.0,False,False,-3.429,52.257,EGOV,EGOV,2026-06-27,130.9
43c8cd:2026-06-29T14:58:03Z,W2_MidWales,mil_state,ZM326,BEECHCRAFT T-6 Texan 2,TEX2,VYT84,2.46,18.9,316,193,268.0,False,False,-3.377,52.22,EGOV,,2026-06-27,10.4
43c5ef:2026-06-29T14:30:24Z,W2_MidWales,other,ZM421,AIRBUS A-400M,A400,NAPIR70,1.98,18.1,533,299,262.0,False,False,-3.408,51.912,EGVN,EGVN,2026-06-27,123.8
43c8e6:2026-06-29T13:54:29Z,W2_MidWales,rotorcraft,ZM512,AIRBUS HELICOPTERS EC-135/635,EC35,SYS63,0.06,0.2,162,162,96.0,False,False,-3.05,52.4,EGOS,EGOS,2026-06-27,47.5
43c8e6:2026-06-29T13:54:29Z,W2_MidWales,rotorcraft,ZM512,AIRBUS HELICOPTERS EC-135/635,EC35,SYS63,3.1,5.2,332,211,63.0,False,False,-3.033,52.55,EGOS,EGOS,2026-06-27,31.3
43c8cb:2026-06-29T12:33:05Z,W2_MidWales,mil_state,ZM324,BEECHCRAFT T-6 Texan 2,TEX2,RCKT1,0.13,1.0,304,304,262.0,True,False,-4.05,52.3,EGOV,EGOV,2026-06-27,109.6
43c8cb:2026-06-29T12:33:05Z,W2_MidWales,mil_state,ZM324,BEECHCRAFT T-6 Texan 2,TEX2,RCKT1,6.23,58.7,319,176,244.0,False,False,-3.425,52.26,EGOV,EGOV,2026-06-27,131.3
43c8ca:2026-06-29T10:37:39Z,W2_MidWales,mil_state,ZM323,BEECHCRAFT T-6 Texan 2,TEX2,CORDT02,2.21,29.0,313,162,230.0,False,False,-3.417,52.271,,,2026-06-27,101.1
43c8ca:2026-06-29T10:37:39Z,W2_MidWales,mil_state,ZM323,BEECHCRAFT T-6 Texan 2,TEX2,CORDT02,3.58,26.4,340,146,242.0,False,False,-3.402,52.274,,,2026-06-27,100.5
407046:2026-06-29T10:04:27Z,W2_MidWales,rotorcraft,G-WYDN,AIRBUS HELICOPTERS EC-145,EC45,HLE67,0.23,0.4,493,493,117.0,False,False,-3.4,51.75,,,2026-06-27,0.2
43c8d0:2026-06-29T10:00:56Z,W2_MidWales,mil_state,ZM329,BEECHCRAFT T-6 Texan 2,TEX2,SWFT01,4.28,32.6,319,174,244.0,False,False,-3.438,52.233,EGOV,EGOV,2026-06-27,135.1
406ff0:2026-06-29T08:08:05Z,W2_MidWales,rotorcraft,G-CIZG,ROBINSON R-66,R66,PIPE68,0.75,2.3,558,558,95.0,True,False,-3.4,51.95,EGBW,EGFC,2026-06-27,57.7
406ff0:2026-06-29T08:08:05Z,W2_MidWales,rotorcraft,G-CIZG,ROBINSON R-66,R66,PIPE68,1.14,3.5,683,639,95.0,True,False,-3.5,51.9,EGBW,EGFC,2026-06-27,56.7
406ff0:2026-06-29T08:08:05Z,W2_MidWales,rotorcraft,G-CIZG,ROBINSON R-66,R66,PIPE68,0.69,2.4,616,616,99.0,True,False,-4.25,51.8,EGBW,EGFC,2026-06-27,84.6
406ff0:2026-06-29T08:08:05Z,W2_MidWales,rotorcraft,G-CIZG,ROBINSON R-66,R66,PIPE68,0.19,0.6,641,641,99.0,True,False,-4.3,51.8,EGBW,EGFC,2026-06-27,87.3
406ff0:2026-06-29T08:08:05Z,W2_MidWales,rotorcraft,G-CIZG,ROBINSON R-66,R66,PIPE68,0.82,2.5,697,692,102.0,True,False,-4.6,51.75,EGBW,EGFC,2026-06-27,105.7
43c8d2:2026-06-29T07:30:11Z,W2_MidWales,mil_state,ZM331,BEECHCRAFT T-6 Texan 2,TEX2,SWIFT1,2.59,23.0,474,285,243.0,False,False,-3.408,52.239,EGOV,,2026-06-27,131.6
406176:2026-06-27T12:25:17Z,W2_MidWales,other,G-HEOI,AIRBUS HELICOPTERS EC-135/635,EC35,UKP01,1.17,17.4,616,493,,True,False,-3.4,51.8,,,2026-06-27,63.5
43c5e1:2026-06-27T09:42:41Z,W2_MidWales,other,ZM407,AIRBUS A-400M,A400,RONIN30,0.54,4.6,579,482,302.0,False,False,-4.325,51.8,EGVN,EGVN,2026-06-27,184.8
407045:2026-07-17T17:59:46Z,W2_MidWales,rotorcraft,G-LOYW,AIRBUS HELICOPTERS EC-145,EC45,HLE61,1.14,4.4,544,394,111.0,True,False,-3.483,51.85,,EGCK,2026-07-11,46.5
407046:2026-07-17T13:05:02Z,W2_MidWales,rotorcraft,G-WYDN,AIRBUS HELICOPTERS EC-145,EC45,HLE57,1.11,2.7,628,288,133.0,False,False,-3.213,51.8,,,2026-07-11,1.1
407046:2026-07-17T13:05:02Z,W2_MidWales,rotorcraft,G-WYDN,AIRBUS HELICOPTERS EC-145,EC45,HLE57,0.37,0.6,417,326,133.0,False,False,-3.2,51.8,,,2026-07-11,0.6
43c8ce:2026-07-17T12:44:59Z,W2_MidWales,mil_state,ZM327,BEECHCRAFT T-6 Texan 2,TEX2,VYT581,4.63,34.9,484,272,260.0,False,False,-3.414,52.229,EGOV,EGOV,2026-07-11,132.0
407046:2026-07-17T12:28:05Z,W2_MidWales,rotorcraft,G-WYDN,AIRBUS HELICOPTERS EC-145,EC45,HLE57,5.38,13.2,656,607,59.0,True,False,-4.5,51.797,,,2026-07-11,22.7
43c8cf:2026-07-17T12:26:33Z,W2_MidWales,mil_state,ZM328,BEECHCRAFT T-6 Texan 2,TEX2,VYT90,1.85,14.5,414,187,262.0,False,False,-3.365,52.3,EGOV,EGOV,2026-07-11,126.5
43c8cf:2026-07-17T12:26:33Z,W2_MidWales,mil_state,ZM328,BEECHCRAFT T-6 Texan 2,TEX2,VYT90,0.38,2.8,250,250,237.0,False,False,-3.35,52.4,EGOV,EGOV,2026-07-11,118.2
4082a8:2026-07-17T10:37:57Z,W2_MidWales,rotorcraft,G-CMYZ,Europa Calidus 916 iS,GYRO,GCMYZ,0.66,1.9,605,605,101.0,True,True,-3.3,52.35,,,2026-07-11,26.4
43c8cf:2026-07-17T09:55:01Z,W2_MidWales,mil_state,ZM328,BEECHCRAFT T-6 Texan 2,TEX2,VYT62,0.06,0.5,621,621,264.0,False,False,-3.55,52.35,EGOV,EGOV,2026-07-11,117.4
43c5e7:2026-07-17T08:13:53Z,W2_MidWales,other,ZM413,AIRBUS A-400M,A400,ASLAN76,1.12,13.3,456,324,273.0,False,False,-3.458,52.175,EGVN,EGVN,2026-07-11,134.5
43c8cb:2026-07-16T15:17:54Z,W2_MidWales,mil_state,ZM324,BEECHCRAFT T-6 Texan 2,TEX2,VYT90,1.24,9.2,232,178,252.0,False,False,-3.364,52.379,EGOV,EGOV,2026-07-11,120.9
4082a8:2026-07-16T13:52:07Z,W2_MidWales,rotorcraft,G-CMYZ,Europa Calidus 916 iS,GYRO,GCMYZ,0.69,2.1,689,689,94.0,True,False,-3.15,52.4,,,2026-07-11,19.2
43c924:2026-07-16T12:22:59Z,W2_MidWales,mil_state,ZM343,BEECHCRAFT T-6 Texan 2,TEX2,VYT82,0.65,4.8,427,170,250.0,True,False,-4.267,52.133,EGOV,EGOV,2026-07-11,124.2
43c924:2026-07-16T12:22:59Z,W2_MidWales,mil_state,ZM343,BEECHCRAFT T-6 Texan 2,TEX2,VYT82,3.48,26.5,272,181,236.0,False,False,-3.381,52.242,EGOV,EGOV,2026-07-11,135.1
4046d6:2026-07-16T09:49:37Z,W2_MidWales,civ_ga,G-CBME,CESSNA 172 Skyhawk,C172,GCBME,1.09,2.8,637,637,87.0,True,True,-3.35,51.9,EGBS,EGBS,2026-07-11,43.0
4046d6:2026-07-16T09:49:37Z,W2_MidWales,civ_ga,G-CBME,CESSNA 172 Skyhawk,C172,GCBME,1.02,1.9,634,546,81.0,True,True,-3.45,51.9,EGBS,EGBS,2026-07-11,48.4
4046d6:2026-07-16T09:49:37Z,W2_MidWales,civ_ga,G-CBME,CESSNA 172 Skyhawk,C172,GCBME,0.32,0.8,597,597,101.0,True,True,-3.45,51.95,EGBS,EGBS,2026-07-11,45.5
43c5e3:2026-07-16T07:05:29Z,W2_MidWales,other,ZM409,AIRBUS A-400M,A400,RRR4982,0.61,5.2,303,284,274.0,True,False,-3.35,52.35,EGVN,LCRA,2026-07-11,139.7
43c5e3:2026-07-16T07:05:29Z,W2_MidWales,other,ZM409,AIRBUS A-400M,A400,RRR4982,1.85,15.7,645,295,266.0,True,False,-3.385,51.881,EGVN,LCRA,2026-07-11,124.9
407046:2026-07-15T18:21:01Z,W2_MidWales,rotorcraft,G-WYDN,AIRBUS HELICOPTERS EC-145,EC45,HLE57,1.93,7.3,249,71,,False,False,-4.55,51.7,,EGFP,2026-07-11,1.5
43c922:2026-07-15T12:20:07Z,W2_MidWales,mil_state,ZM341,BEECHCRAFT T-6 Texan 2,TEX2,VTY92,0.13,1.1,516,516,272.0,False,False,-3.7,52.25,EGOV,,2026-07-11,119.9
43c8d3:2026-07-15T09:46:29Z,W2_MidWales,mil_state,ZM332,BEECHCRAFT T-6 Texan 2,TEX2,VYT80,2.81,27.4,275,158,246.0,False,False,-3.5,52.209,EGOV,EGOV,2026-07-11,132.1
43c8d2:2026-07-15T09:39:02Z,W2_MidWales,mil_state,ZM331,BEECHCRAFT T-6 Texan 2,TEX2,VYT85,2.21,16.0,430,176,225.0,False,False,-3.48,51.98,EGOV,EGOV,2026-07-11,154.4
43c8d2:2026-07-15T09:39:02Z,W2_MidWales,mil_state,ZM331,BEECHCRAFT T-6 Texan 2,TEX2,VYT85,2.74,21.2,337,159,252.0,False,False,-3.375,52.28,EGOV,EGOV,2026-07-11,130.3
408364:2026-07-14T16:20:27Z,W2_MidWales,rotorcraft,,,,GJDSP,2.21,7.4,626,353,105.0,True,False,-3.05,51.925,EGFC,,2026-07-11,53.8
406ff0:2026-07-14T16:18:39Z,W2_MidWales,rotorcraft,G-CIZG,ROBINSON R-66,R66,PIPE68,1.26,4.2,622,622,111.0,True,False,-4.425,51.8,,EGBW,2026-07-11,32.9
406ff0:2026-07-14T16:18:39Z,W2_MidWales,rotorcraft,G-CIZG,ROBINSON R-66,R66,PIPE68,1.67,5.0,584,580,102.0,True,False,-4.267,51.8,,EGBW,2026-07-11,42.9
406ff0:2026-07-14T16:18:39Z,W2_MidWales,rotorcraft,G-CIZG,ROBINSON R-66,R66,PIPE68,1.5,4.9,607,532,100.0,True,False,-3.517,51.9,,EGBW,2026-07-11,95.9
406ff0:2026-07-14T16:18:39Z,W2_MidWales,rotorcraft,G-CIZG,ROBINSON R-66,R66,PIPE68,2.04,6.3,606,603,109.0,True,False,-3.38,51.95,,EGBW,2026-07-11,104.4
43c922:2026-07-14T15:07:52Z,W2_MidWales,mil_state,ZM341,BEECHCRAFT T-6 Texan 2,TEX2,VTY74,1.07,7.9,312,247,244.0,False,False,-4.383,51.933,,EGOV,2026-07-11,2.5
43c922:2026-07-14T15:07:52Z,W2_MidWales,mil_state,ZM341,BEECHCRAFT T-6 Texan 2,TEX2,VTY74,2.4,17.0,337,157,234.0,True,False,-3.367,52.206,,EGOV,2026-07-11,77.5
43c922:2026-07-14T15:07:52Z,W2_MidWales,mil_state,ZM341,BEECHCRAFT T-6 Texan 2,TEX2,VTY74,0.84,6.8,312,287,257.0,False,False,-3.317,52.367,,EGOV,2026-07-11,88.7
40821b:2026-07-14T14:43:51Z,W2_MidWales,rotorcraft,G-LYNJ,BELL 407,B407,GLYNJ,0.77,1.9,687,621,85.0,False,False,-4.35,51.87,,,2026-07-11,0.9
43c922:2026-07-14T14:38:50Z,W2_MidWales,mil_state,ZM341,BEECHCRAFT T-6 Texan 2,TEX2,VTY74,0.46,3.5,355,347,259.0,False,False,-4.45,51.95,EGOV,,2026-07-11,1.6
a063d7:2026-07-14T13:50:00Z,W2_MidWales,rotorcraft,N124PD,HUGHES 500,H500,N124PD,0.45,5.5,589,572,109.0,False,False,-4.15,51.7,,EGKA,2026-07-11,66.1
a063d7:2026-07-14T13:50:00Z,W2_MidWales,rotorcraft,N124PD,HUGHES 500,H500,N124PD,0.17,0.5,287,287,98.0,False,False,-3.05,52.55,,EGKA,2026-07-11,174.2
406ff0:2026-07-14T13:24:46Z,W2_MidWales,rotorcraft,G-CIZG,ROBINSON R-66,R66,PIPE68,0.46,1.5,608,608,130.0,False,False,-4.6,51.75,EGHO,,2026-07-11,28.1
43c8d2:2026-07-14T12:21:09Z,W2_MidWales,mil_state,ZM331,BEECHCRAFT T-6 Texan 2,TEX2,VYT92,0.65,5.0,463,463,267.0,True,False,-3.65,52.1,EGOV,EGOV,2026-07-11,140.5
43c8d2:2026-07-14T12:21:09Z,W2_MidWales,mil_state,ZM331,BEECHCRAFT T-6 Texan 2,TEX2,VYT92,3.46,25.3,392,275,268.0,False,False,-3.606,52.138,EGOV,EGOV,2026-07-11,135.4
43c8d2:2026-07-14T12:21:09Z,W2_MidWales,mil_state,ZM331,BEECHCRAFT T-6 Texan 2,TEX2,VYT92,0.52,3.1,646,646,268.0,False,False,-3.7,52.05,EGOV,EGOV,2026-07-11,139.3
40821b:2026-07-14T09:06:54Z,W2_MidWales,rotorcraft,G-LYNJ,BELL 407,B407,GLYNJ,0.87,3.0,689,689,111.0,False,False,-3.4,51.7,,,2026-07-11,67.9
a063d7:2026-07-14T06:05:32Z,W2_MidWales,rotorcraft,N124PD,HUGHES 500,H500,N124PD,1.25,4.1,399,399,105.0,True,False,-2.95,51.9,,,2026-07-11,31.6
a063d7:2026-07-14T06:05:32Z,W2_MidWales,rotorcraft,N124PD,HUGHES 500,H500,N124PD,1.08,3.8,311,311,105.0,True,False,-3.0,51.95,,,2026-07-11,38.7
43c5e3:2026-07-13T20:19:47Z,W2_MidWales,other,ZM409,AIRBUS A-400M,A400,ASLAN71,0.6,3.6,696,330,183.0,True,True,-4.025,51.95,EGVN,EGVN,2026-07-11,167.1
4071aa:2026-07-13T18:48:49Z,W2_MidWales,rotorcraft,G-WENU,AIRBUS HELICOPTERS EC-145,EC45,HM67,0.09,0.0,185,185,138.0,False,False,-4.1,52.4,EGFC,,2026-07-11,0.0
40821b:2026-07-13T16:19:10Z,W2_MidWales,rotorcraft,G-LYNJ,BELL 407,B407,GLYNJ,0.37,1.0,630,630,90.0,False,False,-3.5,51.7,,,2026-07-11,60.7
40821b:2026-07-13T16:19:10Z,W2_MidWales,rotorcraft,G-LYNJ,BELL 407,B407,GLYNJ,0.85,2.6,562,562,102.0,True,True,-3.75,51.75,,,2026-07-11,44.9
40668c:2026-07-13T13:55:36Z,W2_MidWales,rotorcraft,G-WPDB,AIRBUS HELICOPTERS EC-135/635,EC35,GWPDB,4.84,11.0,76,-38,20.0,False,False,-4.245,51.75,,EGFC,2026-07-11,2.1
43c8f6:2026-07-13T12:20:56Z,W2_MidWales,rotorcraft,ZM528,AIRBUS HELICOPTERS EC-135/635,EC35,SYS41,0.74,2.2,473,473,99.0,False,False,-3.05,52.4,,,2026-07-11,2.1
40668c:2026-07-13T11:11:56Z,W2_MidWales,rotorcraft,G-WPDB,AIRBUS HELICOPTERS EC-135/635,EC35,GWPDB,0.35,1.4,690,690,122.0,False,False,-4.25,51.75,,,2026-07-11,2.0
43c922:2026-07-13T09:27:27Z,W2_MidWales,mil_state,ZM341,BEECHCRAFT T-6 Texan 2,TEX2,VYT72,1.68,11.9,591,360,232.0,False,False,-3.5,52.0,EGOV,EGOV,2026-07-11,152.9
43c922:2026-07-13T09:27:27Z,W2_MidWales,mil_state,ZM341,BEECHCRAFT T-6 Texan 2,TEX2,VYT72,1.59,13.1,292,235,256.0,False,False,-3.29,52.39,EGOV,EGOV,2026-07-11,125.0
347345:2026-07-12T11:26:20Z,W2_MidWales,rotorcraft,EC-NVL,ROBINSON R-66,R66,ECNVL,1.44,10.3,489,273,80.0,False,False,-3.0,52.55,EGNH,,2026-07-11,107.0
347345:2026-07-12T11:26:20Z,W2_MidWales,rotorcraft,EC-NVL,ROBINSON R-66,R66,ECNVL,0.91,14.6,534,464,93.0,True,False,-3.0,51.85,EGNH,,2026-07-11,28.4
40122e:2026-07-12T11:07:44Z,W2_MidWales,rotorcraft,G-SPVK,AEROSPATIALE AS-350 Ecureuil,AS50,GPTRK,0.39,1.7,564,363,122.0,True,False,-3.1,51.85,,EGCV,2026-07-11,29.5
40122e:2026-07-12T11:07:44Z,W2_MidWales,rotorcraft,G-SPVK,AEROSPATIALE AS-350 Ecureuil,AS50,GPTRK,1.48,5.4,690,690,118.0,True,True,-3.45,51.8,,EGCV,2026-07-11,42.6
40122e:2026-07-12T11:07:44Z,W2_MidWales,rotorcraft,G-SPVK,AEROSPATIALE AS-350 Ecureuil,AS50,GPTRK,0.49,1.7,633,633,111.0,True,True,-3.25,51.75,,EGCV,2026-07-11,26.4
404a43:2026-07-11T11:15:33Z,W2_MidWales,civ_ga,G-JFRV,VANS RV-7,RV7,GJFRV,0.2,0.9,676,676,124.0,True,True,-4.3,51.8,,EGFE,2026-07-11,43.6
407d0c:2026-07-11T09:27:34Z,W2_MidWales,civ_ga,G-CMEL,BEST OFF Nynja,NNJA,GCMEL,1.78,15.6,11,-14,72.0,False,False,-4.533,51.7,,,2026-07-11,32.7
4047b7:2026-07-11T09:26:00Z,W2_MidWales,civ_ga,G-CBRX,ZENAIR CH-600 Zodiac,CH60,GCBRX,2.1,17.5,312,-13,90.0,False,False,-4.562,51.7,,,2026-07-11,31.9
43c8d0:2026-07-31T15:13:43Z,W2_MidWales,mil_state,ZM329,BEECHCRAFT T-6 Texan 2,TEX2,VYT75,5.42,41.9,423,219,240.0,False,False,-3.4,52.328,EGOV,EGOV,2026-07-25,124.7
406e1b:2026-07-31T11:46:19Z,W2_MidWales,rotorcraft,G-WPDE,AIRBUS HELICOPTERS EC-135/635,EC35,ELE24,0.84,2.5,677,477,98.0,False,False,-4.55,51.8,,,2026-07-25,1.1
406e1b:2026-07-31T11:20:05Z,W2_MidWales,rotorcraft,G-WPDE,AIRBUS HELICOPTERS EC-135/635,EC35,ELE24,1.32,5.0,643,583,123.0,False,False,-4.475,51.95,,,2026-07-25,3.0
43c8ef:2026-07-31T10:47:01Z,W2_MidWales,rotorcraft,ZM521,AIRBUS HELICOPTERS EC-135/635,EC35,SYS131,0.3,1.0,201,71,104.0,False,False,-3.25,52.45,EGOS,EGOS,2026-07-25,52.7
43c8d2:2026-07-31T10:35:24Z,W2_MidWales,mil_state,ZM331,BEECHCRAFT T-6 Texan 2,TEX2,WINDR02,0.57,4.6,326,315,278.0,False,False,-3.58,52.35,,,2026-07-25,73.2
43c8d2:2026-07-31T10:35:24Z,W2_MidWales,mil_state,ZM331,BEECHCRAFT T-6 Texan 2,TEX2,WINDR02,0.46,3.5,418,324,241.0,False,False,-3.45,52.4,,,2026-07-25,73.5
43c8d2:2026-07-31T10:35:24Z,W2_MidWales,mil_state,ZM331,BEECHCRAFT T-6 Texan 2,TEX2,WINDR02,0.57,4.5,633,417,268.0,False,False,-3.45,52.492,,,2026-07-25,66.3
43c8d0:2026-07-31T10:32:24Z,W2_MidWales,mil_state,ZM329,BEECHCRAFT T-6 Texan 2,TEX2,VYT69,1.99,14.8,362,252,247.0,False,False,-3.45,52.242,EGOV,EGOV,2026-07-25,129.7
43c8d0:2026-07-31T10:32:24Z,W2_MidWales,mil_state,ZM329,BEECHCRAFT T-6 Texan 2,TEX2,VYT69,1.71,13.0,456,220,245.0,False,False,-3.45,52.471,EGOV,EGOV,2026-07-25,108.9
43c924:2026-07-31T09:59:16Z,W2_MidWales,mil_state,ZM343,BEECHCRAFT T-6 Texan 2,TEX2,WINDR1,1.29,10.3,490,387,259.0,False,False,-3.587,52.35,EGOV,EGOV,2026-07-25,112.4
43c924:2026-07-31T09:59:16Z,W2_MidWales,mil_state,ZM343,BEECHCRAFT T-6 Texan 2,TEX2,WINDR1,1.57,11.8,531,357,242.0,False,False,-3.45,52.483,EGOV,EGOV,2026-07-25,106.8
407045:2026-07-31T09:49:45Z,W2_MidWales,rotorcraft,G-LOYW,AIRBUS HELICOPTERS EC-145,EC45,HLE61,0.43,1.3,479,479,91.0,False,False,-3.4,52.5,,EGCK,2026-07-25,0.5
408162:2026-07-30T21:00:20Z,W2_MidWales,rotorcraft,G-RESH,AGUSTA AW-139,A139,SRG387,0.46,1.6,569,569,91.0,True,True,-3.55,51.85,,EGCB,2026-07-25,10.6
408162:2026-07-30T21:00:20Z,W2_MidWales,rotorcraft,G-RESH,AGUSTA AW-139,A139,SRG387,2.0,1.6,291,142,91.0,True,True,-3.464,51.85,,EGCB,2026-07-25,14.2
406343:2026-07-30T17:24:13Z,W2_MidWales,other,G-NWOI,AIRBUS HELICOPTERS EC-135/635,EC35,UKPOL32,1.51,16.2,617,396,68.0,False,False,-3.157,51.7,,EGSY,2026-07-25,35.4
406343:2026-07-30T17:24:13Z,W2_MidWales,other,G-NWOI,AIRBUS HELICOPTERS EC-135/635,EC35,UKPOL32,0.1,1.6,618,618,90.0,False,False,-3.2,51.7,,EGSY,2026-07-25,33.7
4071aa:2026-07-30T16:40:30Z,W2_MidWales,rotorcraft,G-WENU,AIRBUS HELICOPTERS EC-145,EC45,HM67,3.0,13.3,451,451,132.0,True,True,-3.2,51.85,,,2026-07-25,17.9
4071aa:2026-07-30T15:33:17Z,W2_MidWales,rotorcraft,G-WENU,AIRBUS HELICOPTERS EC-145,EC45,HM67,1.19,4.7,628,628,126.0,True,True,-3.15,51.75,EGFC,,2026-07-25,34.1
4071aa:2026-07-30T15:33:17Z,W2_MidWales,rotorcraft,G-WENU,AIRBUS HELICOPTERS EC-145,EC45,HM67,0.27,1.0,667,667,100.0,True,True,-3.15,51.9,EGFC,,2026-07-25,22.1
43c922:2026-07-30T15:17:38Z,W2_MidWales,mil_state,ZM341,BEECHCRAFT T-6 Texan 2,TEX2,VYT85,0.11,0.9,508,421,267.0,False,False,-3.35,52.4,EGOV,EGOV,2026-07-25,118.3
43c922:2026-07-30T15:17:38Z,W2_MidWales,mil_state,ZM341,BEECHCRAFT T-6 Texan 2,TEX2,VYT85,2.81,21.2,426,229,256.0,True,False,-3.386,52.186,EGOV,EGOV,2026-07-25,136.6
43c922:2026-07-30T15:17:38Z,W2_MidWales,mil_state,ZM341,BEECHCRAFT T-6 Texan 2,TEX2,VYT85,0.14,1.1,530,530,252.0,True,False,-3.55,52.15,EGOV,EGOV,2026-07-25,135.7
406e1b:2026-07-30T14:30:52Z,W2_MidWales,rotorcraft,G-WPDE,AIRBUS HELICOPTERS EC-135/635,EC35,ELE24,5.29,16.9,175,3,27.0,False,False,-4.319,51.775,,,2026-07-25,2.0
43c8e5:2026-07-30T14:07:26Z,W2_MidWales,rotorcraft,ZM511,AIRBUS HELICOPTERS EC-135/635,EC35,SYS90,0.77,1.8,570,570,81.0,True,False,-3.0,52.5,EGOS,EGOS,2026-07-25,36.0
43c922:2026-07-30T10:14:00Z,W2_MidWales,mil_state,ZM341,BEECHCRAFT T-6 Texan 2,TEX2,VYT60,6.17,46.0,416,210,254.0,False,False,-3.438,52.238,EGOV,EGOV,2026-07-25,131.3
407046:2026-07-30T07:54:19Z,W2_MidWales,rotorcraft,G-WYDN,AIRBUS HELICOPTERS EC-145,EC45,HLE57,3.9,18.9,555,476,,False,False,-4.517,51.783,,,2026-07-25,17.4
43c922:2026-07-29T15:10:04Z,W2_MidWales,mil_state,ZM341,BEECHCRAFT T-6 Texan 2,TEX2,SWIFT02,0.44,3.3,171,171,244.0,False,False,-3.75,52.05,,,2026-07-25,127.2
43c922:2026-07-29T15:10:04Z,W2_MidWales,mil_state,ZM341,BEECHCRAFT T-6 Texan 2,TEX2,SWIFT02,2.25,17.1,478,230,243.0,False,False,-3.592,52.15,,,2026-07-25,123.6
43c8d2:2026-07-29T15:05:47Z,W2_MidWales,mil_state,ZM331,BEECHCRAFT T-6 Texan 2,TEX2,SWIFT1,0.15,1.2,202,202,253.0,False,False,-3.7,52.05,EGOV,EGOV,2026-07-25,140.0
43c8d2:2026-07-29T15:05:47Z,W2_MidWales,mil_state,ZM331,BEECHCRAFT T-6 Texan 2,TEX2,SWIFT1,2.41,15.7,353,213,258.0,False,False,-3.6,52.15,EGOV,EGOV,2026-07-25,134.7
43c924:2026-07-29T14:05:01Z,W2_MidWales,mil_state,ZM343,BEECHCRAFT T-6 Texan 2,TEX2,VYT90,0.58,9.2,479,388,256.0,False,False,-4.25,51.767,EGDY,EGOV,2026-07-25,140.1
43c940:2026-07-29T11:39:26Z,W2_MidWales,rotorcraft,ZM718,Boeing AH-64E Apache,H64,AAC606,0.69,2.7,92,92,125.0,False,False,-3.3,52.35,,EGCV,2026-07-25,50.7
43c940:2026-07-29T11:39:26Z,W2_MidWales,rotorcraft,ZM718,Boeing AH-64E Apache,H64,AAC606,0.22,0.8,226,146,117.0,False,False,-3.35,52.4,,EGCV,2026-07-25,58.6
404acc:2026-07-29T11:03:42Z,W2_MidWales,other,G-PDGP,AEROSPATIALE AS-355 Ecureuil 2,AS55,PDG60,0.61,6.4,486,403,,False,False,-3.15,51.7,,,2026-07-25,5.0
404acc:2026-07-29T11:03:42Z,W2_MidWales,other,G-PDGP,AEROSPATIALE AS-355 Ecureuil 2,AS55,PDG60,1.47,13.1,393,59,1903.0,True,False,-3.13,51.7,,,2026-07-25,7.4
407046:2026-07-29T10:59:27Z,W2_MidWales,rotorcraft,G-WYDN,AIRBUS HELICOPTERS EC-145,EC45,HLE57,1.3,4.9,607,456,126.0,False,False,-4.2,51.75,,,2026-07-25,2.1
407046:2026-07-29T10:59:27Z,W2_MidWales,rotorcraft,G-WYDN,AIRBUS HELICOPTERS EC-145,EC45,HLE57,1.11,4.3,638,379,126.0,False,False,-4.25,51.775,,,2026-07-25,2.8
406ff0:2026-07-29T10:58:29Z,W2_MidWales,rotorcraft,G-CIZG,ROBINSON R-66,R66,PIPE68,1.38,4.5,625,625,104.0,True,True,-4.438,51.8,EGBO,EGBW,2026-07-25,165.5
43c924:2026-07-29T10:48:13Z,W2_MidWales,mil_state,ZM343,BEECHCRAFT T-6 Texan 2,TEX2,VYT90,0.15,1.1,583,583,249.0,False,False,-4.0,51.7,EGOV,EGDY,2026-07-25,123.2
43c924:2026-07-29T10:48:13Z,W2_MidWales,mil_state,ZM343,BEECHCRAFT T-6 Texan 2,TEX2,VYT90,1.15,8.1,571,559,244.0,False,False,-3.817,51.7,EGOV,EGDY,2026-07-25,114.8
404e70:2026-07-29T10:34:57Z,W2_MidWales,civ_ga,G-KCIN,PIPER PA-28-140/150/160/180,P28A,GKCIN,0.48,1.4,592,592,100.0,False,False,-3.0,52.55,EGLD,EGCW,2026-07-25,14.0
43c922:2026-07-29T10:09:17Z,W2_MidWales,mil_state,ZM341,BEECHCRAFT T-6 Texan 2,TEX2,SWIFT01,3.1,24.5,460,174,252.0,False,False,-3.446,52.217,EGOV,EGOV,2026-07-25,134.2
406e1b:2026-07-29T09:31:31Z,W2_MidWales,rotorcraft,G-WPDE,AIRBUS HELICOPTERS EC-135/635,EC35,ELE24,0.19,0.6,425,425,126.0,False,False,-4.5,51.95,,,2026-07-25,30.9
406e1b:2026-07-29T09:31:31Z,W2_MidWales,rotorcraft,G-WPDE,AIRBUS HELICOPTERS EC-135/635,EC35,ELE24,0.61,1.7,304,304,126.0,False,False,-4.55,51.95,,,2026-07-25,27.8
43c8d0:2026-07-29T07:39:11Z,W2_MidWales,mil_state,ZM329,BEECHCRAFT T-6 Texan 2,TEX2,RCKT1,2.13,17.1,449,246,262.0,False,False,-3.43,52.22,EGOV,,2026-07-25,104.6
43c8cb:2026-07-28T15:16:40Z,W2_MidWales,mil_state,ZM324,BEECHCRAFT T-6 Texan 2,TEX2,RCKT1,2.66,20.5,588,246,251.0,False,False,-3.525,52.164,EGOV,EGOV,2026-07-25,136.0
43c8cb:2026-07-28T15:16:40Z,W2_MidWales,mil_state,ZM324,BEECHCRAFT T-6 Texan 2,TEX2,RCKT1,3.02,24.9,365,204,269.0,False,False,-3.37,52.263,EGOV,EGOV,2026-07-25,132.9
408162:2026-07-28T15:03:39Z,W2_MidWales,rotorcraft,G-RESH,AGUSTA AW-139,A139,SRD387,1.29,4.4,327,310,105.0,True,False,-3.333,51.8,,EGSY,2026-07-25,4.6
408162:2026-07-28T14:39:23Z,W2_MidWales,rotorcraft,G-RESH,AGUSTA AW-139,A139,SRD387,1.29,3.4,502,232,85.0,False,False,-3.525,51.85,,,2026-07-25,3.9
408162:2026-07-28T13:42:41Z,W2_MidWales,rotorcraft,G-RESH,AGUSTA AW-139,A139,SRD387,1.72,6.8,522,522,128.0,False,False,-3.45,51.7,EGSY,,2026-07-25,18.1
408162:2026-07-28T13:42:41Z,W2_MidWales,rotorcraft,G-RESH,AGUSTA AW-139,A139,SRD387,0.9,3.0,678,678,122.0,True,False,-3.5,51.8,EGSY,,2026-07-25,7.9
43c921:2026-07-28T12:41:41Z,W2_MidWales,mil_state,ZM340,BEECHCRAFT T-6 Texan 2,TEX2,VYT97,2.21,15.9,583,234,232.0,False,False,-3.515,52.177,EGOV,,2026-07-25,105.6
43c921:2026-07-28T12:41:41Z,W2_MidWales,mil_state,ZM340,BEECHCRAFT T-6 Texan 2,TEX2,VYT97,3.57,28.4,482,222,237.0,False,False,-3.383,52.258,EGOV,,2026-07-25,98.5
43c8cb:2026-07-28T12:40:32Z,W2_MidWales,mil_state,ZM324,BEECHCRAFT T-6 Texan 2,TEX2,VYT67,3.6,28.6,303,141,258.0,False,False,-3.415,52.28,EGOV,EGOV,2026-07-25,130.4
406ff0:2026-07-28T11:16:15Z,W2_MidWales,rotorcraft,G-CIZG,ROBINSON R-66,R66,PIPE68,0.21,0.8,644,644,119.0,False,False,-3.55,51.9,,EGFC,2026-07-25,0.4
406ff0:2026-07-28T11:16:15Z,W2_MidWales,rotorcraft,G-CIZG,ROBINSON R-66,R66,PIPE68,0.49,1.8,655,655,112.0,True,False,-3.15,51.8,,EGFC,2026-07-25,28.2
406ff0:2026-07-28T11:16:15Z,W2_MidWales,rotorcraft,G-CIZG,ROBINSON R-66,R66,PIPE68,0.29,1.1,513,513,112.0,False,False,-3.1,51.7,,EGFC,2026-07-25,31.1
43c8f6:2026-07-28T10:16:32Z,W2_MidWales,rotorcraft,ZM528,AIRBUS HELICOPTERS EC-135/635,EC35,AFGHAN2,0.54,2.1,376,363,100.0,False,False,-2.95,52.55,,,2026-07-25,7.0
406ff0:2026-07-28T10:01:41Z,W2_MidWales,rotorcraft,G-CIZG,ROBINSON R-66,R66,PIPE68,0.97,3.1,528,528,91.0,True,False,-3.4,51.95,EGBO,,2026-07-25,15.6
406ff0:2026-07-28T10:01:41Z,W2_MidWales,rotorcraft,G-CIZG,ROBINSON R-66,R66,PIPE68,2.52,7.7,520,469,98.0,False,False,-3.5,51.9,EGBO,,2026-07-25,8.1
43c922:2026-07-27T13:40:19Z,W2_MidWales,mil_state,ZM341,BEECHCRAFT T-6 Texan 2,TEX2,VYT79,1.34,10.2,429,297,253.0,False,False,-4.225,51.75,EGTE,EGOV,2026-07-25,127.3
43c922:2026-07-27T13:40:19Z,W2_MidWales,mil_state,ZM341,BEECHCRAFT T-6 Texan 2,TEX2,VYT79,1.34,20.6,344,256,261.0,False,False,-3.471,52.214,EGTE,EGOV,2026-07-25,136.7
402ca4:2026-07-26T07:33:13Z,W2_MidWales,other,G-XBOX,BELL 206 JetRanger,B06,NHL09,0.47,9.3,324,143,84.0,True,False,-3.138,51.713,,,2026-07-25,9.2
402ca4:2026-07-26T07:33:13Z,W2_MidWales,other,G-XBOX,BELL 206 JetRanger,B06,NHL09,0.43,7.6,398,398,84.0,False,False,-3.15,51.7,,,2026-07-25,6.9
402ca4:2026-07-26T07:33:13Z,W2_MidWales,other,G-XBOX,BELL 206 JetRanger,B06,NHL09,0.31,1.7,671,588,84.0,False,False,-3.25,51.7,,,2026-07-25,1.5
407046:2026-07-25T14:29:56Z,W2_MidWales,rotorcraft,G-WYDN,AIRBUS HELICOPTERS EC-145,EC45,HLE57,0.45,1.9,563,563,136.0,False,False,-4.35,51.95,,,2026-07-25,0.9
43c955:2026-07-25T13:07:13Z,W2_MidWales,rotorcraft,ZM739,MCDONNELL DOUGLAS AH-64 Apache,H64,MACHETE1,2.05,8.7,358,309,93.0,True,False,-3.133,51.7,EGBJ,EGVP,2026-07-25,67.7
4071ab:2026-07-25T09:38:00Z,W2_MidWales,rotorcraft,G-WOBR,AIRBUS HELICOPTERS EC-145,EC45,HLE59,2.23,7.7,683,666,105.0,False,False,-3.2,52.4,,,2026-07-25,5.7
