flight_id,region,day,icao_type,callsign,t_start,t_end,duration,median_qnh,median_track,mag_course,level_type,level_value,correct,near_squawk_change,near_boundary
a67901:2026-01-14T18:59:54Z,florida,2026-01-14,P28A,N516PC,1768417801.67,1768418635.43,833.8,5040.2,184.0,191.0,IFR_level,5000,,False,False
a67901:2026-01-14T18:59:54Z,florida,2026-01-14,P28A,N516PC,1768428131.41,1768429765.67,1634.3,5540.2,10.0,17.0,VFR_level,5500,True,False,False
ad4f1c:2026-01-14T18:46:01Z,florida,2026-01-14,C172,ERU957,1768419526.79,1768419823.93,297.1,4474.4,289.0,296.0,VFR_level,4500,True,True,False
a4ee93:2026-01-14T18:43:21Z,florida,2026-01-14,PA44,EPI684,1768419103.92,1768419375.31,271.4,4671.1,249.0,256.0,off_level,,,False,False
a4ee93:2026-01-14T18:43:21Z,florida,2026-01-14,PA44,EPI684,1768419560.75,1768419961.3,400.5,4621.1,249.0,256.0,VFR_level,4500,True,False,False
a06089:2026-01-14T18:30:08Z,florida,2026-01-14,PA44,N123TJ,1768416478.98,1768416671.49,192.5,4513.6,121.0,128.0,VFR_level,4500,False,True,False
a06089:2026-01-14T18:30:08Z,florida,2026-01-14,PA44,N123TJ,1768417493.32,1768417686.59,193.3,3913.6,277.0,284.0,IFR_level,4000,,True,False
a916cc:2026-01-14T18:26:50Z,florida,2026-01-14,P28A,LFA542,1768416463.53,1768416706.62,243.1,3514.3,173.0,180.0,VFR_level,3500,False,True,True
a916cc:2026-01-14T18:26:50Z,florida,2026-01-14,P28A,LFA542,1768416889.11,1768417267.77,378.7,3464.3,0.0,7.0,VFR_level,3500,True,True,False
a9ef40:2026-01-14T18:21:26Z,florida,2026-01-14,C210,N7393E,1768414886.44,1768415264.1,377.7,4557.1,154.0,161.0,VFR_level,4500,False,False,False
a9ef40:2026-01-14T18:21:26Z,florida,2026-01-14,C210,N7393E,1768415499.38,1768416407.47,908.1,4557.1,154.0,161.0,VFR_level,4500,False,False,False
a9ef40:2026-01-14T18:21:26Z,florida,2026-01-14,C210,N7393E,1768416721.12,1768417180.57,459.5,4457.1,154.0,161.0,VFR_level,4500,False,False,False
a6378d:2026-01-14T18:10:20Z,florida,2026-01-14,BE58,N5ZR,1768414657.27,1768414965.54,308.3,7990.3,316.0,323.0,IFR_level,8000,,True,False
ad96e2:2026-01-14T18:09:29Z,florida,2026-01-14,P06T,N975GV,1768414859.37,1768417017.02,2157.7,4528.3,174.0,181.0,VFR_level,4500,True,False,True
ad96e2:2026-01-14T18:09:29Z,florida,2026-01-14,P06T,N975GV,1768418207.35,1768419243.59,1036.2,5503.3,174.0,181.0,VFR_level,5500,False,False,True
ad96e2:2026-01-14T18:09:29Z,florida,2026-01-14,P06T,N975GV,1768419484.06,1768419842.37,358.3,3553.3,174.0,181.0,VFR_level,3500,False,False,True
ac2d25:2026-01-14T18:08:40Z,florida,2026-01-14,C172,ERU884,1768415949.29,1768416149.55,200.3,3509.8,243.0,250.0,VFR_level,3500,False,True,False
a741dd:2026-01-14T18:07:55Z,florida,2026-01-14,C152,N567KS,1768414433.52,1768414710.98,277.5,3470.7,64.0,71.0,VFR_level,3500,True,False,False
a741dd:2026-01-14T18:07:55Z,florida,2026-01-14,C152,N567KS,1768414734.55,1768415074.23,339.7,3270.7,64.0,71.0,off_level,,,False,False
a741dd:2026-01-14T18:07:55Z,florida,2026-01-14,C152,N567KS,1768415619.31,1768415984.71,365.4,3270.7,64.0,71.0,off_level,,,False,False
a94202:2026-01-14T18:07:09Z,florida,2026-01-14,P28A,LFA553,1768416370.63,1768416552.83,182.2,4219.5,221.0,228.0,off_level,,,True,False
acf948:2026-01-14T18:04:47Z,florida,2026-01-14,PA44,LFA688,1768415951.51,1768416147.1,195.6,4320.2,12.0,19.0,off_level,,,True,False
a0e40a:2026-01-14T18:01:31Z,florida,2026-01-14,BE58,N15688,1768415881.65,1768416135.18,253.5,4491.9,333.0,340.0,VFR_level,4500,True,False,False
a0e40a:2026-01-14T18:01:31Z,florida,2026-01-14,BE58,N15688,1768416200.29,1768416799.05,598.8,4466.9,334.0,341.0,VFR_level,4500,True,False,False
a0e40a:2026-01-14T18:01:31Z,florida,2026-01-14,BE58,N15688,1768416861.58,1768418508.44,1646.9,4461.8,345.0,352.0,VFR_level,4500,True,False,False
a639e2:2026-01-14T18:00:11Z,florida,2026-01-14,PA34,N50ZM,1768414791.49,1768415126.41,334.9,4462.4,28.0,35.0,VFR_level,4500,False,False,False
a79b55:2026-01-14T17:54:23Z,florida,2026-01-14,PA44,N59CW,1768414343.56,1768414623.53,280.0,4996.0,14.0,21.0,IFR_level,5000,,False,False
aa13dc:2026-01-14T17:52:53Z,florida,2026-01-14,C172,N7489G,1768413173.71,1768413518.54,344.8,4499.3,357.0,4.0,VFR_level,4500,False,False,False
aa13dc:2026-01-14T17:52:53Z,florida,2026-01-14,C172,N7489G,1768414035.67,1768417088.1,3052.4,4469.2,11.0,18.0,VFR_level,4500,False,False,False
aa13dc:2026-01-14T17:52:53Z,florida,2026-01-14,C172,N7489G,1768417412.68,1768417661.48,248.8,4569.2,194.0,201.0,VFR_level,4500,True,False,False
adeca0:2026-01-14T17:46:57Z,florida,2026-01-14,C172,N99697,1768413112.22,1768413310.62,198.4,3506.5,172.0,179.0,VFR_level,3500,True,False,True
a85e61:2026-01-14T17:46:14Z,florida,2026-01-14,T206,N6384J,1768418525.37,1768420059.28,1533.9,4476.6,169.0,176.0,VFR_level,4500,False,True,False
a2176e:2026-01-14T17:44:15Z,florida,2026-01-14,SF50,N234AT,1768412916.28,1768413465.99,549.7,10439.3,325.0,332.0,VFR_level,10500,True,False,False
a49dfd:2026-01-14T17:38:21Z,florida,2026-01-14,PC12,N397NG,1768412829.96,1768413779.3,949.3,15449.6,226.0,233.0,VFR_level,15500,False,False,False
a31076:2026-01-14T17:37:53Z,florida,2026-01-14,DA40,N297LA,1768412845.22,1768413649.9,804.7,4463.8,269.0,276.0,VFR_level,4500,True,True,False
a08b2b:2026-01-14T17:36:17Z,florida,2026-01-14,PA44,LFA682,1768412438.25,1768412926.17,487.9,3499.7,112.0,119.0,VFR_level,3500,True,True,False
a08b2b:2026-01-14T17:36:17Z,florida,2026-01-14,PA44,LFA682,1768412962.05,1768413191.37,229.3,3474.7,130.0,137.0,VFR_level,3500,True,True,False
a936dd:2026-01-14T17:32:44Z,florida,2026-01-14,P28A,LFA550,1768413025.27,1768413483.96,458.7,4435.4,301.0,308.0,VFR_level,4500,True,True,False
a4d2b2:2026-01-14T17:30:18Z,florida,2026-01-14,AEST,N41KK,1768413079.38,1768413779.29,699.9,3725.1,172.0,179.0,off_level,,,False,True
a0179b:2026-01-14T17:29:01Z,florida,2026-01-14,P28A,N105DJ,1768414692.95,1768414892.41,199.5,3536.8,57.0,64.0,VFR_level,3500,True,True,False
ac5b48:2026-01-14T17:28:33Z,florida,2026-01-14,C172,N8957V,1768416612.7,1768417392.75,780.0,4453.7,164.0,171.0,VFR_level,4500,False,False,False
ac5b48:2026-01-14T17:28:33Z,florida,2026-01-14,C172,N8957V,1768417413.1,1768417664.16,251.1,4853.7,164.0,171.0,IFR_level,5000,,False,False
ac5b48:2026-01-14T17:28:33Z,florida,2026-01-14,C172,N8957V,1768418135.59,1768418494.75,359.2,5953.7,164.0,171.0,IFR_level,6000,,False,False
a618b6:2026-01-14T17:28:04Z,florida,2026-01-14,PA44,N492ND,1768413241.84,1768413520.56,278.7,5372.7,334.0,341.0,VFR_level,5500,False,True,False
a3fa01:2026-01-14T17:25:18Z,florida,2026-01-14,C172,N3552C,1768412986.36,1768413180.45,194.1,3494.5,101.0,108.0,VFR_level,3500,True,False,False
a38c7c:2026-01-14T17:23:06Z,florida,2026-01-14,DA42,ERU328,1768411800.21,1768412521.22,721.0,4501.7,246.0,253.0,VFR_level,4500,True,True,False
a38c7c:2026-01-14T17:23:06Z,florida,2026-01-14,DA42,ERU328,1768412897.44,1768413078.54,181.1,4476.7,246.0,253.0,VFR_level,4500,True,True,False
a38c7c:2026-01-14T17:23:06Z,florida,2026-01-14,DA42,ERU328,1768413685.02,1768413865.41,180.4,4976.7,246.0,253.0,IFR_level,5000,,True,False
a6a6db:2026-01-14T17:20:59Z,florida,2026-01-14,AA5,N528CC,1768411594.02,1768411843.06,249.0,3133.5,157.0,164.0,IFR_level,3000,,False,False
a6a6db:2026-01-14T17:20:59Z,florida,2026-01-14,AA5,N528CC,1768413211.18,1768415143.06,1931.9,11472.0,157.0,164.0,VFR_level,11500,True,False,False
a6a6db:2026-01-14T17:20:59Z,florida,2026-01-14,AA5,N528CC,1768415219.85,1768418114.57,2894.7,11472.0,157.0,164.0,VFR_level,11500,True,True,False
aa072a:2026-01-14T17:17:30Z,florida,2026-01-14,C182,N745X,1768411429.1,1768412939.13,1510.0,6529.7,6.0,13.0,VFR_level,6500,False,False,False
a194bf:2026-01-14T17:13:39Z,florida,2026-01-14,C172,N20025,1768412830.72,1768413025.01,194.3,5397.9,324.5,331.5,VFR_level,5500,False,True,False
a194bf:2026-01-14T17:13:39Z,florida,2026-01-14,C172,N20025,1768413801.48,1768414121.73,320.2,5397.9,315.0,322.0,VFR_level,5500,False,True,False
a69cb1:2026-01-14T17:00:30Z,florida,2026-01-14,C172,LFA313,1768410993.02,1768411182.63,189.6,4452.3,314.0,321.0,VFR_level,4500,True,True,False
a718e0:2026-01-14T17:00:01Z,florida,2026-01-14,DA42,N5566A,1768410815.3,1768411005.16,189.9,4982.3,248.0,255.0,IFR_level,5000,,True,False
a7936a:2026-02-21T18:59:59Z,florida,2026-02-21,BE35,N5878S,1771701423.49,1771701630.75,207.3,6466.3,315.0,322.0,VFR_level,6500,True,True,False
a7936a:2026-02-21T18:59:59Z,florida,2026-02-21,BE35,N5878S,1771702246.52,1771702533.78,287.3,6466.3,112.0,119.0,VFR_level,6500,False,True,False
a7936a:2026-02-21T18:59:59Z,florida,2026-02-21,BE35,N5878S,1771702736.5,1771702951.05,214.5,6466.3,109.0,116.0,VFR_level,6500,False,True,False
a7936a:2026-02-21T18:59:59Z,florida,2026-02-21,BE35,N5878S,1771703011.24,1771703470.07,458.8,6466.3,260.0,267.0,VFR_level,6500,True,True,False
a7936a:2026-02-21T18:59:59Z,florida,2026-02-21,BE35,N5878S,1771703589.73,1771703857.37,267.6,6466.3,353.0,0.0,VFR_level,6500,False,False,True
a7936a:2026-02-21T18:59:59Z,florida,2026-02-21,BE35,N5878S,1771704196.34,1771704428.37,232.0,6466.3,193.0,200.0,VFR_level,6500,True,False,False
a7936a:2026-02-21T18:59:59Z,florida,2026-02-21,BE35,N5878S,1771704474.07,1771704866.07,392.0,6466.3,28.0,35.0,VFR_level,6500,False,False,False
a639e2:2026-02-21T18:59:39Z,florida,2026-02-21,PA34,N50ZM,1771700822.11,1771701065.56,243.5,3467.5,111.0,118.0,VFR_level,3500,True,False,False
a639e2:2026-02-21T18:59:39Z,florida,2026-02-21,PA34,N50ZM,1771701484.53,1771701745.59,261.1,3567.5,111.0,118.0,VFR_level,3500,True,False,False
a639e2:2026-02-21T18:59:39Z,florida,2026-02-21,PA34,N50ZM,1771701764.8,1771701982.15,217.4,3467.5,111.0,118.0,VFR_level,3500,True,False,False
a639e2:2026-02-21T18:59:39Z,florida,2026-02-21,PA34,N50ZM,1771702009.03,1771702198.74,189.7,3467.5,111.0,118.0,VFR_level,3500,True,False,False
a639e2:2026-02-21T18:59:39Z,florida,2026-02-21,PA34,N50ZM,1771702302.91,1771702526.1,223.2,3567.5,111.0,118.0,VFR_level,3500,True,False,False
ab9e05:2026-02-21T18:57:18Z,florida,2026-02-21,C172,ERU848,1771703138.49,1771704684.22,1545.7,4448.1,322.5,329.5,VFR_level,4500,True,True,False
ab9e05:2026-02-21T18:57:18Z,florida,2026-02-21,C172,ERU848,1771704923.63,1771705662.4,738.8,4498.1,41.0,48.0,VFR_level,4500,False,True,False
a00e7b:2026-02-21T18:55:16Z,florida,2026-02-21,M20P,N1020A,1771700413.57,1771701036.95,623.4,5483.9,18.0,25.0,VFR_level,5500,True,False,False
a00e7b:2026-02-21T18:55:16Z,florida,2026-02-21,M20P,N1020A,1771701171.69,1771702411.72,1240.0,4483.9,344.0,351.0,VFR_level,4500,True,False,False
a3af65:2026-02-21T18:54:43Z,florida,2026-02-21,PA32,N33669,1771700497.89,1771700778.23,280.3,4517.5,319.0,326.0,VFR_level,4500,True,False,False
a4ef66:2026-02-21T18:51:54Z,florida,2026-02-21,P32R,N417P,1771701117.19,1771701408.99,291.8,5488.3,174.0,181.0,VFR_level,5500,False,False,True
a4ef66:2026-02-21T18:51:54Z,florida,2026-02-21,P32R,N417P,1771701417.65,1771702033.62,616.0,5488.3,149.0,156.0,VFR_level,5500,True,False,False
a4ef66:2026-02-21T18:51:54Z,florida,2026-02-21,P32R,N417P,1771702455.19,1771702640.86,185.7,5488.3,134.0,141.0,VFR_level,5500,True,False,False
a364fd:2026-02-21T18:50:05Z,florida,2026-02-21,DA42,ERU318,1771700275.04,1771700487.94,212.9,4684.3,228.0,235.0,off_level,,,True,False
a364fd:2026-02-21T18:50:05Z,florida,2026-02-21,DA42,ERU318,1771700714.49,1771700924.47,210.0,4334.3,228.0,235.0,off_level,,,True,False
a364fd:2026-02-21T18:50:05Z,florida,2026-02-21,DA42,ERU318,1771700951.01,1771701426.18,475.2,4259.3,228.0,235.0,off_level,,,True,False
a053ff:2026-02-21T18:49:44Z,florida,2026-02-21,BE36,N120DB,1771700509.43,1771701985.03,1475.6,8490.9,317.0,324.0,VFR_level,8500,True,False,False
a053ff:2026-02-21T18:49:44Z,florida,2026-02-21,BE36,N120DB,1771702062.66,1771702738.67,676.0,8485.0,331.0,338.0,VFR_level,8500,True,False,False
a053ff:2026-02-21T18:49:44Z,florida,2026-02-21,BE36,N120DB,1771702896.43,1771703961.54,1065.1,8460.0,331.0,338.0,VFR_level,8500,True,False,False
a053ff:2026-02-21T18:49:44Z,florida,2026-02-21,BE36,N120DB,1771704094.63,1771707777.4,3682.8,9460.0,331.0,338.0,VFR_level,9500,False,False,False
a053ff:2026-02-21T18:49:44Z,florida,2026-02-21,BE36,N120DB,1771708016.32,1771708728.51,712.2,11470.4,330.0,337.0,VFR_level,11500,False,False,False
a053ff:2026-02-21T18:49:44Z,florida,2026-02-21,BE36,N120DB,1771708778.04,1771708960.91,182.9,11470.4,315.0,322.0,VFR_level,11500,False,False,False
a053ff:2026-02-21T18:49:44Z,florida,2026-02-21,BE36,N120DB,1771709322.86,1771710034.15,711.3,12470.4,34.0,41.0,VFR_level,12500,False,False,False
a053ff:2026-02-21T18:49:44Z,florida,2026-02-21,BE36,N120DB,1771710266.28,1771710804.74,538.5,13470.4,34.0,41.0,VFR_level,13500,True,False,False
a053ff:2026-02-21T18:49:44Z,florida,2026-02-21,BE36,N120DB,1771710894.47,1771711125.09,230.6,12920.4,34.0,41.0,IFR_level,13000,,False,False
a053ff:2026-02-21T18:49:44Z,florida,2026-02-21,BE36,N120DB,1771711552.53,1771713331.39,1778.9,11495.4,34.0,41.0,VFR_level,11500,True,True,False
a5ef37:2026-02-21T18:47:10Z,florida,2026-02-21,C172,N4814C,1771700113.89,1771700533.13,419.2,3492.4,300.0,307.0,VFR_level,3500,False,False,False
a5ef37:2026-02-21T18:47:10Z,florida,2026-02-21,C172,N4814C,1771700603.86,1771700786.21,182.4,3592.4,291.0,298.0,VFR_level,3500,False,False,False
a5ef37:2026-02-21T18:47:10Z,florida,2026-02-21,C172,N4814C,1771703024.75,1771703284.09,259.3,3461.7,285.0,292.0,VFR_level,3500,False,False,False
a5ef37:2026-02-21T18:47:10Z,florida,2026-02-21,C172,N4814C,1771703500.76,1771703859.79,359.0,3461.7,285.0,292.0,VFR_level,3500,False,False,False
a5ef37:2026-02-21T18:47:10Z,florida,2026-02-21,C172,N4814C,1771703874.53,1771704259.35,384.8,3461.7,285.0,292.0,VFR_level,3500,False,False,False
a5ef37:2026-02-21T18:47:10Z,florida,2026-02-21,C172,N4814C,1771704287.98,1771704502.63,214.7,3261.7,285.0,292.0,off_level,,,False,False
ab18ac:2026-02-21T18:47:03Z,florida,2026-02-21,C172,ERU814,1771700599.32,1771700779.35,180.0,3535.7,348.0,355.0,VFR_level,3500,False,True,False
a08a10:2026-02-21T18:43:17Z,florida,2026-02-21,PA34,N134AC,1771699869.91,1771700241.74,371.8,5363.5,44.0,51.0,VFR_level,5500,True,False,False
aa97ba:2026-02-21T18:42:10Z,florida,2026-02-21,P28A,N7818N,1771706732.13,1771706943.97,211.8,5646.2,167.0,174.0,VFR_level,5500,True,True,False
aa97ba:2026-02-21T18:42:10Z,florida,2026-02-21,P28A,N7818N,1771707224.46,1771707826.87,602.4,5546.2,180.0,187.0,VFR_level,5500,False,True,False
aa97ba:2026-02-21T18:42:10Z,florida,2026-02-21,P28A,N7818N,1771708082.27,1771708314.41,232.1,5546.2,191.0,198.0,VFR_level,5500,False,True,False
aa97ba:2026-02-21T18:42:10Z,florida,2026-02-21,P28A,N7818N,1771708354.06,1771709273.58,919.5,5546.2,176.0,183.0,VFR_level,5500,False,True,True
a1afa2:2026-02-21T18:40:42Z,florida,2026-02-21,BE36,N2079L,1771699458.57,1771699918.11,459.5,6512.1,187.0,194.0,VFR_level,6500,True,False,False
a1afa2:2026-02-21T18:40:42Z,florida,2026-02-21,BE36,N2079L,1771699975.56,1771700641.76,666.2,6487.1,187.0,194.0,VFR_level,6500,True,False,False
a1afa2:2026-02-21T18:40:42Z,florida,2026-02-21,BE36,N2079L,1771700683.4,1771701393.65,710.2,6531.3,187.0,194.0,VFR_level,6500,True,False,False
a1afa2:2026-02-21T18:40:42Z,florida,2026-02-21,BE36,N2079L,1771701661.81,1771701997.08,335.3,8581.3,187.0,194.0,VFR_level,8500,True,False,False
a1afa2:2026-02-21T18:40:42Z,florida,2026-02-21,BE36,N2079L,1771702027.26,1771702412.15,384.9,8406.3,187.0,194.0,VFR_level,8500,True,False,False
a1afa2:2026-02-21T18:40:42Z,florida,2026-02-21,BE36,N2079L,1771702431.28,1771702862.78,431.5,8425.9,187.0,194.0,VFR_level,8500,True,False,False
a1afa2:2026-02-21T18:40:42Z,florida,2026-02-21,BE36,N2079L,1771703235.57,1771703581.69,346.1,8400.9,187.0,194.0,VFR_level,8500,True,False,False
a1afa2:2026-02-21T18:40:42Z,florida,2026-02-21,BE36,N2079L,1771704460.61,1771704835.81,375.2,6325.9,187.0,194.0,off_level,,,False,False
ae1ec3:2026-02-21T18:39:23Z,florida,2026-02-21,TEX2,SH062,1771699253.21,1771699476.93,223.7,5201.3,184.0,191.0,off_level,,,False,False
a99c2b:2026-02-21T18:39:20Z,florida,2026-02-21,PA24,N7180P,1771701590.74,1771701955.63,364.9,4477.1,180.0,187.0,VFR_level,4500,True,False,False
a80446:2026-02-21T18:39:12Z,florida,2026-02-21,LEG2,N6154S,1771700122.82,1771700345.94,223.1,3470.7,310.0,317.0,VFR_level,3500,False,False,False
a48475:2026-02-21T18:38:55Z,florida,2026-02-21,P28A,N390TC,1771699910.2,1771700184.68,274.5,5471.0,172.0,179.0,VFR_level,5500,True,False,True
a48475:2026-02-21T18:38:55Z,florida,2026-02-21,P28A,N390TC,1771700345.28,1771700569.06,223.8,5471.0,190.0,197.0,VFR_level,5500,False,False,False
a48475:2026-02-21T18:38:55Z,florida,2026-02-21,P28A,N390TC,1771701443.38,1771701628.41,185.0,5671.0,164.0,171.0,off_level,,,False,False
a48475:2026-02-21T18:38:55Z,florida,2026-02-21,P28A,N390TC,1771701668.01,1771701955.93,287.9,5571.0,175.0,182.0,VFR_level,5500,False,False,True
a48475:2026-02-21T18:38:55Z,florida,2026-02-21,P28A,N390TC,1771702550.49,1771702738.26,187.8,5371.0,174.0,181.0,VFR_level,5500,False,False,True
a48475:2026-02-21T18:38:55Z,florida,2026-02-21,P28A,N390TC,1771703932.2,1771704122.85,190.6,4471.0,176.0,183.0,VFR_level,4500,True,False,True
a48475:2026-02-21T18:38:55Z,florida,2026-02-21,P28A,N390TC,1771704459.65,1771704652.98,193.3,4371.0,176.0,183.0,VFR_level,4500,True,False,True
a48475:2026-02-21T18:38:55Z,florida,2026-02-21,P28A,N390TC,1771704717.18,1771704908.22,191.0,3971.0,176.0,183.0,IFR_level,4000,,False,True
a48475:2026-02-21T18:38:55Z,florida,2026-02-21,P28A,N390TC,1771704981.38,1771705337.26,355.9,4071.0,176.0,183.0,IFR_level,4000,,False,True
abf439:2026-02-21T18:38:46Z,florida,2026-02-21,RV7,N87CK,1771699313.88,1771701484.99,2171.1,6460.1,183.0,190.0,VFR_level,6500,True,False,False
a945b9:2026-02-21T18:36:37Z,florida,2026-02-21,P28A,LFA554,1771700019.05,1771700411.38,392.3,4496.3,287.0,294.0,VFR_level,4500,True,True,False
a945b9:2026-02-21T18:36:37Z,florida,2026-02-21,P28A,LFA554,1771700443.24,1771701429.2,986.0,4521.3,272.0,279.0,VFR_level,4500,True,True,False
a945b9:2026-02-21T18:36:37Z,florida,2026-02-21,P28A,LFA554,1771703008.93,1771703706.7,697.8,3540.9,116.0,123.0,VFR_level,3500,True,True,False
a945b9:2026-02-21T18:36:37Z,florida,2026-02-21,P28A,LFA554,1771703747.12,1771703977.36,230.2,3515.9,116.0,123.0,VFR_level,3500,True,True,False
a92f6f:2026-02-21T18:36:17Z,florida,2026-02-21,P28A,LFA548,1771699857.39,1771700252.53,395.1,4521.5,227.0,234.0,VFR_level,4500,True,True,False
a92f6f:2026-02-21T18:36:17Z,florida,2026-02-21,P28A,LFA548,1771700511.01,1771700921.88,410.9,4521.5,224.0,231.0,VFR_level,4500,True,True,False
a35621:2026-02-21T18:34:34Z,florida,2026-02-21,DA42,ERU314,1771699386.91,1771699584.89,198.0,4516.6,338.0,345.0,VFR_level,4500,True,True,False
a35621:2026-02-21T18:34:34Z,florida,2026-02-21,DA42,ERU314,1771699709.47,1771700037.83,328.4,4291.6,338.0,345.0,off_level,,,True,False
a35621:2026-02-21T18:34:34Z,florida,2026-02-21,DA42,ERU314,1771700105.62,1771700451.92,346.3,4441.6,338.0,345.0,VFR_level,4500,True,True,False
a35621:2026-02-21T18:34:34Z,florida,2026-02-21,DA42,ERU314,1771700560.8,1771701141.66,580.9,4966.6,338.0,345.0,IFR_level,5000,,True,False
a35621:2026-02-21T18:34:34Z,florida,2026-02-21,DA42,ERU314,1771701188.26,1771701397.01,208.8,4966.6,338.0,345.0,IFR_level,5000,,True,False
a35621:2026-02-21T18:34:34Z,florida,2026-02-21,DA42,ERU314,1771701516.05,1771701953.42,437.4,4991.6,338.0,345.0,IFR_level,5000,,True,False
a07f34:2026-02-21T18:33:20Z,florida,2026-02-21,DA40,N131DA,1771700469.34,1771701988.06,1518.7,8475.9,175.0,182.0,VFR_level,8500,True,False,True
a07f34:2026-02-21T18:33:20Z,florida,2026-02-21,DA40,N131DA,1771702298.46,1771702617.81,319.3,6475.9,179.0,186.0,VFR_level,6500,True,False,False
a07f34:2026-02-21T18:33:20Z,florida,2026-02-21,DA40,N131DA,1771702659.03,1771702985.03,326.0,6475.9,180.0,187.0,VFR_level,6500,True,False,False
a07f34:2026-02-21T18:33:20Z,florida,2026-02-21,DA40,N131DA,1771703050.19,1771703465.86,415.7,6475.9,196.0,203.0,VFR_level,6500,True,False,False
a07f34:2026-02-21T18:33:20Z,florida,2026-02-21,DA40,N131DA,1771703838.7,1771704561.1,722.4,6475.9,183.0,190.0,VFR_level,6500,True,False,False
ade8c8:2026-02-21T18:31:21Z,florida,2026-02-21,C172,N99589,1771699009.57,1771699198.12,188.5,3480.7,173.0,180.0,VFR_level,3500,False,False,True
a9e9db:2026-02-21T18:30:22Z,florida,2026-02-21,C172,N738ME,1771700147.69,1771700356.62,208.9,8666.0,181.0,188.0,off_level,,,False,False
a9e9db:2026-02-21T18:30:22Z,florida,2026-02-21,C172,N738ME,1771700405.88,1771701262.71,856.8,8666.0,177.0,184.0,off_level,,,False,False
a9e9db:2026-02-21T18:30:22Z,florida,2026-02-21,C172,N738ME,1771701338.38,1771701910.4,572.0,8566.0,178.0,185.0,VFR_level,8500,True,False,False
a9e9db:2026-02-21T18:30:22Z,florida,2026-02-21,C172,N738ME,1771702047.63,1771702326.97,279.3,8566.0,182.0,189.0,VFR_level,8500,True,False,False
a9e9db:2026-02-21T18:30:22Z,florida,2026-02-21,C172,N738ME,1771702748.89,1771703865.15,1116.3,6466.0,141.0,148.0,VFR_level,6500,False,False,False
a9e9db:2026-02-21T18:30:22Z,florida,2026-02-21,C172,N738ME,1771703910.5,1771704220.86,310.4,6566.0,143.0,150.0,VFR_level,6500,False,False,False
a9e9db:2026-02-21T18:30:22Z,florida,2026-02-21,C172,N738ME,1771704422.35,1771704790.71,368.4,6466.0,145.0,152.0,VFR_level,6500,False,False,False
a9e9db:2026-02-21T18:30:22Z,florida,2026-02-21,C172,N738ME,1771704839.91,1771705042.59,202.7,6366.0,142.0,149.0,VFR_level,6500,False,False,False
a9e9db:2026-02-21T18:30:22Z,florida,2026-02-21,C172,N738ME,1771705131.94,1771705579.71,447.8,6466.0,142.0,149.0,VFR_level,6500,False,False,False
a9e9db:2026-02-21T18:30:22Z,florida,2026-02-21,C172,N738ME,1771705975.57,1771706486.07,510.5,3466.0,157.0,164.0,VFR_level,3500,True,False,False
a5d627:2026-02-21T18:28:55Z,florida,2026-02-21,P28A,N47509,1771699158.61,1771699391.15,232.5,4381.7,194.0,201.0,VFR_level,4500,True,False,False
a77516:2026-02-21T18:26:49Z,florida,2026-02-21,C182,N58RR,1771698708.07,1771698979.86,271.8,4468.0,222.0,229.0,VFR_level,4500,True,False,False
a77516:2026-02-21T18:26:49Z,florida,2026-02-21,C182,N58RR,1771700241.63,1771701541.46,1299.8,5463.0,323.0,330.0,VFR_level,5500,False,True,False
a77516:2026-02-21T18:26:49Z,florida,2026-02-21,C182,N58RR,1771701566.51,1771701912.6,346.1,5463.0,323.0,330.0,VFR_level,5500,False,True,False
a77516:2026-02-21T18:26:49Z,florida,2026-02-21,C182,N58RR,1771702138.99,1771702380.01,241.0,3488.0,323.0,330.0,VFR_level,3500,False,True,False
a77516:2026-02-21T18:26:49Z,florida,2026-02-21,C182,N58RR,1771702424.13,1771702789.49,365.4,3513.0,323.0,330.0,VFR_level,3500,False,True,False
a77516:2026-02-21T18:26:49Z,florida,2026-02-21,C182,N58RR,1771702859.09,1771703108.42,249.3,3588.0,323.0,330.0,VFR_level,3500,False,True,False
ab1c63:2026-02-21T18:23:16Z,florida,2026-02-21,C172,ERU815,1771700069.76,1771700389.71,320.0,3446.9,244.0,251.0,VFR_level,3500,False,True,False
ab1c63:2026-02-21T18:23:16Z,florida,2026-02-21,C172,ERU815,1771700736.61,1771701161.54,424.9,4271.9,244.0,251.0,off_level,,,True,False
acea73:2026-02-21T18:23:09Z,florida,2026-02-21,RV3,N931M,1771698380.41,1771699280.97,900.6,4424.2,196.0,203.0,VFR_level,4500,True,False,False
a2d58d:2026-02-21T18:22:56Z,florida,2026-02-21,P28A,N282BL,1771698559.83,1771698776.23,216.4,3459.2,344.0,351.0,VFR_level,3500,False,False,False
a24626:2026-02-21T18:22:36Z,florida,2026-02-21,PA38,N2459A,1771700886.51,1771701371.91,485.4,6456.5,234.0,241.0,VFR_level,6500,True,False,False
a1ead0:2026-02-21T18:21:36Z,florida,2026-02-21,PA32,N2220J,1771699495.05,1771700012.31,517.3,5449.0,122.0,129.0,VFR_level,5500,True,True,False
a1ead0:2026-02-21T18:21:36Z,florida,2026-02-21,PA32,N2220J,1771700101.35,1771700371.1,269.8,5424.0,122.0,129.0,VFR_level,5500,True,True,False
a1ead0:2026-02-21T18:21:36Z,florida,2026-02-21,PA32,N2220J,1771700406.13,1771700779.49,373.4,5424.0,109.0,116.0,VFR_level,5500,True,True,False
a15e38:2026-02-21T18:21:11Z,florida,2026-02-21,BE24,N18782,1771698564.88,1771699229.45,664.6,3485.6,47.0,54.0,VFR_level,3500,True,True,False
a15e38:2026-02-21T18:21:11Z,florida,2026-02-21,BE24,N18782,1771699238.07,1771699478.61,240.5,3485.6,47.0,54.0,VFR_level,3500,True,True,False
a15e38:2026-02-21T18:21:11Z,florida,2026-02-21,BE24,N18782,1771699479.81,1771699691.1,211.3,3585.6,47.0,54.0,VFR_level,3500,True,True,False
a15e38:2026-02-21T18:21:11Z,florida,2026-02-21,BE24,N18782,1771699714.59,1771699987.4,272.8,3485.6,47.0,54.0,VFR_level,3500,True,True,False
ae4a1e:2026-02-21T18:20:26Z,florida,2026-02-21,TEX2,SH149,1771698071.07,1771698251.58,180.5,5261.1,304.0,311.0,off_level,,,False,False
a55d54:2026-02-21T18:19:00Z,florida,2026-02-21,PA44,N445BL,1771698464.72,1771698827.82,363.1,5436.2,104.0,111.0,VFR_level,5500,True,False,False
a55d54:2026-02-21T18:19:00Z,florida,2026-02-21,PA44,N445BL,1771698841.33,1771699102.48,261.2,5461.2,104.0,111.0,VFR_level,5500,True,False,False
a55d54:2026-02-21T18:19:00Z,florida,2026-02-21,PA44,N445BL,1771699343.82,1771699541.35,197.5,5686.2,104.0,111.0,off_level,,,False,False
a55d54:2026-02-21T18:19:00Z,florida,2026-02-21,PA44,N445BL,1771699583.57,1771699779.31,195.7,5761.2,104.0,111.0,off_level,,,False,False
a55d54:2026-02-21T18:19:00Z,florida,2026-02-21,PA44,N445BL,1771699817.68,1771700189.82,372.1,5461.2,104.0,111.0,VFR_level,5500,True,False,False
a55d54:2026-02-21T18:19:00Z,florida,2026-02-21,PA44,N445BL,1771700488.62,1771700808.08,319.5,5461.2,104.0,111.0,VFR_level,5500,True,False,False
a5ed73:2026-02-21T18:18:42Z,florida,2026-02-21,DA42,N481MR,1771698349.34,1771698790.23,440.9,4458.7,246.0,253.0,VFR_level,4500,True,False,False
a5ed73:2026-02-21T18:18:42Z,florida,2026-02-21,DA42,N481MR,1771698845.81,1771699026.54,180.7,4383.7,246.0,253.0,VFR_level,4500,True,False,False
ae1ecd:2026-02-21T18:16:32Z,florida,2026-02-21,TEX2,SH072,1771699859.18,1771700053.76,194.6,5213.1,282.5,289.5,off_level,,,False,False
a9add9:2026-02-21T18:15:53Z,florida,2026-02-21,BE58,N72235,1771698211.68,1771698893.19,681.5,8478.1,148.0,155.0,VFR_level,8500,False,False,False
a9add9:2026-02-21T18:15:53Z,florida,2026-02-21,BE58,N72235,1771701449.17,1771701676.42,227.2,5765.6,157.5,164.5,off_level,,,False,False
a228e6:2026-02-21T18:08:40Z,florida,2026-02-21,C172,N2382R,1771698467.12,1771698704.22,237.1,5500.5,8.0,15.0,VFR_level,5500,True,False,False
a228e6:2026-02-21T18:08:40Z,florida,2026-02-21,C172,N2382R,1771698732.69,1771699034.5,301.8,5400.5,2.0,9.0,VFR_level,5500,True,False,False
a228e6:2026-02-21T18:08:40Z,florida,2026-02-21,C172,N2382R,1771701136.31,1771701412.18,275.9,5470.5,162.0,169.0,VFR_level,5500,True,False,False
a228e6:2026-02-21T18:08:40Z,florida,2026-02-21,C172,N2382R,1771701730.07,1771701933.71,203.6,5470.5,166.0,173.0,VFR_level,5500,True,False,False
a228e6:2026-02-21T18:08:40Z,florida,2026-02-21,C172,N2382R,1771702011.64,1771702217.95,206.3,5370.5,161.0,168.0,VFR_level,5500,True,False,False
a228e6:2026-02-21T18:08:40Z,florida,2026-02-21,C172,N2382R,1771702276.27,1771702496.31,220.0,5470.5,162.0,169.0,VFR_level,5500,True,False,False
ad1c78:2026-02-21T18:07:34Z,florida,2026-02-21,C172,ERU944,1771697676.26,1771697909.39,233.1,4496.8,339.5,346.5,VFR_level,4500,True,True,False
a041c3:2026-02-21T18:04:58Z,florida,2026-02-21,C150,N11540,1771698123.11,1771699039.68,916.6,5418.8,174.0,181.0,VFR_level,5500,False,False,True
a041c3:2026-02-21T18:04:58Z,florida,2026-02-21,C150,N11540,1771699093.03,1771699380.8,287.8,4993.8,174.0,181.0,IFR_level,5000,,False,True
a041c3:2026-02-21T18:04:58Z,florida,2026-02-21,C150,N11540,1771699534.66,1771699873.18,338.5,4968.8,174.0,181.0,IFR_level,5000,,False,True
a041c3:2026-02-21T18:04:58Z,florida,2026-02-21,C150,N11540,1771700711.27,1771701889.11,1177.8,4293.8,175.0,182.0,off_level,,,False,True
a28dda:2026-02-21T18:00:38Z,florida,2026-02-21,P28A,N264AA,1771699719.9,1771699934.43,214.5,3489.8,77.0,84.0,VFR_level,3500,True,True,False
a28dda:2026-02-21T18:00:38Z,florida,2026-02-21,P28A,N264AA,1771699942.68,1771700157.48,214.8,3489.8,77.0,84.0,VFR_level,3500,True,True,False
a9e408:2026-02-21T17:58:55Z,florida,2026-02-21,P28A,N7362W,1771696994.76,1771697242.86,248.1,3947.5,265.0,272.0,IFR_level,4000,,False,False
a14e6d:2026-02-21T17:56:25Z,florida,2026-02-21,BE35,N18318,1771696819.13,1771697278.46,459.3,4447.1,214.0,221.0,VFR_level,4500,True,False,False
a14e6d:2026-02-21T17:56:25Z,florida,2026-02-21,BE35,N18318,1771697463.53,1771698133.05,669.5,5447.1,214.0,221.0,VFR_level,5500,False,False,False
a0bfaa:2026-02-21T17:55:26Z,florida,2026-02-21,TWEN,N1474W,1771700921.93,1771701253.89,332.0,4494.2,186.0,193.0,VFR_level,4500,True,True,False
a4c2f1:2026-02-21T17:54:17Z,florida,2026-02-21,P28A,N406AF,1771698371.06,1771698590.01,219.0,3397.1,149.0,156.0,VFR_level,3500,True,False,False
adb4b8:2026-02-21T17:52:42Z,florida,2026-02-21,RV4,N982Y,1771696789.95,1771696981.33,191.4,5795.7,129.0,136.0,off_level,,,False,False
a69cb1:2026-02-21T17:51:39Z,florida,2026-02-21,C172,LFA313,1771697226.43,1771697615.14,388.7,4468.6,314.0,321.0,VFR_level,4500,True,True,False
ac3493:2026-02-21T17:50:03Z,florida,2026-02-21,C172,ERU886,1771696508.73,1771696802.96,294.2,3479.8,338.0,345.0,VFR_level,3500,False,True,False
a4ef7b:2026-02-21T17:48:39Z,florida,2026-02-21,SR22,N417PW,1771696382.14,1771696883.03,500.9,4395.9,301.0,308.0,VFR_level,4500,True,False,False
a4ef7b:2026-02-21T17:48:39Z,florida,2026-02-21,SR22,N417PW,1771696912.84,1771697154.35,241.5,4395.9,301.0,308.0,VFR_level,4500,True,False,False
aa8108:2026-02-21T17:47:01Z,florida,2026-02-21,BE36,N776TP,1771697827.24,1771698098.2,271.0,9455.0,199.0,206.0,VFR_level,9500,False,False,False
aa8108:2026-02-21T17:47:01Z,florida,2026-02-21,BE36,N776TP,1771698128.86,1771698323.68,194.8,9455.0,131.0,138.0,VFR_level,9500,True,False,False
adb527:2026-02-21T17:46:12Z,florida,2026-02-21,RV7,N98211,1771696189.74,1771696771.56,581.8,4947.3,121.0,128.0,IFR_level,5000,,True,False
a89ce4:2026-02-21T17:45:52Z,florida,2026-02-21,RV7,N654PJ,1771696238.69,1771696520.13,281.4,5486.0,94.0,101.0,VFR_level,5500,True,False,False
a85026:2026-02-21T17:43:47Z,florida,2026-02-21,CJ6,N63485,1771696674.94,1771697493.17,818.2,6304.9,307.0,314.0,off_level,,,False,False
a85026:2026-02-21T17:43:47Z,florida,2026-02-21,CJ6,N63485,1771697570.81,1771697936.66,365.9,5404.9,307.0,314.0,VFR_level,5500,False,False,False
a8c4d0:2026-02-21T17:43:25Z,florida,2026-02-21,SR22,1200,1771695899.28,1771696082.93,183.7,4504.8,241.0,248.0,VFR_level,4500,True,True,False
a8c4d0:2026-02-21T17:43:25Z,florida,2026-02-21,SR22,1200,1771696218.86,1771696451.19,232.3,4504.8,241.0,248.0,VFR_level,4500,True,True,False
a8ffb7:2026-02-21T17:39:20Z,florida,2026-02-21,P28A,N6791W,1771696385.72,1771696647.1,261.4,7302.1,143.0,150.0,off_level,,,False,False
a8ffb7:2026-02-21T17:39:20Z,florida,2026-02-21,P28A,N6791W,1771696747.1,1771697160.61,413.5,7302.1,158.5,165.5,off_level,,,False,False
a8ffb7:2026-02-21T17:39:20Z,florida,2026-02-21,P28A,N6791W,1771697213.78,1771697708.98,495.2,7302.1,142.0,149.0,off_level,,,False,False
a8ffb7:2026-02-21T17:39:20Z,florida,2026-02-21,P28A,N6791W,1771697856.01,1771698254.95,398.9,7302.1,144.0,151.0,off_level,,,False,False
a8ffb7:2026-02-21T17:39:20Z,florida,2026-02-21,P28A,N6791W,1771698289.87,1771698514.72,224.9,7302.1,146.0,153.0,off_level,,,False,False
a8ffb7:2026-02-21T17:39:20Z,florida,2026-02-21,P28A,N6791W,1771698584.53,1771699064.27,479.7,7302.1,133.0,140.0,off_level,,,False,False
a8ffb7:2026-02-21T17:39:20Z,florida,2026-02-21,P28A,N6791W,1771699859.46,1771700185.63,326.2,5372.0,176.0,183.0,VFR_level,5500,False,False,True
a8ffb7:2026-02-21T17:39:20Z,florida,2026-02-21,P28A,N6791W,1771700530.97,1771701150.62,619.6,5272.0,174.0,181.0,off_level,,,False,True
ad9432:2026-02-21T17:38:20Z,florida,2026-02-21,C172,IFG974,1771696164.51,1771696360.43,195.9,4491.3,355.0,2.0,VFR_level,4500,False,False,True
a6a6a0:2026-02-21T17:37:58Z,florida,2026-02-21,C182,N52795,1771696308.16,1771696621.61,313.4,3220.9,100.0,107.0,off_level,,,False,False
a6a6a0:2026-02-21T17:37:58Z,florida,2026-02-21,C182,N52795,1771697031.16,1771697229.3,198.1,6495.9,100.0,107.0,VFR_level,6500,False,False,False
a6a6a0:2026-02-21T17:37:58Z,florida,2026-02-21,C182,N52795,1771697629.18,1771700205.09,2575.9,4464.0,100.0,107.0,VFR_level,4500,False,False,False
a838fa:2026-02-21T17:35:46Z,florida,2026-02-21,CH7B,N629PJ,1771695545.87,1771695881.74,335.9,3514.6,154.0,161.0,VFR_level,3500,True,True,False
ae1eb5:2026-02-21T17:35:08Z,florida,2026-02-21,TEX2,SH048,1771695788.07,1771696030.57,242.5,3508.4,11.0,18.0,VFR_level,3500,True,True,False
ae1eb5:2026-02-21T17:35:08Z,florida,2026-02-21,TEX2,SH048,1771696860.2,1771697048.39,188.2,16483.4,309.0,316.0,VFR_level,16500,True,True,False
ae1eb5:2026-02-21T17:35:08Z,florida,2026-02-21,TEX2,SH048,1771697233.28,1771697416.79,183.5,16483.4,314.0,321.0,VFR_level,16500,True,True,False
ae1eb5:2026-02-21T17:35:08Z,florida,2026-02-21,TEX2,SH048,1771697611.22,1771698081.18,470.0,16533.4,327.0,334.0,VFR_level,16500,True,True,False
ae1eb5:2026-02-21T17:35:08Z,florida,2026-02-21,TEX2,SH048,1771698145.2,1771698555.97,410.8,16558.4,311.0,318.0,VFR_level,16500,True,True,False
a0cabd:2026-02-21T17:34:27Z,florida,2026-02-21,C172,N150FS,1771696122.31,1771696388.12,265.8,4506.7,354.0,1.0,VFR_level,4500,False,True,True
a0cabd:2026-02-21T17:34:27Z,florida,2026-02-21,C172,N150FS,1771697168.96,1771697658.9,489.9,4506.7,355.0,2.0,VFR_level,4500,False,True,True
a38288:2026-02-21T17:34:10Z,florida,2026-02-21,C182,N325SW,1771696079.57,1771696363.77,284.2,5475.3,38.0,45.0,VFR_level,5500,True,True,False
a6666b:2026-02-21T17:33:49Z,florida,2026-02-21,PTS2,N511P,1771696036.68,1771696266.19,229.5,5633.4,75.0,82.0,VFR_level,5500,True,True,False
a01fd9:2026-02-21T17:31:32Z,florida,2026-02-21,C172,N107MS,1771695742.38,1771696020.76,278.4,4455.5,313.0,320.0,VFR_level,4500,True,False,False
a01fd9:2026-02-21T17:31:32Z,florida,2026-02-21,C172,N107MS,1771698450.32,1771698678.15,227.8,4405.5,193.0,200.0,VFR_level,4500,True,False,False
a3ad2d:2026-02-21T17:30:03Z,florida,2026-02-21,P28A,N336MA,1771696477.93,1771696714.98,237.0,4078.6,76.0,83.0,IFR_level,4000,,False,False
ac0022:2026-02-21T17:28:54Z,florida,2026-02-21,P32R,N8720F,1771695972.52,1771696803.08,830.6,8897.4,182.0,189.0,IFR_level,9000,,False,False
aa837d:2026-02-21T17:28:44Z,florida,2026-02-21,P28A,N777ES,1771695396.91,1771695814.57,417.7,5504.2,154.0,161.0,VFR_level,5500,True,True,False
aa837d:2026-02-21T17:28:44Z,florida,2026-02-21,P28A,N777ES,1771695922.75,1771696203.04,280.3,5304.2,154.0,161.0,off_level,,,True,False
aa837d:2026-02-21T17:28:44Z,florida,2026-02-21,P28A,N777ES,1771696268.53,1771696487.51,219.0,5304.2,154.0,161.0,off_level,,,True,False
aa837d:2026-02-21T17:28:44Z,florida,2026-02-21,P28A,N777ES,1771696560.37,1771698804.13,2243.8,5504.2,154.0,161.0,VFR_level,5500,True,True,False
aa837d:2026-02-21T17:28:44Z,florida,2026-02-21,P28A,N777ES,1771698921.55,1771699131.71,210.2,5504.2,154.0,161.0,VFR_level,5500,True,False,False
aa837d:2026-02-21T17:28:44Z,florida,2026-02-21,P28A,N777ES,1771699236.84,1771699659.81,423.0,5504.2,155.0,162.0,VFR_level,5500,True,False,False
aa837d:2026-02-21T17:28:44Z,florida,2026-02-21,P28A,N777ES,1771699858.82,1771700572.7,713.9,3474.2,155.0,162.0,VFR_level,3500,True,False,False
ada9ba:2026-02-21T17:27:04Z,florida,2026-02-21,RV6,N98KP,1771695345.62,1771696451.76,1106.1,5524.3,113.0,120.0,VFR_level,5500,True,False,False
ada9ba:2026-02-21T17:27:04Z,florida,2026-02-21,RV6,N98KP,1771696570.11,1771697501.93,931.8,5524.3,116.0,123.0,VFR_level,5500,True,False,False
a46e39:2026-02-21T17:26:45Z,florida,2026-02-21,DA40,N385DS,1771696130.55,1771696387.17,256.6,3302.3,154.0,161.0,off_level,,,False,False
abdb41:2026-02-21T17:23:28Z,florida,2026-02-21,P28A,CXK637,1771695394.53,1771695842.05,447.5,5501.2,26.0,33.0,VFR_level,5500,True,False,False
abdb41:2026-02-21T17:23:28Z,florida,2026-02-21,P28A,CXK637,1771696094.77,1771696849.96,755.2,3501.2,26.0,33.0,VFR_level,3500,True,False,False
abdb41:2026-02-21T17:23:28Z,florida,2026-02-21,P28A,CXK637,1771697043.56,1771697476.61,433.0,3501.2,26.0,33.0,VFR_level,3500,True,False,False
aa8ee8:2026-02-21T17:22:26Z,florida,2026-02-21,BE55,N78HM,1771694794.12,1771695086.03,291.9,3475.8,159.0,166.0,VFR_level,3500,True,False,False
aa8ee8:2026-02-21T17:22:26Z,florida,2026-02-21,BE55,N78HM,1771695569.76,1771695773.07,203.3,4475.8,206.0,213.0,VFR_level,4500,True,False,False
a3b93e:2026-02-21T17:19:06Z,florida,2026-02-21,SR22,N339WM,1771694681.15,1771694906.43,225.3,3485.7,175.0,182.0,VFR_level,3500,False,True,True
a799ba:2026-02-21T17:16:35Z,florida,2026-02-21,AA5,N5890L,1771696706.38,1771696895.47,189.1,3909.1,90.0,97.0,IFR_level,4000,,False,False
a58824:2026-02-21T17:16:21Z,florida,2026-02-21,AA5,N4558E,1771694698.09,1771695162.73,464.6,4503.9,52.0,59.0,VFR_level,4500,False,False,False
a58824:2026-02-21T17:16:21Z,florida,2026-02-21,AA5,N4558E,1771696066.19,1771696632.69,566.5,3773.3,1.0,8.0,off_level,,,False,False
a1e89d:2026-02-21T17:15:37Z,florida,2026-02-21,HROC,N222BW,1771694834.8,1771695435.92,601.1,7530.7,115.0,122.0,VFR_level,7500,True,False,False
a1c32c:2026-02-21T17:08:37Z,florida,2026-02-21,WAIX,N212YX,1771694564.86,1771695123.48,558.6,7558.6,144.5,151.5,VFR_level,7500,True,False,False
a1c32c:2026-02-21T17:08:37Z,florida,2026-02-21,WAIX,N212YX,1771695448.75,1771695679.59,230.8,7583.6,121.0,128.0,VFR_level,7500,True,False,False
a1c32c:2026-02-21T17:08:37Z,florida,2026-02-21,WAIX,N212YX,1771695703.96,1771695971.94,268.0,7508.6,106.0,113.0,VFR_level,7500,True,False,False
a1c32c:2026-02-21T17:08:37Z,florida,2026-02-21,WAIX,N212YX,1771696214.08,1771696404.92,190.8,7633.6,121.0,128.0,VFR_level,7500,True,False,False
a0e225:2026-02-21T17:05:17Z,florida,2026-02-21,RV10,N156TC,1771693781.97,1771694351.67,569.7,3482.3,88.0,95.0,VFR_level,3500,True,False,False
aa7416:2026-02-21T17:04:42Z,florida,2026-02-21,PA24,N7729P,1771693923.72,1771694344.44,420.7,5561.2,138.0,145.0,VFR_level,5500,True,False,False
a51be4:2026-02-21T17:02:30Z,florida,2026-02-21,P28A,N4281T,1771693780.63,1771694167.07,386.4,4530.0,342.0,349.0,VFR_level,4500,True,False,False
a51be4:2026-02-21T17:02:30Z,florida,2026-02-21,P28A,N4281T,1771694268.7,1771694790.7,522.0,4530.0,331.0,338.0,VFR_level,4500,True,False,False
a51be4:2026-02-21T17:02:30Z,florida,2026-02-21,P28A,N4281T,1771696314.06,1771696854.56,540.5,4399.2,332.0,339.0,VFR_level,4500,True,False,False
a51be4:2026-02-21T17:02:30Z,florida,2026-02-21,P28A,N4281T,1771696899.6,1771697339.53,439.9,4499.2,341.0,348.0,VFR_level,4500,True,False,False
a37632:2026-02-21T17:00:51Z,florida,2026-02-21,DA42,ERU322,1771693673.4,1771694085.52,412.1,4482.6,247.0,254.0,VFR_level,4500,True,True,False
a49498:2026-03-18T18:59:33Z,florida,2026-03-18,C172,N3944Q,1773861146.59,1773861389.09,242.5,3910.9,78.0,85.0,IFR_level,4000,,False,False
a49498:2026-03-18T18:59:33Z,florida,2026-03-18,C172,N3944Q,1773861465.72,1773861671.71,206.0,3510.9,80.0,87.0,VFR_level,3500,True,False,False
aa24fc:2026-03-18T18:55:31Z,florida,2026-03-18,P28A,FTT1,1773868905.22,1773870139.79,1234.6,5976.9,341.0,348.0,IFR_level,6000,,True,False
aa24fc:2026-03-18T18:55:31Z,florida,2026-03-18,P28A,FTT1,1773870377.99,1773870682.01,304.0,3976.9,341.0,348.0,IFR_level,4000,,True,False
adbc94:2026-03-18T18:53:13Z,florida,2026-03-18,C172,N731KS,1773860375.95,1773860607.09,231.1,4512.7,178.0,185.0,VFR_level,4500,True,False,False
a5c863:2026-03-18T18:52:13Z,florida,2026-03-18,C152,N47189,1773860772.72,1773861107.0,334.3,4494.4,200.0,207.0,VFR_level,4500,True,False,False
a6ba7a:2026-03-18T18:48:13Z,florida,2026-03-18,PA44,N5322A,1773860950.93,1773861131.99,181.1,4333.0,73.0,80.0,off_level,,,False,False
ac995e:2026-03-18T18:47:40Z,florida,2026-03-18,P28B,N9102W,1773860638.12,1773861132.57,494.5,9447.8,133.0,140.0,VFR_level,9500,True,False,False
ac995e:2026-03-18T18:47:40Z,florida,2026-03-18,P28B,N9102W,1773861175.8,1773861380.38,204.6,9547.8,133.0,140.0,VFR_level,9500,True,False,False
ac995e:2026-03-18T18:47:40Z,florida,2026-03-18,P28B,N9102W,1773866638.89,1773867328.19,689.3,7497.7,117.0,124.0,VFR_level,7500,True,False,False
ac995e:2026-03-18T18:47:40Z,florida,2026-03-18,P28B,N9102W,1773867602.08,1773867806.29,204.2,5497.7,117.0,124.0,VFR_level,5500,True,False,False
ac995e:2026-03-18T18:47:40Z,florida,2026-03-18,P28B,N9102W,1773868185.9,1773868408.41,222.5,3267.6,117.0,124.0,off_level,,,False,False
ac995e:2026-03-18T18:47:40Z,florida,2026-03-18,P28B,N9102W,1773868456.07,1773868661.04,205.0,3367.6,117.0,124.0,VFR_level,3500,True,False,False
ac995e:2026-03-18T18:47:40Z,florida,2026-03-18,P28B,N9102W,1773868779.01,1773869315.51,536.5,3367.6,117.0,124.0,VFR_level,3500,True,False,False
ac995e:2026-03-18T18:47:40Z,florida,2026-03-18,P28B,N9102W,1773869427.82,1773869632.02,204.2,3667.6,120.0,127.0,off_level,,,False,False
a1a019:2026-03-18T18:45:05Z,florida,2026-03-18,C152,N2034N,1773861193.67,1773861577.49,383.8,3494.2,141.0,148.0,VFR_level,3500,True,False,False
a06089:2026-03-18T18:44:41Z,florida,2026-03-18,PA44,N123TJ,1773859978.07,1773860501.13,523.1,3568.8,157.0,164.0,VFR_level,3500,True,True,False
a75617:2026-03-18T18:44:07Z,florida,2026-03-18,SR22,N572CP,1773859880.7,1773860566.09,685.4,3463.2,5.0,12.0,VFR_level,3500,True,False,False
a75617:2026-03-18T18:44:07Z,florida,2026-03-18,SR22,N572CP,1773860669.02,1773861728.26,1059.2,5463.2,5.0,12.0,VFR_level,5500,True,False,False
a5a39e:2026-03-18T18:43:23Z,florida,2026-03-18,C172,N46211,1773859709.0,1773860124.52,415.5,4733.9,314.0,321.0,off_level,,,False,False
a5a39e:2026-03-18T18:43:23Z,florida,2026-03-18,C172,N46211,1773860459.88,1773860773.13,313.2,4433.9,314.0,321.0,VFR_level,4500,True,False,False
a5a39e:2026-03-18T18:43:23Z,florida,2026-03-18,C172,N46211,1773860802.78,1773861007.54,204.8,4033.9,314.0,321.0,IFR_level,4000,,False,False
ad78ce:2026-03-18T18:42:49Z,florida,2026-03-18,P28A,FTT5,1773859645.32,1773860675.79,1030.5,3589.4,11.0,18.0,VFR_level,3500,True,False,False
ad78ce:2026-03-18T18:42:49Z,florida,2026-03-18,P28A,FTT5,1773860756.22,1773861146.09,389.9,3489.4,7.0,14.0,VFR_level,3500,True,False,False
ad78ce:2026-03-18T18:42:49Z,florida,2026-03-18,P28A,FTT5,1773861186.26,1773862469.5,1283.2,3489.4,9.0,16.0,VFR_level,3500,True,False,False
ad78ce:2026-03-18T18:42:49Z,florida,2026-03-18,P28A,FTT5,1773862636.45,1773863053.02,416.6,3489.4,3.0,10.0,VFR_level,3500,True,False,False
a46d19:2026-03-18T18:36:15Z,florida,2026-03-18,C172,N3844Q,1773860000.42,1773860654.54,654.1,5526.3,122.0,129.0,VFR_level,5500,True,True,False
a46d19:2026-03-18T18:36:15Z,florida,2026-03-18,C172,N3844Q,1773862086.62,1773864364.82,2278.2,5468.2,128.0,135.0,VFR_level,5500,True,False,False
a46d19:2026-03-18T18:36:15Z,florida,2026-03-18,C172,N3844Q,1773864510.58,1773865058.68,548.1,5437.1,128.0,135.0,VFR_level,5500,True,False,False
acee23:2026-03-18T18:33:19Z,florida,2026-03-18,PA44,LFA685,1773859647.36,1773859962.74,315.4,3545.2,212.0,219.0,VFR_level,3500,False,True,False
acee23:2026-03-18T18:33:19Z,florida,2026-03-18,PA44,LFA685,1773860095.82,1773860708.41,612.6,3545.2,212.0,219.0,VFR_level,3500,False,True,False
acee23:2026-03-18T18:33:19Z,florida,2026-03-18,PA44,LFA685,1773861319.46,1773861684.72,365.3,4520.2,212.0,219.0,VFR_level,4500,True,False,False
acee23:2026-03-18T18:33:19Z,florida,2026-03-18,PA44,LFA685,1773861778.79,1773862028.38,249.6,4595.2,212.0,219.0,VFR_level,4500,True,False,False
a79b55:2026-03-18T18:31:30Z,florida,2026-03-18,PA44,N59CW,1773859036.19,1773859225.15,189.0,5020.4,286.0,293.0,IFR_level,5000,,False,False
a1a7fd:2026-03-18T18:30:37Z,florida,2026-03-18,C172,N20571,1773859083.13,1773859988.08,904.9,3508.2,315.0,322.0,VFR_level,3500,False,True,False
a350a9:2026-03-18T18:30:06Z,florida,2026-03-18,P32T,N3120T,1773859683.47,1773861028.65,1345.2,10468.5,341.0,348.0,VFR_level,10500,True,False,False
a350a9:2026-03-18T18:30:06Z,florida,2026-03-18,P32T,N3120T,1773861187.12,1773869498.76,8311.6,10561.8,341.0,348.0,VFR_level,10500,True,False,False
a350a9:2026-03-18T18:30:06Z,florida,2026-03-18,P32T,N3120T,1773870281.6,1773870487.69,206.1,6494.4,341.0,348.0,VFR_level,6500,True,False,False
a350a9:2026-03-18T18:30:06Z,florida,2026-03-18,P32T,N3120T,1773870904.77,1773871128.27,223.5,5494.4,321.0,328.0,VFR_level,5500,False,False,False
a379c0:2026-03-18T18:27:21Z,florida,2026-03-18,P28A,CXK614,1773858816.03,1773859109.67,293.6,4464.5,122.0,129.0,VFR_level,4500,False,False,False
a28572:2026-03-18T18:26:53Z,florida,2026-03-18,AA5,N26127,1773858797.0,1773860394.42,1597.4,3522.6,0.0,7.0,VFR_level,3500,True,False,False
a1f53f:2026-03-18T18:24:52Z,florida,2026-03-18,P28A,N225TB,1773858631.13,1773859097.58,466.4,4465.6,225.0,232.0,VFR_level,4500,True,False,False
a1f53f:2026-03-18T18:24:52Z,florida,2026-03-18,P28A,N225TB,1773859481.29,1773860649.8,1168.5,4465.6,200.0,207.0,VFR_level,4500,True,True,False
a3c138:2026-03-18T18:23:05Z,florida,2026-03-18,PA31,N341CA,1773858185.74,1773859085.74,900.0,10525.5,190.0,197.0,VFR_level,10500,True,False,False
a3c138:2026-03-18T18:23:05Z,florida,2026-03-18,PA31,N341CA,1773859427.04,1773859625.56,198.5,10560.4,190.0,197.0,VFR_level,10500,True,False,False
a3c138:2026-03-18T18:23:05Z,florida,2026-03-18,PA31,N341CA,1773859653.36,1773860601.97,948.6,10360.4,190.0,197.0,VFR_level,10500,True,False,False
a3c138:2026-03-18T18:23:05Z,florida,2026-03-18,PA31,N341CA,1773860777.64,1773861487.07,709.4,10529.4,190.0,197.0,VFR_level,10500,True,False,False
a19633:2026-03-18T18:21:53Z,florida,2026-03-18,M20P,N201EW,1773859926.92,1773860181.12,254.2,7517.9,89.0,96.0,VFR_level,7500,True,False,False
a55130:2026-03-18T18:20:29Z,florida,2026-03-18,P28A,N44132,1773858087.93,1773859616.87,1528.9,5495.0,140.0,147.0,VFR_level,5500,True,False,False
a55130:2026-03-18T18:20:29Z,florida,2026-03-18,P28A,N44132,1773859866.1,1773860157.98,291.9,5464.7,137.0,144.0,VFR_level,5500,True,False,False
a55130:2026-03-18T18:20:29Z,florida,2026-03-18,P28A,N44132,1773860331.45,1773860529.85,198.4,5564.7,141.0,148.0,VFR_level,5500,True,False,False
a55130:2026-03-18T18:20:29Z,florida,2026-03-18,P28A,N44132,1773862259.87,1773862454.86,195.0,4304.1,180.0,187.0,off_level,,,False,False
a55130:2026-03-18T18:20:29Z,florida,2026-03-18,P28A,N44132,1773862510.01,1773862771.67,261.7,4004.1,175.0,182.0,IFR_level,4000,,False,True
a55130:2026-03-18T18:20:29Z,florida,2026-03-18,P28A,N44132,1773862832.92,1773863135.63,302.7,3604.1,191.0,198.0,VFR_level,3500,False,False,False
a55130:2026-03-18T18:20:29Z,florida,2026-03-18,P28A,N44132,1773863173.23,1773863390.26,217.0,3504.1,182.0,189.0,VFR_level,3500,False,False,False
a37da0:2026-03-18T18:17:03Z,florida,2026-03-18,DA42,ERU324,1773858032.31,1773858453.11,420.8,4277.0,146.0,153.0,off_level,,,True,False
a96239:2026-03-18T18:14:50Z,florida,2026-03-18,C162,N7031L,1773858058.24,1773858276.67,218.4,3269.8,267.0,274.0,off_level,,,False,False
a96239:2026-03-18T18:14:50Z,florida,2026-03-18,C162,N7031L,1773858371.17,1773858565.49,194.3,3269.8,267.0,274.0,off_level,,,False,False
a96239:2026-03-18T18:14:50Z,florida,2026-03-18,C162,N7031L,1773858967.1,1773859204.81,237.7,4669.8,267.0,274.0,off_level,,,False,False
a96239:2026-03-18T18:14:50Z,florida,2026-03-18,C162,N7031L,1773859261.82,1773859450.57,188.8,4469.8,267.0,274.0,VFR_level,4500,True,False,False
a96239:2026-03-18T18:14:50Z,florida,2026-03-18,C162,N7031L,1773859505.15,1773859800.6,295.4,4069.8,267.0,274.0,IFR_level,4000,,False,False
a96239:2026-03-18T18:14:50Z,florida,2026-03-18,C162,N7031L,1773859931.18,1773860644.17,713.0,4169.8,267.0,274.0,off_level,,,False,False
a4604d:2026-03-18T18:13:12Z,florida,2026-03-18,,N381PG,1773858012.87,1773858729.21,716.3,3500.0,70.0,77.0,VFR_level,3500,True,False,False
a4604d:2026-03-18T18:13:12Z,florida,2026-03-18,,N381PG,1773858735.61,1773858991.12,255.5,3475.0,70.0,77.0,VFR_level,3500,True,False,False
a4604d:2026-03-18T18:13:12Z,florida,2026-03-18,,N381PG,1773859213.71,1773859500.33,286.6,3700.0,70.0,77.0,off_level,,,False,False
a9414d:2026-03-18T18:11:38Z,florida,2026-03-18,RV3,N696DB,1773858239.37,1773858639.81,400.4,4529.0,330.0,337.0,VFR_level,4500,True,False,False
ac910f:2026-03-18T18:09:36Z,florida,2026-03-18,C172,ERU909,1773857945.09,1773858134.53,189.4,3079.3,337.0,344.0,IFR_level,3000,,True,False
ac910f:2026-03-18T18:09:36Z,florida,2026-03-18,C172,ERU909,1773859154.07,1773859564.57,410.5,3629.3,337.0,344.0,VFR_level,3500,False,True,False
ac910f:2026-03-18T18:09:36Z,florida,2026-03-18,C172,ERU909,1773859616.33,1773859906.49,290.2,3629.3,337.0,344.0,VFR_level,3500,False,True,False
ac910f:2026-03-18T18:09:36Z,florida,2026-03-18,C172,ERU909,1773860095.6,1773860514.94,419.3,3504.3,337.0,344.0,VFR_level,3500,False,True,False
ac910f:2026-03-18T18:09:36Z,florida,2026-03-18,C172,ERU909,1773860642.68,1773861129.58,486.9,3499.1,337.0,344.0,VFR_level,3500,False,True,False
a4a439:2026-03-18T18:08:01Z,florida,2026-03-18,SR22,N399AA,1773857551.98,1773858165.25,613.3,5545.4,117.0,124.0,VFR_level,5500,True,False,False
a4a439:2026-03-18T18:08:01Z,florida,2026-03-18,SR22,N399AA,1773858185.91,1773858479.11,293.2,5495.4,153.0,160.0,VFR_level,5500,True,False,False
a346ff:2026-03-18T18:05:56Z,florida,2026-03-18,SU31,N310BW,1773857156.29,1773857576.64,420.4,3740.9,343.0,350.0,off_level,,,False,False
a346ff:2026-03-18T18:05:56Z,florida,2026-03-18,SU31,N310BW,1773857756.47,1773858065.96,309.5,4715.9,340.0,347.0,off_level,,,False,False
a346ff:2026-03-18T18:05:56Z,florida,2026-03-18,SU31,N310BW,1773858313.77,1773858709.47,395.7,4690.9,344.0,351.0,off_level,,,False,False
a346ff:2026-03-18T18:05:56Z,florida,2026-03-18,SU31,N310BW,1773859400.17,1773859791.18,391.0,4821.2,327.0,334.0,off_level,,,False,False
a346ff:2026-03-18T18:05:56Z,florida,2026-03-18,SU31,N310BW,1773862123.37,1773862309.95,186.6,4844.3,325.0,332.0,off_level,,,False,False
a346ff:2026-03-18T18:05:56Z,florida,2026-03-18,SU31,N310BW,1773863020.25,1773863453.94,433.7,4944.3,323.0,330.0,IFR_level,5000,,False,False
a346ff:2026-03-18T18:05:56Z,florida,2026-03-18,SU31,N310BW,1773864895.92,1773865232.28,336.4,4694.3,333.0,340.0,off_level,,,False,False
a346ff:2026-03-18T18:05:56Z,florida,2026-03-18,SU31,N310BW,1773865346.56,1773865575.16,228.6,5244.3,324.0,331.0,off_level,,,False,False
a346ff:2026-03-18T18:05:56Z,florida,2026-03-18,SU31,N310BW,1773865654.01,1773865867.52,213.5,5119.3,325.0,332.0,IFR_level,5000,,False,False
a346ff:2026-03-18T18:05:56Z,florida,2026-03-18,SU31,N310BW,1773870423.26,1773870853.19,429.9,6807.4,328.0,335.0,off_level,,,False,False
a346ff:2026-03-18T18:05:56Z,florida,2026-03-18,SU31,N310BW,1773871069.56,1773871344.32,274.8,4982.4,328.0,335.0,IFR_level,5000,,False,False
a346ff:2026-03-18T18:05:56Z,florida,2026-03-18,SU31,N310BW,1773871478.03,1773871933.16,455.1,4807.4,328.0,335.0,off_level,,,False,False
a346ff:2026-03-18T18:05:56Z,florida,2026-03-18,SU31,N310BW,1773872706.43,1773872937.79,231.4,4823.0,324.0,331.0,off_level,,,False,False
a474cd:2026-03-18T18:03:03Z,florida,2026-03-18,C172,N3866Q,1773857336.31,1773857584.45,248.1,4375.2,262.0,269.0,VFR_level,4500,True,False,False
a2f62a:2026-03-18T18:02:12Z,florida,2026-03-18,P28A,FTT13,1773857171.43,1773857811.86,640.4,3502.4,43.0,50.0,VFR_level,3500,True,True,False
a2f62a:2026-03-18T18:02:12Z,florida,2026-03-18,P28A,FTT13,1773857865.83,1773858069.75,203.9,3502.4,43.0,50.0,VFR_level,3500,True,True,False
a76f2d:2026-03-18T18:02:03Z,florida,2026-03-18,C150,N5785E,1773857092.06,1773857386.53,294.5,3453.3,178.0,185.0,VFR_level,3500,False,False,False
a76f2d:2026-03-18T18:02:03Z,florida,2026-03-18,C150,N5785E,1773857394.4,1773858126.4,732.0,3453.3,178.0,185.0,VFR_level,3500,False,False,False
a76f2d:2026-03-18T18:02:03Z,florida,2026-03-18,C150,N5785E,1773858136.06,1773858659.46,523.4,3453.3,178.0,185.0,VFR_level,3500,False,False,False
a76f2d:2026-03-18T18:02:03Z,florida,2026-03-18,C150,N5785E,1773858683.85,1773859234.2,550.4,3653.3,178.0,185.0,off_level,,,False,False
a76f2d:2026-03-18T18:02:03Z,florida,2026-03-18,C150,N5785E,1773859249.18,1773860078.82,829.6,3553.3,178.0,185.0,VFR_level,3500,False,False,False
a76f2d:2026-03-18T18:02:03Z,florida,2026-03-18,C150,N5785E,1773860107.68,1773860464.62,356.9,3523.1,178.0,185.0,VFR_level,3500,False,False,False
a76f2d:2026-03-18T18:02:03Z,florida,2026-03-18,C150,N5785E,1773860544.9,1773861046.05,501.1,3523.1,178.0,185.0,VFR_level,3500,False,False,False
a489e3:2026-03-18T18:00:01Z,florida,2026-03-18,P28A,N3917X,1773857435.58,1773857793.33,357.8,3545.0,358.0,5.0,VFR_level,3500,True,False,False
a489e3:2026-03-18T18:00:01Z,florida,2026-03-18,P28A,N3917X,1773858098.0,1773858405.94,307.9,3345.0,358.0,5.0,off_level,,,False,False
a489e3:2026-03-18T18:00:01Z,florida,2026-03-18,P28A,N3917X,1773858432.26,1773858862.7,430.4,3445.0,358.0,5.0,VFR_level,3500,True,False,False
a489e3:2026-03-18T18:00:01Z,florida,2026-03-18,P28A,N3917X,1773859128.13,1773859375.46,247.3,3445.0,358.0,5.0,VFR_level,3500,True,False,False
addd59:2026-03-18T17:59:01Z,florida,2026-03-18,C172,N99265,1773857566.14,1773857802.1,236.0,3537.0,138.0,145.0,VFR_level,3500,True,True,False
a41510:2026-03-18T17:58:29Z,florida,2026-03-18,DA40,N362PS,1773856944.29,1773857283.77,339.5,4511.2,180.0,187.0,VFR_level,4500,True,False,False
a41510:2026-03-18T17:58:29Z,florida,2026-03-18,DA40,N362PS,1773857381.22,1773857595.23,214.0,4486.2,180.0,187.0,VFR_level,4500,True,False,False
a41510:2026-03-18T17:58:29Z,florida,2026-03-18,DA40,N362PS,1773857683.89,1773857875.59,191.7,4561.2,180.0,187.0,VFR_level,4500,True,False,False
a41510:2026-03-18T17:58:29Z,florida,2026-03-18,DA40,N362PS,1773857964.27,1773858206.55,242.3,4561.2,180.0,187.0,VFR_level,4500,True,False,False
a41510:2026-03-18T17:58:29Z,florida,2026-03-18,DA40,N362PS,1773858413.04,1773859153.27,740.2,6605.1,180.0,187.0,VFR_level,6500,True,False,False
a41510:2026-03-18T17:58:29Z,florida,2026-03-18,DA40,N362PS,1773859597.0,1773859879.45,282.5,6499.6,181.0,188.0,VFR_level,6500,True,False,False
a41510:2026-03-18T17:58:29Z,florida,2026-03-18,DA40,N362PS,1773860316.18,1773860515.25,199.1,4594.3,147.0,154.0,VFR_level,4500,False,False,False
ad9d0f:2026-03-18T17:57:23Z,florida,2026-03-18,C172,N97650,1773856801.81,1773857241.59,439.8,3473.5,98.0,105.0,VFR_level,3500,True,True,False
ad9d0f:2026-03-18T17:57:23Z,florida,2026-03-18,C172,N97650,1773857343.91,1773857906.45,562.5,3473.5,90.0,97.0,VFR_level,3500,True,True,False
ad9d0f:2026-03-18T17:57:23Z,florida,2026-03-18,C172,N97650,1773857980.59,1773858213.17,232.6,3573.5,88.0,95.0,VFR_level,3500,True,True,False
a0d97f:2026-03-18T17:57:01Z,florida,2026-03-18,P28A,N154ER,1773856973.77,1773857230.29,256.5,3504.4,240.0,247.0,VFR_level,3500,False,True,False
a90f5e:2026-03-18T17:56:41Z,florida,2026-03-18,P28A,LFA540,1773859780.5,1773860001.13,220.6,3451.6,280.0,287.0,VFR_level,3500,False,False,False
a90f5e:2026-03-18T17:56:41Z,florida,2026-03-18,P28A,LFA540,1773860126.8,1773860372.16,245.4,3376.6,280.0,287.0,VFR_level,3500,False,False,False
a90f5e:2026-03-18T17:56:41Z,florida,2026-03-18,P28A,LFA540,1773860511.98,1773860775.44,263.5,3501.6,280.0,287.0,VFR_level,3500,False,False,False
a9d29a:2026-03-18T17:55:20Z,florida,2026-03-18,C210,N732BH,1773856822.19,1773857864.55,1042.4,4370.1,2.0,9.0,VFR_level,4500,False,False,False
ac9e3d:2026-03-18T17:53:42Z,florida,2026-03-18,P28A,N912BL,1773856839.85,1773857446.68,606.8,3487.7,216.0,223.0,VFR_level,3500,False,False,False
ac9e3d:2026-03-18T17:53:42Z,florida,2026-03-18,P28A,N912BL,1773857524.57,1773857752.56,228.0,3512.7,216.0,223.0,VFR_level,3500,False,False,False
a73d7f:2026-03-18T17:51:32Z,florida,2026-03-18,C172,N566D,1773857775.96,1773859540.33,1764.4,4039.2,358.0,5.0,IFR_level,4000,,False,False
a73d7f:2026-03-18T17:51:32Z,florida,2026-03-18,C172,N566D,1773859558.99,1773859839.92,280.9,4014.2,358.0,5.0,IFR_level,4000,,False,False
a166d8:2026-03-18T17:51:07Z,florida,2026-03-18,T206,N19LM,1773856622.01,1773857293.38,671.4,4498.2,313.0,320.0,VFR_level,4500,True,False,False
add65a:2026-03-18T17:48:40Z,florida,2026-03-18,P28A,CXK264,1773856855.6,1773857136.03,280.4,5508.5,3.0,10.0,VFR_level,5500,True,True,False
add65a:2026-03-18T17:48:40Z,florida,2026-03-18,P28A,CXK264,1773857217.16,1773858685.63,1468.5,5483.5,3.0,10.0,VFR_level,5500,True,True,False
a920f0:2026-03-18T17:46:29Z,florida,2026-03-18,,N688AA,1773856318.19,1773856522.61,204.4,3458.1,257.0,264.0,VFR_level,3500,False,True,False
a49498:2026-03-18T17:45:34Z,florida,2026-03-18,C172,N3944Q,1773857007.33,1773857435.07,427.7,3938.8,272.0,279.0,IFR_level,4000,,False,False
a442cb:2026-03-18T17:42:59Z,florida,2026-03-18,P28A,N374BL,1773856113.31,1773857499.74,1386.4,4465.6,326.0,333.0,VFR_level,4500,True,False,False
a57d2b:2026-03-18T17:42:18Z,florida,2026-03-18,PA27,N4529P,1773856194.85,1773856577.94,383.1,7450.5,165.0,172.0,VFR_level,7500,True,True,False
a8d124:2026-03-18T17:41:39Z,florida,2026-03-18,C150,N6674F,1773857046.04,1773857368.86,322.8,4450.9,172.0,179.0,VFR_level,4500,False,True,True
a09d68:2026-03-18T17:32:55Z,florida,2026-03-18,ALIG,N139J,1773855459.55,1773855800.02,340.5,4005.7,306.0,313.0,IFR_level,4000,,False,False
a09d68:2026-03-18T17:32:55Z,florida,2026-03-18,ALIG,N139J,1773855930.93,1773856868.56,937.6,6005.7,306.0,313.0,IFR_level,6000,,False,False
a09d68:2026-03-18T17:32:55Z,florida,2026-03-18,ALIG,N139J,1773857603.79,1773857843.43,239.6,6036.5,306.0,313.0,IFR_level,6000,,False,False
a09d68:2026-03-18T17:32:55Z,florida,2026-03-18,ALIG,N139J,1773858087.14,1773858346.49,259.3,5036.5,126.0,133.0,IFR_level,5000,,False,False
a09d68:2026-03-18T17:32:55Z,florida,2026-03-18,ALIG,N139J,1773858493.37,1773858869.43,376.1,5036.5,126.0,133.0,IFR_level,5000,,False,False
a09d68:2026-03-18T17:32:55Z,florida,2026-03-18,ALIG,N139J,1773858989.43,1773859783.03,793.6,5036.5,126.0,133.0,IFR_level,5000,,False,False
a1db63:2026-03-18T17:32:27Z,florida,2026-03-18,PA44,EPI619,1773857218.37,1773857441.01,222.6,3656.7,166.0,173.0,off_level,,,False,False
a15aaa:2026-03-18T17:31:08Z,florida,2026-03-18,C180,N18698,1773855222.64,1773855710.06,487.4,3442.7,345.0,352.0,VFR_level,3500,False,False,False
a15aaa:2026-03-18T17:31:08Z,florida,2026-03-18,C180,N18698,1773855786.04,1773856550.76,764.7,3442.7,344.0,351.0,VFR_level,3500,False,False,False
aa5f43:2026-03-18T17:30:37Z,florida,2026-03-18,CH7B,N768AC,1773855724.15,1773855984.46,260.3,3475.6,281.0,288.0,VFR_level,3500,False,False,False
aad7a9:2026-03-18T17:30:07Z,florida,2026-03-18,CRER,N798VS,1773855651.9,1773855969.48,317.6,4675.9,269.0,276.0,off_level,,,False,False
acf591:2026-03-18T17:26:10Z,florida,2026-03-18,PA44,LFA687,1773857415.72,1773857604.11,188.4,4484.6,36.0,43.0,VFR_level,4500,False,False,False
acf591:2026-03-18T17:26:10Z,florida,2026-03-18,PA44,LFA687,1773858233.47,1773858417.83,184.4,4584.6,36.0,43.0,VFR_level,4500,False,True,False
acf591:2026-03-18T17:26:10Z,florida,2026-03-18,PA44,LFA687,1773858556.59,1773859329.24,772.7,4584.6,36.0,43.0,VFR_level,4500,False,True,False
a1054b:2026-03-18T17:25:59Z,florida,2026-03-18,S22T,N165LR,1773855626.67,1773859577.73,3951.1,10490.3,344.0,351.0,VFR_level,10500,True,True,False
a1054b:2026-03-18T17:25:59Z,florida,2026-03-18,S22T,N165LR,1773859733.28,1773860555.68,822.4,10536.2,332.0,339.0,VFR_level,10500,True,True,False
a38d59:2026-03-18T17:25:53Z,florida,2026-03-18,VELO,N328PM,1773854921.48,1773855421.69,500.2,6469.4,346.0,353.0,VFR_level,6500,True,True,False
a06b1a:2026-03-18T17:20:04Z,florida,2026-03-18,PA44,LFA681,1773854718.54,1773855765.84,1047.3,7509.0,117.0,124.0,VFR_level,7500,True,True,False
ab95f7:2026-03-18T17:18:44Z,florida,2026-03-18,C172,N84582,1773855110.2,1773855452.99,342.8,6378.0,352.0,359.0,VFR_level,6500,True,False,True
a379c0:2026-03-18T17:18:29Z,florida,2026-03-18,P28A,CXK614,1773855021.14,1773856326.68,1305.5,5463.5,29.0,36.0,VFR_level,5500,True,False,False
a379c0:2026-03-18T17:18:29Z,florida,2026-03-18,P28A,CXK614,1773856396.13,1773856640.42,244.3,5488.5,29.0,36.0,VFR_level,5500,True,False,False
a606a5:2026-03-18T17:18:26Z,florida,2026-03-18,,N488DJ,1773856896.0,1773857147.3,251.3,3498.4,329.0,336.0,VFR_level,3500,False,False,False
a60bb4:2026-03-18T17:15:48Z,florida,2026-03-18,PA31,N489TC,1773854794.53,1773855344.57,550.0,9470.3,330.0,337.0,VFR_level,9500,False,False,False
a60bb4:2026-03-18T17:15:48Z,florida,2026-03-18,PA31,N489TC,1773855534.3,1773856048.72,514.4,11477.8,330.0,337.0,VFR_level,11500,False,False,False
ad59b9:2026-03-18T17:15:13Z,florida,2026-03-18,BE35,N9599R,1773854326.44,1773855443.03,1116.6,4545.5,333.0,340.0,VFR_level,4500,True,False,False
a74dc0:2026-03-18T17:14:54Z,florida,2026-03-18,RV7,N57TG,1773854232.62,1773854614.43,381.8,3446.1,348.0,355.0,VFR_level,3500,False,False,False
a74dc0:2026-03-18T17:14:54Z,florida,2026-03-18,RV7,N57TG,1773854670.75,1773855302.11,631.4,3446.1,349.0,356.0,VFR_level,3500,False,False,False
a4a439:2026-03-18T17:14:14Z,florida,2026-03-18,SR22,N399AA,1773854543.41,1773854943.65,400.2,4544.3,303.5,310.5,VFR_level,4500,True,False,False
a4a439:2026-03-18T17:14:14Z,florida,2026-03-18,SR22,N399AA,1773854988.9,1773855196.5,207.6,4619.3,315.0,322.0,VFR_level,4500,True,False,False
a4a439:2026-03-18T17:14:14Z,florida,2026-03-18,SR22,N399AA,1773855255.62,1773855934.97,679.4,4469.3,297.0,304.0,VFR_level,4500,True,False,False
a37483:2026-03-18T17:12:43Z,florida,2026-03-18,C170,N3211A,1773854566.94,1773854997.04,430.1,6472.0,345.0,352.0,VFR_level,6500,True,False,False
a37483:2026-03-18T17:12:43Z,florida,2026-03-18,C170,N3211A,1773855071.55,1773855285.95,214.4,6472.0,357.0,4.0,VFR_level,6500,False,False,False
a37483:2026-03-18T17:12:43Z,florida,2026-03-18,C170,N3211A,1773855342.24,1773855575.8,233.6,6472.0,344.0,351.0,VFR_level,6500,True,False,False
a7c643:2026-03-18T17:12:41Z,florida,2026-03-18,S22T,N60PZ,1773854108.77,1773854384.43,275.7,5022.1,164.0,171.0,IFR_level,5000,,True,False
a86ccc:2026-03-18T17:12:35Z,florida,2026-03-18,RV10,N642BK,1773854521.68,1773854860.27,338.6,3596.8,351.0,358.0,VFR_level,3500,False,False,True
a36eac:2026-03-18T17:12:02Z,florida,2026-03-18,LNC2,N320DS,1773854993.22,1773855178.43,185.2,6447.2,8.0,15.0,VFR_level,6500,False,True,False
a36eac:2026-03-18T17:12:02Z,florida,2026-03-18,LNC2,N320DS,1773855255.64,1773855460.32,204.7,6477.4,267.0,274.0,VFR_level,6500,True,True,False
a36eac:2026-03-18T17:12:02Z,florida,2026-03-18,LNC2,N320DS,1773855517.2,1773855784.39,267.2,6477.4,4.5,11.5,VFR_level,6500,False,True,False
a36eac:2026-03-18T17:12:02Z,florida,2026-03-18,LNC2,N320DS,1773856019.89,1773856229.21,209.3,6477.4,45.0,52.0,VFR_level,6500,False,True,False
a2baec:2026-03-18T17:08:31Z,florida,2026-03-18,RV14,N275VB,1773854012.61,1773854759.41,746.8,5447.7,346.0,353.0,VFR_level,5500,False,False,False
aab5db:2026-03-18T17:07:45Z,florida,2026-03-18,RV8,N79BX,1773853801.61,1773853994.26,192.7,4547.2,115.0,122.0,VFR_level,4500,False,False,False
ace1fe:2026-03-18T17:07:31Z,florida,2026-03-18,P28A,N9290N,1773854114.63,1773854692.87,578.2,5534.7,48.0,55.0,VFR_level,5500,True,True,False
a920ed:2026-03-18T17:07:05Z,florida,2026-03-18,C152,N68799,1773869632.15,1773869993.11,361.0,4531.8,2.0,9.0,VFR_level,4500,False,True,False
a920ed:2026-03-18T17:07:05Z,florida,2026-03-18,C152,N68799,1773870451.46,1773870632.55,181.1,4531.8,358.0,5.0,VFR_level,4500,False,True,False
a920ed:2026-03-18T17:07:05Z,florida,2026-03-18,C152,N68799,1773873217.59,1773874605.1,1387.5,6531.8,355.0,2.0,VFR_level,6500,False,False,True
a920ed:2026-03-18T17:07:05Z,florida,2026-03-18,C152,N68799,1773874858.89,1773877838.6,2979.7,4531.8,1.0,8.0,VFR_level,4500,False,False,False
a70a67:2026-03-18T17:06:46Z,florida,2026-03-18,C172,LFA332,1773854138.1,1773854371.91,233.8,3539.6,310.5,317.5,VFR_level,3500,False,True,False
a70a67:2026-03-18T17:06:46Z,florida,2026-03-18,C172,LFA332,1773854415.84,1773854690.41,274.6,3564.6,353.0,0.0,VFR_level,3500,True,True,True
a70a67:2026-03-18T17:06:46Z,florida,2026-03-18,C172,LFA332,1773854720.33,1773855780.38,1060.1,3539.6,351.0,358.0,VFR_level,3500,False,True,True
a70a67:2026-03-18T17:06:46Z,florida,2026-03-18,C172,LFA332,1773856207.99,1773856475.16,267.2,3545.0,354.0,1.0,VFR_level,3500,True,False,True
a70a67:2026-03-18T17:06:46Z,florida,2026-03-18,C172,LFA332,1773856520.44,1773856725.06,204.6,3470.0,344.0,351.0,VFR_level,3500,False,False,False
aa4f1c:2026-03-18T17:06:34Z,florida,2026-03-18,PA30,N7630Y,1773853915.49,1773854285.03,369.5,5469.3,132.5,139.5,VFR_level,5500,True,True,False
aba61e:2026-03-18T17:00:21Z,florida,2026-03-18,S22T,N85MM,1773855958.37,1773856304.1,345.7,4460.0,265.0,272.0,VFR_level,4500,True,False,False
aba61e:2026-03-18T17:00:21Z,florida,2026-03-18,S22T,N85MM,1773856357.82,1773856817.2,459.4,4490.4,190.0,197.0,VFR_level,4500,True,False,False
a7ab99:2026-04-25T18:59:27Z,florida,2026-04-25,P28A,N5935F,1777143609.25,1777143887.47,278.2,5432.0,115.0,122.0,VFR_level,5500,True,False,False
a7ab99:2026-04-25T18:59:27Z,florida,2026-04-25,P28A,N5935F,1777144051.84,1777144303.59,251.8,4332.0,115.0,122.0,off_level,,,False,False
a8eb96:2026-04-25T18:53:10Z,florida,2026-04-25,P28A,LFA533,1777144099.9,1777144291.35,191.4,4487.2,295.0,302.0,VFR_level,4500,True,True,False
a8eb96:2026-04-25T18:53:10Z,florida,2026-04-25,P28A,LFA533,1777144320.84,1777144506.63,185.8,4512.2,281.0,288.0,VFR_level,4500,True,True,False
a05fc9:2026-04-25T18:51:39Z,florida,2026-04-25,C172,N123KS,1777143519.76,1777143857.26,337.5,4479.2,4.0,11.0,VFR_level,4500,False,False,False
a05fc9:2026-04-25T18:51:39Z,florida,2026-04-25,C172,N123KS,1777144260.35,1777144501.03,240.7,4379.2,337.0,344.0,VFR_level,4500,True,False,False
a05fc9:2026-04-25T18:51:39Z,florida,2026-04-25,C172,N123KS,1777144562.5,1777145010.71,448.2,4454.2,345.0,352.0,VFR_level,4500,True,False,False
a46d19:2026-04-25T18:49:36Z,florida,2026-04-25,C172,N3844Q,1777143953.65,1777144237.1,283.4,5314.3,5.0,12.0,off_level,,,False,False
a46d19:2026-04-25T18:49:36Z,florida,2026-04-25,C172,N3844Q,1777144598.71,1777144784.4,185.7,5414.3,331.0,338.0,VFR_level,5500,False,False,False
a46d19:2026-04-25T18:49:36Z,florida,2026-04-25,C172,N3844Q,1777144939.22,1777145144.27,205.0,5514.3,331.0,338.0,VFR_level,5500,False,False,False
a46d19:2026-04-25T18:49:36Z,florida,2026-04-25,C172,N3844Q,1777145285.5,1777145635.27,349.8,5414.3,333.0,340.0,VFR_level,5500,False,False,False
a89a9a:2026-04-25T18:49:32Z,florida,2026-04-25,C182,N65324,1777143781.51,1777144530.15,748.6,3476.3,228.0,235.0,VFR_level,3500,False,True,False
abaf3a:2026-04-25T18:47:42Z,florida,2026-04-25,C172,ERU852,1777146429.49,1777146718.85,289.4,4484.3,346.0,353.0,VFR_level,4500,True,True,False
a7022b:2026-04-25T18:38:37Z,florida,2026-04-25,P28A,N55029,1777143085.92,1777144249.46,1163.5,8540.4,327.0,334.0,VFR_level,8500,True,False,False
a7022b:2026-04-25T18:38:37Z,florida,2026-04-25,P28A,N55029,1777147249.05,1777148346.01,1097.0,7410.0,98.0,105.0,VFR_level,7500,True,False,False
a7022b:2026-04-25T18:38:37Z,florida,2026-04-25,P28A,N55029,1777148604.27,1777148893.31,289.0,9510.0,98.0,105.0,VFR_level,9500,True,False,False
a7022b:2026-04-25T18:38:37Z,florida,2026-04-25,P28A,N55029,1777149035.94,1777149529.26,493.3,8410.0,98.0,105.0,VFR_level,8500,False,False,False
aa447d:2026-04-25T18:36:51Z,florida,2026-04-25,C182,N7604S,1777142472.64,1777142985.26,512.6,4472.4,358.0,5.0,VFR_level,4500,False,True,False
ad071b:2026-04-25T18:36:27Z,florida,2026-04-25,C152,N939AC,1777143498.78,1777143679.74,181.0,5310.1,179.0,186.0,off_level,,,False,False
ad071b:2026-04-25T18:36:27Z,florida,2026-04-25,C152,N939AC,1777143757.33,1777143952.76,195.4,5210.1,164.0,171.0,off_level,,,False,False
ad071b:2026-04-25T18:36:27Z,florida,2026-04-25,C152,N939AC,1777143983.87,1777144393.54,409.7,4910.1,160.0,167.0,IFR_level,5000,,False,False
ad071b:2026-04-25T18:36:27Z,florida,2026-04-25,C152,N939AC,1777144438.11,1777144659.62,221.5,4810.1,168.5,175.5,off_level,,,False,False
ad071b:2026-04-25T18:36:27Z,florida,2026-04-25,C152,N939AC,1777145133.07,1777145334.02,201.0,5110.1,163.0,170.0,IFR_level,5000,,False,False
ad071b:2026-04-25T18:36:27Z,florida,2026-04-25,C152,N939AC,1777145557.76,1777145753.1,195.3,4510.1,143.0,150.0,VFR_level,4500,False,False,False
ad071b:2026-04-25T18:36:27Z,florida,2026-04-25,C152,N939AC,1777146011.96,1777146281.68,269.7,3410.1,209.0,216.0,VFR_level,3500,False,False,False
a80194:2026-04-25T18:35:59Z,florida,2026-04-25,T206,N615CS,1777142256.61,1777142828.3,571.7,4448.1,349.0,356.0,VFR_level,4500,True,False,False
aae3c4:2026-04-25T18:34:59Z,florida,2026-04-25,BE76,N800VM,1777143666.16,1777144000.42,334.3,5328.9,318.0,325.0,off_level,,,True,False
aae3c4:2026-04-25T18:34:59Z,florida,2026-04-25,BE76,N800VM,1777144460.48,1777144817.68,357.2,6428.9,342.0,349.0,VFR_level,6500,True,True,False
aae3c4:2026-04-25T18:34:59Z,florida,2026-04-25,BE76,N800VM,1777144888.52,1777145315.52,427.0,6428.9,335.0,342.0,VFR_level,6500,True,True,False
aae3c4:2026-04-25T18:34:59Z,florida,2026-04-25,BE76,N800VM,1777145332.7,1777145696.59,363.9,6398.1,325.0,332.0,VFR_level,6500,True,False,False
aae3c4:2026-04-25T18:34:59Z,florida,2026-04-25,BE76,N800VM,1777145716.74,1777146068.24,351.5,6398.1,21.0,28.0,VFR_level,6500,False,False,False
aae3c4:2026-04-25T18:34:59Z,florida,2026-04-25,BE76,N800VM,1777147261.72,1777147560.93,299.2,5498.1,156.0,163.0,VFR_level,5500,True,False,False
aae3c4:2026-04-25T18:34:59Z,florida,2026-04-25,BE76,N800VM,1777147657.0,1777148194.62,537.6,6398.1,159.0,166.0,VFR_level,6500,False,False,False
aae3c4:2026-04-25T18:34:59Z,florida,2026-04-25,BE76,N800VM,1777148380.28,1777148649.13,268.9,6398.1,94.0,101.0,VFR_level,6500,False,False,False
aae3c4:2026-04-25T18:34:59Z,florida,2026-04-25,BE76,N800VM,1777149407.86,1777149881.48,473.6,4528.9,172.0,179.0,VFR_level,4500,False,False,True
aae3c4:2026-04-25T18:34:59Z,florida,2026-04-25,BE76,N800VM,1777149901.73,1777150322.83,421.1,4528.9,233.5,240.5,VFR_level,4500,True,False,False
aae3c4:2026-04-25T18:34:59Z,florida,2026-04-25,BE76,N800VM,1777150428.32,1777150903.05,474.7,4528.9,57.0,64.0,VFR_level,4500,False,False,False
aae3c4:2026-04-25T18:34:59Z,florida,2026-04-25,BE76,N800VM,1777151014.75,1777152306.31,1291.6,4528.9,334.0,341.0,VFR_level,4500,True,False,False
aae3c4:2026-04-25T18:34:59Z,florida,2026-04-25,BE76,N800VM,1777152367.75,1777153332.02,964.3,4628.9,148.0,155.0,VFR_level,4500,False,False,False
aae3c4:2026-04-25T18:34:59Z,florida,2026-04-25,BE76,N800VM,1777153341.25,1777153823.31,482.1,4528.9,175.0,182.0,VFR_level,4500,True,False,True
aae3c4:2026-04-25T18:34:59Z,florida,2026-04-25,BE76,N800VM,1777154202.71,1777154523.31,320.6,4628.9,169.0,176.0,VFR_level,4500,False,False,False
add15b:2026-04-25T18:32:23Z,florida,2026-04-25,LGEZ,N99LY,1777142542.8,1777142807.56,264.8,6709.6,336.5,343.5,off_level,,,False,False
a91e3a:2026-04-25T18:27:35Z,florida,2026-04-25,P28A,LFA544,1777142153.29,1777143478.12,1324.8,5465.7,118.0,125.0,VFR_level,5500,True,True,False
a91e3a:2026-04-25T18:27:35Z,florida,2026-04-25,P28A,LFA544,1777143673.13,1777144329.49,656.4,5458.5,116.0,123.0,VFR_level,5500,True,True,False
a91e3a:2026-04-25T18:27:35Z,florida,2026-04-25,P28A,LFA544,1777144340.13,1777144659.46,319.3,5458.5,88.0,95.0,VFR_level,5500,True,True,False
aa837d:2026-04-25T18:25:54Z,florida,2026-04-25,P28A,N777ES,1777142045.65,1777142284.48,238.8,3924.9,293.0,300.0,IFR_level,4000,,False,False
aa837d:2026-04-25T18:25:54Z,florida,2026-04-25,P28A,N777ES,1777142530.89,1777142747.57,216.7,3924.9,293.0,300.0,IFR_level,4000,,False,False
aa837d:2026-04-25T18:25:54Z,florida,2026-04-25,P28A,N777ES,1777142831.07,1777143216.15,385.1,3924.9,293.0,300.0,IFR_level,4000,,False,False
a172d3:2026-04-25T18:24:51Z,florida,2026-04-25,C172,ERU1,1777142158.25,1777142545.31,387.1,3989.8,65.0,72.0,IFR_level,4000,,True,False
a172d3:2026-04-25T18:24:51Z,florida,2026-04-25,C172,ERU1,1777142650.45,1777142864.44,214.0,4064.8,65.0,72.0,IFR_level,4000,,True,False
a172d3:2026-04-25T18:24:51Z,florida,2026-04-25,C172,ERU1,1777143379.33,1777143893.18,513.9,4014.8,65.0,72.0,IFR_level,4000,,True,False
aae070:2026-04-25T18:21:21Z,florida,2026-04-25,C208,N80KL,1777141493.25,1777142317.1,823.8,3551.9,200.0,207.0,VFR_level,3500,False,True,False
a2e81c:2026-04-25T18:20:12Z,florida,2026-04-25,P28A,N287BG,1777141648.54,1777142087.58,439.0,4426.9,30.0,37.0,VFR_level,4500,False,False,False
a2e81c:2026-04-25T18:20:12Z,florida,2026-04-25,P28A,N287BG,1777142140.96,1777142364.91,224.0,4326.9,30.0,37.0,off_level,,,False,False
a2e81c:2026-04-25T18:20:12Z,florida,2026-04-25,P28A,N287BG,1777142378.09,1777142667.52,289.4,4526.9,30.0,37.0,VFR_level,4500,False,False,False
a2e81c:2026-04-25T18:20:12Z,florida,2026-04-25,P28A,N287BG,1777144096.71,1777144412.7,316.0,3526.9,30.0,37.0,VFR_level,3500,True,False,False
a2e81c:2026-04-25T18:20:12Z,florida,2026-04-25,P28A,N287BG,1777144507.04,1777144760.26,253.2,3326.9,30.0,37.0,off_level,,,False,False
a2e81c:2026-04-25T18:20:12Z,florida,2026-04-25,P28A,N287BG,1777145108.65,1777145408.03,299.4,3394.9,30.0,37.0,VFR_level,3500,True,False,False
a81062:2026-04-25T18:18:27Z,florida,2026-04-25,PA18,N619CC,1777142368.22,1777142742.05,373.8,4254.9,202.0,209.0,off_level,,,True,False
a81062:2026-04-25T18:18:27Z,florida,2026-04-25,PA18,N619CC,1777142875.93,1777143183.67,307.7,4460.7,202.0,209.0,VFR_level,4500,True,True,False
a02218:2026-04-25T18:14:10Z,florida,2026-04-25,P28R,N1077X,1777141450.64,1777142062.9,612.3,5508.2,180.0,187.0,VFR_level,5500,False,False,False
ab4f07:2026-04-25T18:05:39Z,florida,2026-04-25,C172,ERU828,1777141064.66,1777141418.05,353.4,4019.1,262.0,269.0,IFR_level,4000,,True,False
ab4f07:2026-04-25T18:05:39Z,florida,2026-04-25,C172,ERU828,1777141550.79,1777141819.41,268.6,3994.1,262.0,269.0,IFR_level,4000,,True,False
ab402b:2026-04-25T18:05:21Z,florida,2026-04-25,C172,ERU824,1777140781.73,1777142025.44,1243.7,3987.1,343.0,350.0,IFR_level,4000,,False,False
ab402b:2026-04-25T18:05:21Z,florida,2026-04-25,C172,ERU824,1777142202.06,1777142439.28,237.2,3987.1,327.5,334.5,IFR_level,4000,,False,False
ab402b:2026-04-25T18:05:21Z,florida,2026-04-25,C172,ERU824,1777143161.95,1777143367.17,205.2,3987.1,41.0,48.0,IFR_level,4000,,False,False
adeca0:2026-04-25T18:03:58Z,florida,2026-04-25,C172,N99697,1777140928.55,1777141192.23,263.7,4121.0,272.0,279.0,IFR_level,4000,,True,False
adeca0:2026-04-25T18:03:58Z,florida,2026-04-25,C172,N99697,1777141252.38,1777141480.08,227.7,4171.0,272.0,279.0,off_level,,,True,False
adeca0:2026-04-25T18:03:58Z,florida,2026-04-25,C172,N99697,1777141534.55,1777141730.08,195.5,3946.0,272.0,279.0,IFR_level,4000,,True,False
a97c40:2026-04-25T18:03:42Z,florida,2026-04-25,P28A,LFA557,1777143889.19,1777144080.64,191.5,3500.8,110.0,117.0,VFR_level,3500,True,True,False
a97c40:2026-04-25T18:03:42Z,florida,2026-04-25,P28A,LFA557,1777144159.24,1777144359.52,200.3,3475.8,113.0,120.0,VFR_level,3500,True,True,False
a7cc0a:2026-04-25T18:01:30Z,florida,2026-04-25,P46T,N601MA,1777140620.55,1777140835.1,214.5,4489.7,5.5,12.5,VFR_level,4500,False,False,False
a7cc0a:2026-04-25T18:01:30Z,florida,2026-04-25,P46T,N601MA,1777141003.23,1777141370.64,367.4,3489.7,40.0,47.0,VFR_level,3500,True,False,False
a7cc0a:2026-04-25T18:01:30Z,florida,2026-04-25,P46T,N601MA,1777142580.15,1777143049.72,469.6,5508.9,243.0,250.0,VFR_level,5500,False,False,False
a7cc0a:2026-04-25T18:01:30Z,florida,2026-04-25,P46T,N601MA,1777143127.91,1777143363.59,235.7,5539.2,200.0,207.0,VFR_level,5500,False,False,False
ac375c:2026-04-25T18:01:21Z,florida,2026-04-25,C172,N634WG,1777140680.73,1777141399.28,718.5,4464.6,338.0,345.0,VFR_level,4500,True,True,False
ac375c:2026-04-25T18:01:21Z,florida,2026-04-25,C172,N634WG,1777141459.01,1777141681.65,222.6,4464.6,348.0,355.0,VFR_level,4500,True,True,False
ac375c:2026-04-25T18:01:21Z,florida,2026-04-25,C172,N634WG,1777141784.54,1777142086.93,302.4,4464.6,348.0,355.0,VFR_level,4500,True,True,False
ac375c:2026-04-25T18:01:21Z,florida,2026-04-25,C172,N634WG,1777142130.69,1777142463.19,332.5,4464.6,339.0,346.0,VFR_level,4500,True,True,False
a364fd:2026-04-25T18:01:13Z,florida,2026-04-25,DA42,ERU318,1777142223.3,1777142418.87,195.6,6244.8,352.0,359.0,off_level,,,True,True
a364fd:2026-04-25T18:01:13Z,florida,2026-04-25,DA42,ERU318,1777142766.5,1777143015.05,248.5,6394.8,160.0,167.0,VFR_level,6500,False,True,False
a5cf20:2026-04-25T18:00:04Z,florida,2026-04-25,P28R,N47337,1777140109.23,1777140496.97,387.7,4539.7,307.0,314.0,VFR_level,4500,True,False,False
ab5c85:2026-04-25T17:58:53Z,florida,2026-04-25,C172,ERU831,1777141279.8,1777142436.08,1156.3,3988.1,36.0,43.0,IFR_level,4000,,False,False
ab5c85:2026-04-25T17:58:53Z,florida,2026-04-25,C172,ERU831,1777143193.67,1777143730.31,536.6,3463.1,44.0,51.0,VFR_level,3500,True,False,False
ab52be:2026-04-25T17:57:02Z,florida,2026-04-25,C172,ERU829,1777141262.79,1777142054.57,791.8,3988.4,345.0,352.0,IFR_level,4000,,False,False
ab52be:2026-04-25T17:57:02Z,florida,2026-04-25,C172,ERU829,1777142069.57,1777142346.11,276.5,3988.4,34.0,41.0,IFR_level,4000,,False,False
ab52be:2026-04-25T17:57:02Z,florida,2026-04-25,C172,ERU829,1777143055.37,1777143556.04,500.7,3488.4,46.0,53.0,VFR_level,3500,True,False,False
ab52be:2026-04-25T17:57:02Z,florida,2026-04-25,C172,ERU829,1777145240.3,1777146773.15,1532.9,4463.4,332.0,339.0,VFR_level,4500,True,True,False
ab52be:2026-04-25T17:57:02Z,florida,2026-04-25,C172,ERU829,1777146871.45,1777147373.37,501.9,4513.4,349.0,356.0,VFR_level,4500,True,True,False
ada41a:2026-04-25T17:56:10Z,florida,2026-04-25,C208,N97826,1777140281.74,1777141523.85,1242.1,7451.7,254.0,261.0,VFR_level,7500,False,False,False
ada41a:2026-04-25T17:56:10Z,florida,2026-04-25,C208,N97826,1777142244.14,1777143017.72,773.6,11451.7,254.0,261.0,VFR_level,11500,False,False,False
ada41a:2026-04-25T17:56:10Z,florida,2026-04-25,C208,N97826,1777143377.16,1777146162.15,2785.0,11451.7,254.0,261.0,VFR_level,11500,False,False,False
ada41a:2026-04-25T17:56:10Z,florida,2026-04-25,C208,N97826,1777147165.7,1777147486.96,321.3,3476.7,254.0,261.0,VFR_level,3500,False,False,False
a094da:2026-04-25T17:52:22Z,florida,2026-04-25,P28R,N1367T,1777139713.7,1777140038.76,325.1,3525.0,279.0,286.0,VFR_level,3500,False,False,False
a094da:2026-04-25T17:52:22Z,florida,2026-04-25,P28R,N1367T,1777140842.97,1777141175.8,332.8,3505.3,279.0,286.0,VFR_level,3500,False,False,False
a81eca:2026-04-25T17:51:45Z,florida,2026-04-25,RV12,N622MM,1777139726.64,1777139996.48,269.8,3009.0,335.0,342.0,IFR_level,3000,,True,False
a66cb8:2026-04-25T17:47:57Z,florida,2026-04-25,P28A,N513BL,1777141264.08,1777141515.18,251.1,3485.4,138.0,145.0,VFR_level,3500,True,False,False
a1a74e:2026-04-25T17:45:40Z,florida,2026-04-25,C172,N20521,1777139245.04,1777140029.96,784.9,3540.0,145.0,152.0,VFR_level,3500,True,False,False
a1a74e:2026-04-25T17:45:40Z,florida,2026-04-25,C172,N20521,1777141007.75,1777141460.47,452.7,3440.0,149.0,156.0,VFR_level,3500,True,False,False
a1a74e:2026-04-25T17:45:40Z,florida,2026-04-25,C172,N20521,1777141546.32,1777141855.6,309.3,3340.0,149.0,156.0,off_level,,,False,False
a1a74e:2026-04-25T17:45:40Z,florida,2026-04-25,C172,N20521,1777142478.78,1777142712.69,233.9,3409.3,147.0,154.0,VFR_level,3500,True,False,False
a06957:2026-04-25T17:41:00Z,florida,2026-04-25,RS21,N1255L,1777139177.93,1777139394.42,216.5,3027.1,267.0,274.0,IFR_level,3000,,True,False
a06957:2026-04-25T17:41:00Z,florida,2026-04-25,RS21,N1255L,1777140859.94,1777141046.25,186.3,3984.2,265.0,272.0,IFR_level,4000,,True,False
a06957:2026-04-25T17:41:00Z,florida,2026-04-25,RS21,N1255L,1777141437.78,1777142070.44,632.7,3959.2,265.0,272.0,IFR_level,4000,,False,False
a010e6:2026-04-25T17:35:43Z,florida,2026-04-25,C172,N103LU,1777142092.51,1777142548.75,456.2,7427.4,125.0,132.0,VFR_level,7500,True,True,False
a8e071:2026-04-25T17:29:52Z,florida,2026-04-25,P28A,LFA530,1777138956.24,1777139159.47,203.2,3466.1,291.0,298.0,VFR_level,3500,False,True,False
a8e071:2026-04-25T17:29:52Z,florida,2026-04-25,P28A,LFA530,1777139419.11,1777139687.29,268.2,3591.1,281.0,288.0,VFR_level,3500,False,True,False
a8e071:2026-04-25T17:29:52Z,florida,2026-04-25,P28A,LFA530,1777139726.48,1777139914.68,188.2,3766.1,281.0,288.0,off_level,,,True,False
a1e548:2026-04-25T17:28:14Z,florida,2026-04-25,RV7,N221FU,1777139827.96,1777140053.04,225.1,10469.1,160.0,167.0,VFR_level,10500,False,True,False
a6a6db:2026-04-25T17:26:32Z,florida,2026-04-25,AA5,N528CC,1777139181.92,1777139373.19,191.3,7455.9,350.0,357.0,VFR_level,7500,False,False,True
a6a6db:2026-04-25T17:26:32Z,florida,2026-04-25,AA5,N528CC,1777139756.11,1777140000.3,244.2,8655.9,303.5,310.5,off_level,,,False,False
a6a6db:2026-04-25T17:26:32Z,florida,2026-04-25,AA5,N528CC,1777140854.87,1777141197.48,342.6,10255.9,356.5,3.5,off_level,,,False,False
a6a6db:2026-04-25T17:26:32Z,florida,2026-04-25,AA5,N528CC,1777141441.17,1777141706.17,265.0,10725.9,359.0,6.0,off_level,,,False,False
ac22d9:2026-04-25T17:19:08Z,florida,2026-04-25,RV8,N881PH,1777137945.08,1777138503.42,558.3,4954.5,176.0,183.0,IFR_level,5000,,False,True
a02afd:2026-04-25T17:17:57Z,florida,2026-04-25,S22T,N11MR,1777138573.06,1777140142.1,1569.0,4470.3,265.0,272.0,VFR_level,4500,True,False,False
a5be2d:2026-04-25T17:16:49Z,florida,2026-04-25,C152,N46953,1777138467.7,1777138702.34,234.6,3544.1,194.0,201.0,VFR_level,3500,False,False,False
a5be2d:2026-04-25T17:16:49Z,florida,2026-04-25,C152,N46953,1777138740.61,1777139064.0,323.4,3544.1,179.0,186.0,VFR_level,3500,False,False,False
a1d332:2026-04-25T17:13:15Z,florida,2026-04-25,C172,N21670,1777137697.99,1777138406.86,708.9,4487.3,342.0,349.0,VFR_level,4500,True,False,False
a1d332:2026-04-25T17:13:15Z,florida,2026-04-25,C172,N21670,1777138445.7,1777138695.88,250.2,4512.3,341.0,348.0,VFR_level,4500,True,False,False
a1d332:2026-04-25T17:13:15Z,florida,2026-04-25,C172,N21670,1777138794.75,1777139491.62,696.9,4487.3,341.0,348.0,VFR_level,4500,True,False,False
a1d332:2026-04-25T17:13:15Z,florida,2026-04-25,C172,N21670,1777141341.03,1777141568.77,227.7,3512.3,128.0,135.0,VFR_level,3500,True,False,False
a1d332:2026-04-25T17:13:15Z,florida,2026-04-25,C172,N21670,1777141914.35,1777142484.79,570.4,3455.0,130.0,137.0,VFR_level,3500,True,False,False
a89f22:2026-04-25T17:09:22Z,florida,2026-04-25,C152,N65483,1777137817.28,1777138057.63,240.4,4824.4,185.0,192.0,off_level,,,False,False
a89f22:2026-04-25T17:09:22Z,florida,2026-04-25,C152,N65483,1777139070.18,1777139258.49,188.3,4724.4,171.0,178.0,off_level,,,False,True
a89f22:2026-04-25T17:09:22Z,florida,2026-04-25,C152,N65483,1777139352.53,1777139549.34,196.8,4524.4,174.0,181.0,VFR_level,4500,True,False,True
a89f22:2026-04-25T17:09:22Z,florida,2026-04-25,C152,N65483,1777139806.19,1777140004.95,198.8,4224.4,181.0,188.0,off_level,,,False,False
a31fc4:2026-04-25T17:06:47Z,florida,2026-04-25,C182,N300EP,1777137101.66,1777137409.68,308.0,4343.0,291.0,298.0,off_level,,,False,False
a3c774:2026-04-25T17:05:01Z,florida,2026-04-25,C77R,N34221,1777137030.93,1777140121.7,3090.8,3559.0,159.0,166.0,VFR_level,3500,True,False,False
a3c774:2026-04-25T17:05:01Z,florida,2026-04-25,C77R,N34221,1777140304.17,1777140668.12,363.9,3584.0,159.0,166.0,VFR_level,3500,True,False,False
a41b0f:2026-04-25T17:00:44Z,florida,2026-04-25,C172,N3639L,1777137562.11,1777137745.55,183.4,4499.9,1.0,8.0,VFR_level,4500,False,True,False
aa3589:2026-05-13T18:54:34Z,florida,2026-05-13,C421,N757RH,1778699508.0,1778699879.65,371.7,3927.7,308.0,315.0,IFR_level,4000,,True,False
aa3589:2026-05-13T18:54:34Z,florida,2026-05-13,C421,N757RH,1778700200.17,1778700415.59,215.4,3627.7,310.0,317.0,VFR_level,3500,False,True,False
aa3589:2026-05-13T18:54:34Z,florida,2026-05-13,C421,N757RH,1778700491.8,1778701557.13,1065.3,3897.6,310.0,317.0,IFR_level,4000,,True,False
a60d3e:2026-05-13T18:51:34Z,florida,2026-05-13,C172,N4896M,1778710785.77,1778711248.91,463.1,4541.8,314.0,321.0,VFR_level,4500,True,False,False
a60d3e:2026-05-13T18:51:34Z,florida,2026-05-13,C172,N4896M,1778711645.59,1778711905.11,259.5,4541.8,296.0,303.0,VFR_level,4500,True,False,False
a60d3e:2026-05-13T18:51:34Z,florida,2026-05-13,C172,N4896M,1778711925.43,1778713251.85,1326.4,4541.8,318.0,325.0,VFR_level,4500,True,False,False
a85e61:2026-05-13T18:50:27Z,florida,2026-05-13,T206,N6384J,1778698661.1,1778698969.48,308.4,3461.0,133.0,140.0,VFR_level,3500,True,False,False
a85e61:2026-05-13T18:50:27Z,florida,2026-05-13,T206,N6384J,1778699008.43,1778699349.77,341.3,3461.0,128.0,135.0,VFR_level,3500,True,False,False
a85e61:2026-05-13T18:50:27Z,florida,2026-05-13,T206,N6384J,1778700788.71,1778701015.35,226.6,3486.0,131.0,138.0,VFR_level,3500,True,False,False
a66193:2026-05-13T18:47:03Z,florida,2026-05-13,P28A,N510BL,1778699300.82,1778699592.88,292.1,3353.2,106.0,113.0,VFR_level,3500,True,False,False
a1f4b1:2026-05-13T18:38:45Z,florida,2026-05-13,S22T,N225MK,1778697931.81,1778698149.31,217.5,5461.6,67.0,74.0,VFR_level,5500,True,False,False
a5e7bd:2026-05-13T18:23:16Z,florida,2026-05-13,DHC6,NOAA48,1778697091.42,1778697276.47,185.0,9520.7,146.0,153.0,VFR_level,9500,True,False,False
a5e7bd:2026-05-13T18:23:16Z,florida,2026-05-13,DHC6,NOAA48,1778697422.32,1778697621.98,199.7,9445.7,168.5,175.5,VFR_level,9500,True,False,False
a5e7bd:2026-05-13T18:23:16Z,florida,2026-05-13,DHC6,NOAA48,1778698070.93,1778698310.99,240.1,9495.7,149.0,156.0,VFR_level,9500,True,False,False
a9e9db:2026-05-13T18:12:11Z,florida,2026-05-13,C172,N738ME,1778697940.19,1778698137.19,197.0,4605.9,162.0,169.0,VFR_level,4500,False,True,False
a9e9db:2026-05-13T18:12:11Z,florida,2026-05-13,C172,N738ME,1778698254.63,1778698654.87,400.2,4605.9,150.0,157.0,VFR_level,4500,False,True,False
a9e9db:2026-05-13T18:12:11Z,florida,2026-05-13,C172,N738ME,1778699328.38,1778699600.89,272.5,4505.9,159.0,166.0,VFR_level,4500,False,True,False
a9e9db:2026-05-13T18:12:11Z,florida,2026-05-13,C172,N738ME,1778699908.94,1778700190.33,281.4,4305.9,158.0,165.0,off_level,,,True,False
acf948:2026-05-13T17:52:25Z,florida,2026-05-13,PA44,LFA688,1778695599.87,1778695841.64,241.8,5108.8,300.0,307.0,IFR_level,5000,,True,False
acf948:2026-05-13T17:52:25Z,florida,2026-05-13,PA44,LFA688,1778695977.53,1778696183.59,206.1,5133.8,300.0,307.0,IFR_level,5000,,True,False
a5ef37:2026-05-13T17:50:47Z,florida,2026-05-13,C172,N4814C,1778697404.81,1778697765.06,360.2,3632.0,56.0,63.0,VFR_level,3500,True,False,False
aad751:2026-05-13T17:49:34Z,florida,2026-05-13,PC12,N798SD,1778695283.69,1778695663.68,380.0,16463.0,276.0,283.0,VFR_level,16500,True,True,False
aad751:2026-05-13T17:49:34Z,florida,2026-05-13,PC12,N798SD,1778695677.42,1778695971.32,293.9,16463.0,289.0,296.0,VFR_level,16500,True,True,False
adeca0:2026-05-13T17:47:10Z,florida,2026-05-13,C172,N99697,1778695159.34,1778695459.42,300.1,3458.4,284.0,291.0,VFR_level,3500,False,False,False
ac9e3d:2026-05-13T17:33:37Z,florida,2026-05-13,P28A,N912BL,1778696077.02,1778696317.63,240.6,3486.2,215.0,222.0,VFR_level,3500,False,False,False
a8cf2d:2026-05-13T17:29:15Z,florida,2026-05-13,BE20,N667KT,1778694919.61,1778695100.89,181.3,4311.4,137.0,144.0,off_level,,,True,False
a96fa3:2026-05-13T17:23:55Z,florida,2026-05-13,PA44,N707MA,1778693718.16,1778693965.14,247.0,7462.8,145.0,152.0,VFR_level,7500,True,False,False
a2d944:2026-05-13T17:16:35Z,florida,2026-05-13,P28A,N283BL,1778693501.32,1778693784.98,283.7,3515.5,160.0,167.0,VFR_level,3500,True,False,False
a2d944:2026-05-13T17:16:35Z,florida,2026-05-13,P28A,N283BL,1778693862.72,1778694203.9,341.2,3465.5,160.0,167.0,VFR_level,3500,True,False,False
a9ec43:2026-05-13T17:05:26Z,florida,2026-05-13,BE36,N7388R,1778692128.3,1778692350.41,222.1,3643.9,161.0,168.0,VFR_level,3500,True,False,False
a9ec43:2026-05-13T17:05:26Z,florida,2026-05-13,BE36,N7388R,1778692360.75,1778692654.62,293.9,3443.9,154.0,161.0,VFR_level,3500,True,False,False
a194bf:2026-06-20T17:54:59Z,florida,2026-06-20,C172,N20025,1781979075.05,1781979632.43,557.4,3062.3,337.0,344.0,IFR_level,3000,,False,False
a194bf:2026-06-20T17:54:59Z,florida,2026-06-20,C172,N20025,1781979703.44,1781980397.77,694.3,3462.3,333.0,340.0,VFR_level,3500,False,False,False
a194bf:2026-06-20T17:54:59Z,florida,2026-06-20,C172,N20025,1781980425.18,1781980972.71,547.5,3762.3,333.0,340.0,off_level,,,False,False
a194bf:2026-06-20T17:54:59Z,florida,2026-06-20,C172,N20025,1781981044.82,1781981365.88,321.1,3562.3,334.0,341.0,VFR_level,3500,False,False,False
a1e7a0:2026-01-14T20:58:44Z,texas,2026-01-14,P28B,N2214D,1768424509.01,1768424905.91,396.9,4671.3,258.0,256.0,off_level,,,True,False
aadde7:2026-01-14T20:54:30Z,texas,2026-01-14,P28R,N8HN,1768424821.29,1768425006.54,185.2,4256.0,79.0,77.0,off_level,,,False,False
aadde7:2026-01-14T20:54:30Z,texas,2026-01-14,P28R,N8HN,1768425687.42,1768425876.67,189.2,4156.0,98.0,96.0,off_level,,,False,False
ae171f:2026-01-14T20:50:31Z,texas,2026-01-14,TEX2,ROVE13,1768423952.46,1768424193.48,241.0,8548.6,248.0,246.0,VFR_level,8500,True,False,False
ae171f:2026-01-14T20:50:31Z,texas,2026-01-14,TEX2,ROVE13,1768424221.85,1768425485.53,1263.7,8498.6,248.0,246.0,VFR_level,8500,True,False,False
ae171f:2026-01-14T20:50:31Z,texas,2026-01-14,TEX2,ROVE13,1768425705.91,1768426009.9,304.0,8553.6,248.0,246.0,VFR_level,8500,True,True,False
ae171f:2026-01-14T20:50:31Z,texas,2026-01-14,TEX2,ROVE13,1768426226.51,1768426445.57,219.1,8503.6,246.0,244.0,VFR_level,8500,True,True,False
a55b86:2026-01-14T20:48:17Z,texas,2026-01-14,BE35,N444X,1768424858.76,1768425831.38,972.6,6537.1,294.0,292.0,VFR_level,6500,True,False,False
a13297:2026-01-14T20:48:16Z,texas,2026-01-14,BE35,N17650,1768424374.05,1768425006.48,632.4,7850.5,143.0,141.0,IFR_level,8000,,True,False
a13297:2026-01-14T20:48:16Z,texas,2026-01-14,BE35,N17650,1768425452.43,1768425858.63,406.2,7611.1,141.0,139.0,VFR_level,7500,True,True,False
aab3b4:2026-01-14T20:38:56Z,texas,2026-01-14,S22T,N789TX,1768423764.35,1768425158.45,1394.1,6495.5,187.0,185.0,VFR_level,6500,True,False,False
a348b3:2026-01-14T20:35:01Z,texas,2026-01-14,C310,N310VG,1768423540.2,1768423957.94,417.7,6511.6,195.0,193.0,VFR_level,6500,True,False,False
a348b3:2026-01-14T20:35:01Z,texas,2026-01-14,C310,N310VG,1768423979.98,1768424325.18,345.2,6511.6,180.0,178.0,VFR_level,6500,False,False,True
a348b3:2026-01-14T20:35:01Z,texas,2026-01-14,C310,N310VG,1768424426.4,1768425285.33,858.9,6511.6,210.0,208.0,VFR_level,6500,True,False,False
a8b533:2026-01-14T20:32:15Z,texas,2026-01-14,DA40,LTA660,1768433708.08,1768433921.21,213.1,3549.2,97.0,95.0,VFR_level,3500,True,True,False
a0a0d0:2026-01-14T20:25:17Z,texas,2026-01-14,RV10,N14EW,1768423966.3,1768424458.2,491.9,13419.1,162.0,160.0,VFR_level,13500,True,False,False
a0a0d0:2026-01-14T20:25:17Z,texas,2026-01-14,RV10,N14EW,1768424537.3,1768425399.8,862.5,13419.1,162.0,160.0,VFR_level,13500,True,False,False
a0a0d0:2026-01-14T20:25:17Z,texas,2026-01-14,RV10,N14EW,1768430740.38,1768432188.15,1447.8,13487.1,173.0,171.0,VFR_level,13500,True,False,False
a1affd:2026-01-14T20:14:44Z,texas,2026-01-14,C208,N208CR,1768425640.46,1768426752.13,1111.7,10488.6,303.0,301.0,VFR_level,10500,True,True,False
ae1ed9:2026-01-14T20:13:04Z,texas,2026-01-14,TEX2,BOMR866,1768422022.09,1768422271.21,249.1,6532.0,200.0,198.0,VFR_level,6500,True,False,False
ae1ed9:2026-01-14T20:13:04Z,texas,2026-01-14,TEX2,BOMR866,1768422334.77,1768422552.28,217.5,6532.0,200.0,198.0,VFR_level,6500,True,False,False
ae1ed9:2026-01-14T20:13:04Z,texas,2026-01-14,TEX2,BOMR866,1768422595.13,1768423053.47,458.3,6532.0,200.0,198.0,VFR_level,6500,True,False,False
ae1ed9:2026-01-14T20:13:04Z,texas,2026-01-14,TEX2,BOMR866,1768423074.53,1768423365.51,291.0,6507.0,200.0,198.0,VFR_level,6500,True,False,False
a69bd2:2026-01-14T20:11:07Z,texas,2026-01-14,B350,N525DF,1768422278.23,1768422859.61,581.4,16490.4,217.0,215.0,VFR_level,16500,True,False,False
a69bd2:2026-01-14T20:11:07Z,texas,2026-01-14,B350,N525DF,1768422864.25,1768423579.42,715.2,16465.4,197.0,195.0,VFR_level,16500,True,False,False
a69bd2:2026-01-14T20:11:07Z,texas,2026-01-14,B350,N525DF,1768423591.47,1768423868.44,277.0,16465.4,232.0,230.0,VFR_level,16500,True,False,False
a33541:2026-01-14T20:05:54Z,texas,2026-01-14,C182,N3057Q,1768421703.16,1768425316.75,3613.6,5515.0,73.0,71.0,VFR_level,5500,True,False,False
a77870:2026-01-14T20:05:27Z,texas,2026-01-14,M20P,N5801N,1768423062.31,1768423255.59,193.3,5492.9,88.0,86.0,VFR_level,5500,True,True,False
a77870:2026-01-14T20:05:27Z,texas,2026-01-14,M20P,N5801N,1768423362.24,1768423769.83,407.6,5467.9,88.0,86.0,VFR_level,5500,True,True,False
a21862:2026-01-14T19:50:51Z,texas,2026-01-14,DA42,N234LM,1768420977.28,1768422625.2,1647.9,11520.6,106.0,104.0,VFR_level,11500,True,True,False
a976c9:2026-01-14T19:41:22Z,texas,2026-01-14,BE36,N709JD,1768421403.96,1768422076.82,672.9,10391.3,207.0,205.0,VFR_level,10500,True,False,False
a976c9:2026-01-14T19:41:22Z,texas,2026-01-14,BE36,N709JD,1768422131.21,1768423014.57,883.4,10591.3,208.0,206.0,VFR_level,10500,True,False,False
a976c9:2026-01-14T19:41:22Z,texas,2026-01-14,BE36,N709JD,1768423088.61,1768423538.12,449.5,10491.3,205.0,203.0,VFR_level,10500,True,False,False
a976c9:2026-01-14T19:41:22Z,texas,2026-01-14,BE36,N709JD,1768423613.32,1768423817.51,204.2,10391.3,208.0,206.0,VFR_level,10500,True,False,False
ac45a6:2026-01-14T19:30:40Z,texas,2026-01-14,S22T,N890DG,1768419391.57,1768419976.0,584.4,4494.0,227.0,225.0,VFR_level,4500,True,False,False
a8ee2e:2026-01-14T19:30:29Z,texas,2026-01-14,BE36,N6749G,1768419348.29,1768419551.25,203.0,4725.0,76.0,74.0,off_level,,,False,False
ac0a7c:2026-01-14T19:27:44Z,texas,2026-01-14,P28A,N875SC,1768418974.34,1768419586.49,612.2,6475.4,358.0,356.0,VFR_level,6500,True,False,False
ac0a7c:2026-01-14T19:27:44Z,texas,2026-01-14,P28A,N875SC,1768419800.62,1768420981.55,1180.9,4475.4,358.0,356.0,VFR_level,4500,True,True,False
ac0a7c:2026-01-14T19:27:44Z,texas,2026-01-14,P28A,N875SC,1768425814.07,1768426022.58,208.5,4456.3,358.0,356.0,VFR_level,4500,True,True,False
a79c8c:2026-01-14T19:15:57Z,texas,2026-01-14,DA50,N59RG,1768418719.52,1768421586.97,2867.5,4482.6,352.0,350.0,VFR_level,4500,True,False,False
ad0faa:2026-01-14T19:13:25Z,texas,2026-01-14,T206,N9401G,1768418072.8,1768424300.86,6228.1,5460.9,22.0,20.0,VFR_level,5500,True,False,False
aad73d:2026-01-14T19:08:48Z,texas,2026-01-14,SR22,N798RJ,1768418220.84,1768418506.57,285.7,6490.7,312.0,310.0,VFR_level,6500,True,False,False
aad73d:2026-01-14T19:08:48Z,texas,2026-01-14,SR22,N798RJ,1768419300.2,1768420695.63,1395.4,6621.2,248.0,246.0,VFR_level,6500,True,False,False
aad73d:2026-01-14T19:08:48Z,texas,2026-01-14,SR22,N798RJ,1768420863.34,1768421443.73,580.4,4652.3,248.0,246.0,off_level,,,False,False
acd3fd:2026-01-14T18:51:59Z,texas,2026-01-14,PA44,ASI1029,1768416997.79,1768417217.6,219.8,5484.6,62.0,60.0,VFR_level,5500,True,False,False
acd3fd:2026-01-14T18:51:59Z,texas,2026-01-14,PA44,ASI1029,1768420535.03,1768420872.55,337.5,4584.6,211.0,209.0,VFR_level,4500,True,True,False
a7e435:2026-01-14T18:33:36Z,texas,2026-01-14,BE36,N6074S,1768415903.11,1768416511.97,608.9,5490.2,39.0,37.0,VFR_level,5500,True,False,False
abed8b:2026-01-14T18:29:11Z,texas,2026-01-14,C182,N868LB,1768415538.63,1768416555.97,1017.3,4456.5,324.0,322.0,VFR_level,4500,True,False,False
abed8b:2026-01-14T18:29:11Z,texas,2026-01-14,C182,N868LB,1768416636.11,1768416828.12,192.0,4481.5,321.0,319.0,VFR_level,4500,True,False,False
a997a2:2026-01-14T18:23:02Z,texas,2026-01-14,RV9,N717SD,1768415518.77,1768418552.8,3034.0,4473.9,358.0,356.0,VFR_level,4500,True,False,False
a997a2:2026-01-14T18:23:02Z,texas,2026-01-14,RV9,N717SD,1768418593.08,1768418974.51,381.4,4448.9,359.0,357.0,VFR_level,4500,True,False,True
a9ae5c:2026-01-14T18:22:16Z,texas,2026-01-14,BE36,N7227W,1768415051.71,1768416509.72,1458.0,6442.1,246.0,244.0,VFR_level,6500,True,False,False
a8ee2e:2026-01-14T18:21:58Z,texas,2026-01-14,BE36,N6749G,1768415099.79,1768415309.12,209.3,4402.0,254.0,252.0,VFR_level,4500,True,False,False
a016ad:2026-01-14T18:15:44Z,texas,2026-01-14,M20P,N1045X,1768414544.17,1768415984.51,1440.3,9346.3,111.0,109.0,off_level,,,False,False
a9dd6d:2026-01-14T17:51:02Z,texas,2026-01-14,C82R,N7348X,1768413789.1,1768414528.18,739.1,5513.0,61.0,59.0,VFR_level,5500,True,True,False
a9dd6d:2026-01-14T17:51:02Z,texas,2026-01-14,C82R,N7348X,1768415872.68,1768416732.61,859.9,5477.8,73.0,71.0,VFR_level,5500,True,False,False
a77602:2026-01-14T17:40:41Z,texas,2026-01-14,BE20,N580BA,1768412820.05,1768413310.16,490.1,14440.6,208.0,206.0,VFR_level,14500,True,False,False
ad4bce:2026-01-14T17:40:08Z,texas,2026-01-14,CH7B,N956JW,1768414088.2,1768414299.31,211.1,5570.8,152.0,150.0,VFR_level,5500,True,False,False
ad4bce:2026-01-14T17:40:08Z,texas,2026-01-14,CH7B,N956JW,1768414395.8,1768414729.4,333.6,5345.8,152.0,150.0,off_level,,,False,False
ad4bce:2026-01-14T17:40:08Z,texas,2026-01-14,CH7B,N956JW,1768414842.33,1768415369.79,527.5,5220.8,152.0,150.0,off_level,,,False,False
ad4bce:2026-01-14T17:40:08Z,texas,2026-01-14,CH7B,N956JW,1768415469.19,1768415669.88,200.7,5345.8,152.0,150.0,off_level,,,False,False
ad4bce:2026-01-14T17:40:08Z,texas,2026-01-14,CH7B,N956JW,1768416073.06,1768416275.43,202.4,4515.8,152.0,150.0,VFR_level,4500,False,False,False
ad4bce:2026-01-14T17:40:08Z,texas,2026-01-14,CH7B,N956JW,1768416334.35,1768416717.46,383.1,4390.8,152.0,150.0,VFR_level,4500,False,False,False
ad4bce:2026-01-14T17:40:08Z,texas,2026-01-14,CH7B,N956JW,1768417062.45,1768417245.35,182.9,3933.6,152.0,150.0,IFR_level,4000,,False,False
ad4bce:2026-01-14T17:40:08Z,texas,2026-01-14,CH7B,N956JW,1768417654.35,1768418163.31,509.0,3658.6,152.0,150.0,off_level,,,False,False
ad4bce:2026-01-14T17:40:08Z,texas,2026-01-14,CH7B,N956JW,1768418410.58,1768419337.54,927.0,3283.6,152.0,150.0,off_level,,,False,False
ad4bce:2026-01-14T17:40:08Z,texas,2026-01-14,CH7B,N956JW,1768419365.26,1768419605.47,240.2,3478.4,152.0,150.0,VFR_level,3500,True,False,False
a02b5c:2026-01-14T17:33:20Z,texas,2026-01-14,BT36,N11RL,1768412000.65,1768412517.69,517.0,9604.8,109.0,107.0,VFR_level,9500,True,False,False
a02b5c:2026-01-14T17:33:20Z,texas,2026-01-14,BT36,N11RL,1768423117.01,1768423809.49,692.5,9461.5,104.0,102.0,VFR_level,9500,True,False,False
a02b5c:2026-01-14T17:33:20Z,texas,2026-01-14,BT36,N11RL,1768423960.27,1768424184.57,224.3,9481.5,113.0,111.0,VFR_level,9500,True,False,False
a02b5c:2026-01-14T17:33:20Z,texas,2026-01-14,BT36,N11RL,1768424931.69,1768425119.02,187.3,9849.4,109.0,107.0,off_level,,,False,False
a02b5c:2026-01-14T17:33:20Z,texas,2026-01-14,BT36,N11RL,1768425343.88,1768425576.01,232.1,9399.4,92.0,90.0,VFR_level,9500,True,False,False
a02b5c:2026-01-14T17:33:20Z,texas,2026-01-14,BT36,N11RL,1768426278.39,1768426631.92,353.5,9392.7,106.0,104.0,VFR_level,9500,True,False,False
a3e752:2026-01-14T17:12:20Z,texas,2026-01-14,C172,N3501K,1768411078.24,1768411293.6,215.4,4640.0,240.0,238.0,VFR_level,4500,True,False,False
a3e752:2026-01-14T17:12:20Z,texas,2026-01-14,C172,N3501K,1768411453.38,1768411848.61,395.2,4590.0,245.0,243.0,VFR_level,4500,True,False,False
a011b5:2026-01-14T17:11:41Z,texas,2026-01-14,SR20,N103VA,1768411769.97,1768412358.52,588.5,5478.1,327.0,325.0,VFR_level,5500,False,False,False
a6e3c3:2026-01-14T17:11:30Z,texas,2026-01-14,BE9L,N543HC,1768416189.97,1768417437.39,1247.4,11508.1,359.0,357.0,VFR_level,11500,False,True,True
a79c8c:2026-01-14T17:11:09Z,texas,2026-01-14,DA50,N59RG,1768411627.96,1768412136.82,508.9,5508.8,84.0,82.0,VFR_level,5500,True,True,False
a79c8c:2026-01-14T17:11:09Z,texas,2026-01-14,DA50,N59RG,1768413483.54,1768413698.6,215.1,5383.8,103.0,101.0,VFR_level,5500,True,False,False
ab0aed:2026-02-21T20:57:02Z,texas,2026-02-21,C172,N810SA,1771707812.82,1771708020.36,207.5,4566.0,253.0,251.0,VFR_level,4500,True,False,False
adb5b3:2026-02-21T20:55:58Z,texas,2026-02-21,C172,N98251,1771707934.54,1771708208.21,273.7,4535.3,284.0,282.0,VFR_level,4500,True,False,False
a42089:2026-02-21T20:36:57Z,texas,2026-02-21,T6,N365TA,1771706217.89,1771707042.5,824.6,7328.2,114.0,112.0,off_level,,,False,False
a42089:2026-02-21T20:36:57Z,texas,2026-02-21,T6,N365TA,1771707108.32,1771707345.87,237.5,7328.2,112.0,110.0,off_level,,,False,False
a42089:2026-02-21T20:36:57Z,texas,2026-02-21,T6,N365TA,1771707594.02,1771708170.79,576.8,7196.4,118.0,116.0,off_level,,,False,False
a00e54:2026-02-21T20:30:54Z,texas,2026-02-21,M20P,N102YM,1771706218.07,1771706514.16,296.1,5478.5,70.0,68.0,VFR_level,5500,True,False,False
a00e54:2026-02-21T20:30:54Z,texas,2026-02-21,M20P,N102YM,1771707355.95,1771708287.89,931.9,5478.5,175.0,173.0,VFR_level,5500,True,False,False
a96262:2026-02-21T20:28:39Z,texas,2026-02-21,C150,N7032S,1771708404.48,1771708590.68,186.2,5392.3,143.0,141.0,VFR_level,5500,True,False,False
abcb74:2026-02-21T20:26:53Z,texas,2026-02-21,T206,N8592Q,1771705945.02,1771707549.18,1604.2,4404.8,288.0,286.0,VFR_level,4500,True,True,False
a6c92b:2026-02-21T20:18:07Z,texas,2026-02-21,C172,N53603,1771705495.38,1771705854.14,358.8,4505.8,199.0,197.0,VFR_level,4500,True,False,False
a6c92b:2026-02-21T20:18:07Z,texas,2026-02-21,C172,N53603,1771706239.45,1771706597.11,357.7,4980.8,199.0,197.0,IFR_level,5000,,False,False
a6c92b:2026-02-21T20:18:07Z,texas,2026-02-21,C172,N53603,1771706664.32,1771706857.04,192.7,4930.8,199.0,197.0,IFR_level,5000,,False,False
a6c92b:2026-02-21T20:18:07Z,texas,2026-02-21,C172,N53603,1771707000.17,1771707271.16,271.0,4980.8,199.0,197.0,IFR_level,5000,,False,False
a6c92b:2026-02-21T20:18:07Z,texas,2026-02-21,C172,N53603,1771707276.1,1771707476.23,200.1,4955.8,199.0,197.0,IFR_level,5000,,False,False
a09f67:2026-02-21T20:12:03Z,texas,2026-02-21,C185,N1393F,1771705343.22,1771705600.8,257.6,7501.3,75.0,73.0,VFR_level,7500,True,False,False
a09f67:2026-02-21T20:12:03Z,texas,2026-02-21,C185,N1393F,1771705637.8,1771705887.2,249.4,7651.3,77.0,75.0,off_level,,,False,False
ac73ab:2026-02-21T19:43:06Z,texas,2026-02-21,C172,N901J,1771704308.16,1771704489.67,181.5,4549.3,150.0,148.0,VFR_level,4500,False,False,False
ac73ab:2026-02-21T19:43:06Z,texas,2026-02-21,C172,N901J,1771704645.56,1771704931.76,286.2,4349.3,150.0,148.0,off_level,,,False,False
a66a0d:2026-02-21T19:42:06Z,texas,2026-02-21,C172,N512ND,1771705051.26,1771705368.79,317.5,5501.9,124.0,122.0,VFR_level,5500,True,False,False
a66a0d:2026-02-21T19:42:06Z,texas,2026-02-21,C172,N512ND,1771705944.9,1771706138.32,193.4,6101.9,124.0,122.0,IFR_level,6000,,False,False
ac9f5f:2026-02-21T19:29:53Z,texas,2026-02-21,P28A,,1771706851.1,1771707290.04,438.9,5391.5,71.0,69.0,VFR_level,5500,True,True,False
ac9f5f:2026-02-21T19:29:53Z,texas,2026-02-21,P28A,,1771707459.21,1771707924.41,465.2,5491.5,75.0,73.0,VFR_level,5500,True,True,False
a91768:2026-02-21T19:06:17Z,texas,2026-02-21,C172,N685SP,1771701204.89,1771701390.45,185.6,5593.3,108.0,106.0,VFR_level,5500,True,False,False
a55a15:2026-02-21T18:49:28Z,texas,2026-02-21,SR20,N444GF,1771700187.39,1771700563.12,375.7,5542.1,5.0,3.0,VFR_level,5500,True,False,True
a55a15:2026-02-21T18:49:28Z,texas,2026-02-21,SR20,N444GF,1771700581.42,1771700984.33,402.9,5517.1,5.0,3.0,VFR_level,5500,True,False,True
a55a15:2026-02-21T18:49:28Z,texas,2026-02-21,SR20,N444GF,1771701612.23,1771701922.24,310.0,4467.1,5.0,3.0,VFR_level,4500,False,True,True
a742aa:2026-02-21T18:33:13Z,texas,2026-02-21,C182,N567TX,1771699317.92,1771699641.53,323.6,7449.7,78.0,76.0,VFR_level,7500,True,False,False
a742aa:2026-02-21T18:33:13Z,texas,2026-02-21,C182,N567TX,1771699720.14,1771700130.72,410.6,7399.7,78.0,76.0,VFR_level,7500,True,False,False
a742aa:2026-02-21T18:33:13Z,texas,2026-02-21,C182,N567TX,1771700151.7,1771700378.62,226.9,7449.7,75.0,73.0,VFR_level,7500,True,False,False
a742aa:2026-02-21T18:33:13Z,texas,2026-02-21,C182,N567TX,1771700400.18,1771700831.77,431.6,7474.7,78.0,76.0,VFR_level,7500,True,False,False
ac757a:2026-02-21T18:28:54Z,texas,2026-02-21,C120,N90113,1771698534.68,1771698824.59,289.9,7703.3,99.0,97.0,off_level,,,False,False
ac757a:2026-02-21T18:28:54Z,texas,2026-02-21,C120,N90113,1771699051.84,1771699306.72,254.9,7303.3,99.0,97.0,off_level,,,False,False
ac757a:2026-02-21T18:28:54Z,texas,2026-02-21,C120,N90113,1771699617.09,1771699890.68,273.6,7703.3,99.0,97.0,off_level,,,False,False
ac757a:2026-02-21T18:28:54Z,texas,2026-02-21,C120,N90113,1771700230.9,1771700435.88,205.0,6003.3,99.0,97.0,IFR_level,6000,,False,False
ac757a:2026-02-21T18:28:54Z,texas,2026-02-21,C120,N90113,1771700463.58,1771700671.81,208.2,5872.2,99.0,97.0,IFR_level,6000,,False,False
a6378e:2026-02-21T18:15:54Z,texas,2026-02-21,T6,N5ZS,1771698025.89,1771698635.02,609.1,5303.5,187.0,185.0,off_level,,,True,False
a1cbc3:2026-02-21T18:08:47Z,texas,2026-02-21,P28B,N2147Z,1771697564.02,1771698864.13,1300.1,5443.0,173.0,171.0,VFR_level,5500,True,False,False
a1cbc3:2026-02-21T18:08:47Z,texas,2026-02-21,P28B,N2147Z,1771698896.57,1771699895.29,998.7,5498.4,153.0,151.0,VFR_level,5500,True,False,False
a00e54:2026-02-21T18:05:24Z,texas,2026-02-21,M20P,N102YM,1771697509.87,1771697804.98,295.1,4447.5,286.0,284.0,VFR_level,4500,True,False,False
a00e54:2026-02-21T18:05:24Z,texas,2026-02-21,M20P,N102YM,1771697880.98,1771698140.14,259.2,4447.5,280.0,278.0,VFR_level,4500,True,False,False
a02f52:2026-02-21T18:05:11Z,texas,2026-02-21,S22T,N1105Z,1771698641.01,1771698904.04,263.0,5520.9,153.0,151.0,VFR_level,5500,True,False,False
a02f52:2026-02-21T18:05:11Z,texas,2026-02-21,S22T,N1105Z,1771699141.63,1771699341.8,200.2,5495.9,149.0,147.0,VFR_level,5500,True,False,False
a9e5b5:2026-02-21T18:03:58Z,texas,2026-02-21,C172,N737GU,1771698746.29,1771698951.39,205.1,4203.7,139.0,137.0,off_level,,,False,False
a9dd6d:2026-02-21T17:52:57Z,texas,2026-02-21,C82R,N7348X,1771697226.06,1771697547.62,321.6,4636.1,323.0,321.0,VFR_level,4500,True,True,False
a9dd6d:2026-02-21T17:52:57Z,texas,2026-02-21,C82R,N7348X,1771698417.71,1771698685.93,268.2,6486.1,323.0,321.0,VFR_level,6500,True,True,False
a9dd6d:2026-02-21T17:52:57Z,texas,2026-02-21,C82R,N7348X,1771698956.11,1771699594.59,638.5,6511.1,323.0,321.0,VFR_level,6500,True,False,False
ada51a:2026-02-21T17:49:15Z,texas,2026-02-21,P32R,N979AF,1771696657.86,1771698082.84,1425.0,6486.0,297.0,295.0,VFR_level,6500,True,False,False
acac74:2026-02-21T17:48:53Z,texas,2026-02-21,C182,N9156M,1771696409.51,1771697362.69,953.2,5630.2,110.0,108.0,VFR_level,5500,True,True,False
a67893:2026-02-21T17:45:23Z,texas,2026-02-21,RV6,N516JT,1771696181.49,1771696504.42,322.9,4536.9,353.0,351.0,VFR_level,4500,True,False,False
a67893:2026-02-21T17:45:23Z,texas,2026-02-21,RV6,N516JT,1771696807.63,1771697004.51,196.9,4461.9,239.0,237.0,VFR_level,4500,True,False,False
a67893:2026-02-21T17:45:23Z,texas,2026-02-21,RV6,N516JT,1771697219.6,1771697437.26,217.7,4486.9,266.0,264.0,VFR_level,4500,True,False,False
a67893:2026-02-21T17:45:23Z,texas,2026-02-21,RV6,N516JT,1771697470.26,1771697653.16,182.9,4486.9,203.0,201.0,VFR_level,4500,True,False,False
a67893:2026-02-21T17:45:23Z,texas,2026-02-21,RV6,N516JT,1771699006.15,1771699203.01,196.9,3686.9,14.0,12.0,off_level,,,False,False
a9d2e8:2026-02-21T17:43:52Z,texas,2026-02-21,C210,N732EL,1771696139.52,1771697101.89,962.4,5476.3,130.0,128.0,VFR_level,5500,True,False,False
a9d2e8:2026-02-21T17:43:52Z,texas,2026-02-21,C210,N732EL,1771697813.53,1771698022.8,209.3,5415.1,130.0,128.0,VFR_level,5500,True,False,False
a5d2b3:2026-02-21T17:42:16Z,texas,2026-02-21,P28A,N47426,1771696542.71,1771696838.08,295.4,5682.9,145.0,143.0,off_level,,,False,False
a65aad:2026-02-21T17:36:01Z,texas,2026-02-21,T206,N50848,1771695638.9,1771701711.26,6072.4,5521.4,6.0,4.0,VFR_level,5500,True,False,False
a65aad:2026-02-21T17:36:01Z,texas,2026-02-21,T206,N50848,1771702268.32,1771703993.91,1725.6,5614.4,6.0,4.0,VFR_level,5500,True,True,False
aced72:2026-02-21T17:32:04Z,texas,2026-02-21,SR20,N932DR,1771695339.17,1771695828.15,489.0,4510.7,259.0,257.0,VFR_level,4500,True,False,False
a1221c:2026-02-21T17:13:05Z,texas,2026-02-21,C172,N172RK,1771694774.17,1771695204.5,430.3,3571.6,93.0,91.0,VFR_level,3500,True,True,False
a1221c:2026-02-21T17:13:05Z,texas,2026-02-21,C172,N172RK,1771695560.25,1771695751.06,190.8,3571.6,93.0,91.0,VFR_level,3500,True,True,False
a1221c:2026-02-21T17:13:05Z,texas,2026-02-21,C172,N172RK,1771695924.97,1771696115.93,191.0,3571.6,94.5,92.5,VFR_level,3500,True,True,False
a2511b:2026-02-21T17:08:16Z,texas,2026-02-21,C172,N2487Y,1771696766.71,1771697021.38,254.7,5485.9,80.0,78.0,VFR_level,5500,True,True,False
a3d1d8:2026-02-21T17:07:32Z,texas,2026-02-21,C82S,N345WC,1771695378.2,1771696245.76,867.6,5512.2,154.0,152.0,VFR_level,5500,True,False,False
a45e3d:2026-02-21T17:04:49Z,texas,2026-02-21,C172,N3804Q,1771694983.58,1771695214.6,231.0,4560.0,190.0,188.0,VFR_level,4500,True,False,False
a91768:2026-02-21T17:03:49Z,texas,2026-02-21,C172,N685SP,1771694141.18,1771694352.8,211.6,5668.7,84.0,82.0,off_level,,,True,False
a91768:2026-02-21T17:03:49Z,texas,2026-02-21,C172,N685SP,1771694541.32,1771694739.32,198.0,4668.7,84.0,82.0,off_level,,,True,False
a9dc0e:2026-02-21T17:03:12Z,texas,2026-02-21,C172,N734YA,1771695700.18,1771696084.58,384.4,3543.2,98.0,96.0,VFR_level,3500,True,True,False
a4e68c:2026-03-18T20:54:29Z,texas,2026-03-18,P28A,ASI111,1773867782.78,1773868001.89,219.1,5468.6,70.0,68.0,VFR_level,5500,True,True,False
a4e68c:2026-03-18T20:54:29Z,texas,2026-03-18,P28A,ASI111,1773868037.1,1773868382.91,345.8,5468.6,82.0,80.0,VFR_level,5500,True,True,False
a821ad:2026-03-18T20:48:59Z,texas,2026-03-18,P46T,N623D,1773867449.15,1773867632.8,183.6,4433.2,161.0,159.0,VFR_level,4500,False,True,False
ad6a14:2026-03-18T20:44:53Z,texas,2026-03-18,C172,N9633H,1773867144.16,1773867345.93,201.8,4311.9,300.0,298.0,off_level,,,False,False
acaa10:2026-03-18T20:41:24Z,texas,2026-03-18,RV7,N915JK,1773867014.02,1773867403.04,389.0,6509.3,338.0,336.0,VFR_level,6500,True,True,False
acaa10:2026-03-18T20:41:24Z,texas,2026-03-18,RV7,N915JK,1773867451.83,1773867977.71,525.9,6534.3,156.0,154.0,VFR_level,6500,False,True,False
a441b8:2026-03-18T20:39:24Z,texas,2026-03-18,BE76,N3733G,1773866778.7,1773866990.4,211.7,4492.9,274.0,272.0,VFR_level,4500,True,False,False
a875a8:2026-03-18T20:36:52Z,texas,2026-03-18,SR20,N644SA,1773866463.93,1773867111.61,647.7,4462.1,262.0,260.0,VFR_level,4500,True,False,False
ad8024:2026-03-18T20:31:32Z,texas,2026-03-18,C172,N9691V,1773869499.83,1773869771.43,271.6,5595.4,201.0,199.0,VFR_level,5500,False,False,False
ad8024:2026-03-18T20:31:32Z,texas,2026-03-18,C172,N9691V,1773870019.79,1773870278.23,258.4,5695.4,137.0,135.0,off_level,,,True,False
a8fb2f:2026-03-18T20:30:39Z,texas,2026-03-18,S22T,N678TX,1773866448.55,1773867601.84,1153.3,6514.2,313.0,311.0,VFR_level,6500,True,False,False
a6ea9a:2026-03-18T20:27:11Z,texas,2026-03-18,S22T,N545BB,1773865999.92,1773866626.23,626.3,6468.1,304.0,302.0,VFR_level,6500,True,False,False
a40c84:2026-03-18T20:17:37Z,texas,2026-03-18,PA44,N360CF,1773867296.06,1773867494.65,198.6,4518.7,249.0,247.0,VFR_level,4500,True,False,False
a40c84:2026-03-18T20:17:37Z,texas,2026-03-18,PA44,N360CF,1773867637.73,1773867843.3,205.6,4443.7,249.0,247.0,VFR_level,4500,True,False,False
a40c84:2026-03-18T20:17:37Z,texas,2026-03-18,PA44,N360CF,1773868039.3,1773868410.65,371.4,4568.7,249.0,247.0,VFR_level,4500,True,False,False
a40c84:2026-03-18T20:17:37Z,texas,2026-03-18,PA44,N360CF,1773868755.11,1773869000.07,245.0,5143.7,249.0,247.0,IFR_level,5000,,False,False
a40c84:2026-03-18T20:17:37Z,texas,2026-03-18,PA44,N360CF,1773869074.25,1773869300.43,226.2,4618.7,249.0,247.0,VFR_level,4500,True,False,False
a00fbd:2026-03-18T20:17:29Z,texas,2026-03-18,P28A,N1029H,1773865444.96,1773866009.55,564.6,5388.2,33.0,31.0,VFR_level,5500,True,False,False
a00fbd:2026-03-18T20:17:29Z,texas,2026-03-18,P28A,N1029H,1773866246.79,1773866508.98,262.2,5488.2,3.0,1.0,VFR_level,5500,True,False,True
a00fbd:2026-03-18T20:17:29Z,texas,2026-03-18,P28A,N1029H,1773866560.85,1773866932.55,371.7,5388.2,17.0,15.0,VFR_level,5500,True,False,False
a00fbd:2026-03-18T20:17:29Z,texas,2026-03-18,P28A,N1029H,1773868760.4,1773869274.57,514.2,4488.2,210.5,208.5,VFR_level,4500,True,False,False
a9c9cb:2026-03-18T20:17:26Z,texas,2026-03-18,CC19,N73MF,1773866540.11,1773870365.32,3825.2,4468.5,56.0,54.0,VFR_level,4500,False,True,False
a533b9:2026-03-18T20:17:06Z,texas,2026-03-18,S22T,N434TX,1773865757.55,1773865943.01,185.5,5422.0,133.0,131.0,VFR_level,5500,True,True,False
a533b9:2026-03-18T20:17:06Z,texas,2026-03-18,S22T,N434TX,1773867244.27,1773867631.86,387.6,5441.4,142.0,140.0,VFR_level,5500,True,True,False
a6c65a:2026-03-18T20:16:37Z,texas,2026-03-18,P28A,ASI139,1773867038.2,1773867337.08,298.9,4500.2,354.0,352.0,VFR_level,4500,True,False,False
a6c65a:2026-03-18T20:16:37Z,texas,2026-03-18,P28A,ASI139,1773868356.49,1773868556.21,199.7,4370.2,107.0,105.0,VFR_level,4500,False,True,False
ab11e6:2026-03-18T20:15:42Z,texas,2026-03-18,EXNG,N812MJ,1773865343.81,1773867324.1,1980.3,9433.7,85.0,83.0,VFR_level,9500,True,True,False
a0a02b:2026-03-18T20:10:14Z,texas,2026-03-18,PA27,N13982,1773864916.3,1773865960.89,1044.6,7974.4,177.0,175.0,IFR_level,8000,,False,False
a0a02b:2026-03-18T20:10:14Z,texas,2026-03-18,PA27,N13982,1773866123.98,1773868801.31,2677.3,8005.5,206.0,204.0,IFR_level,8000,,False,False
a2a226:2026-03-18T20:03:47Z,texas,2026-03-18,SR20,N269TS,1773864601.37,1773865663.89,1062.5,6469.7,356.0,354.0,VFR_level,6500,True,False,False
a2a226:2026-03-18T20:03:47Z,texas,2026-03-18,SR20,N269TS,1773867211.77,1773867481.67,269.9,4464.1,206.0,204.0,VFR_level,4500,True,False,False
a2a226:2026-03-18T20:03:47Z,texas,2026-03-18,SR20,N269TS,1773867812.32,1773868085.5,273.2,4489.1,206.0,204.0,VFR_level,4500,True,False,False
a13297:2026-03-18T20:00:44Z,texas,2026-03-18,BE35,N17650,1773868379.32,1773868565.85,186.5,5574.7,102.0,100.0,VFR_level,5500,True,True,False
a13297:2026-03-18T20:00:44Z,texas,2026-03-18,BE35,N17650,1773868566.89,1773868886.0,319.1,5674.7,102.0,100.0,off_level,,,True,False
a4e68c:2026-03-18T19:56:12Z,texas,2026-03-18,P28A,ASI111,1773865546.23,1773865892.66,346.4,6507.0,285.0,283.0,VFR_level,6500,True,True,False
a9e90d:2026-03-18T19:53:37Z,texas,2026-03-18,C172,N738CZ,1773864082.6,1773864330.33,247.7,4476.3,296.0,294.0,VFR_level,4500,True,False,False
a9e90d:2026-03-18T19:53:37Z,texas,2026-03-18,C172,N738CZ,1773864370.58,1773864861.13,490.6,4476.3,290.0,288.0,VFR_level,4500,True,False,False
a9e90d:2026-03-18T19:53:37Z,texas,2026-03-18,C172,N738CZ,1773866766.84,1773867817.01,1050.2,5501.3,250.0,248.0,VFR_level,5500,False,False,False
a042a0:2026-03-18T19:52:44Z,texas,2026-03-18,PA32,N116BK,1773863977.04,1773864226.12,249.1,7595.7,152.0,150.0,VFR_level,7500,True,False,False
a042a0:2026-03-18T19:52:44Z,texas,2026-03-18,PA32,N116BK,1773864268.35,1773864750.63,482.3,7395.7,152.0,150.0,VFR_level,7500,True,False,False
a042a0:2026-03-18T19:52:44Z,texas,2026-03-18,PA32,N116BK,1773864787.65,1773866854.26,2066.6,7395.7,152.0,150.0,VFR_level,7500,True,False,False
ad6244:2026-03-18T19:50:27Z,texas,2026-03-18,C172,N9610Q,1773863942.51,1773864193.79,251.3,5513.8,116.0,114.0,VFR_level,5500,True,False,False
ad6244:2026-03-18T19:50:27Z,texas,2026-03-18,C172,N9610Q,1773864240.53,1773865188.85,948.3,5488.8,117.0,115.0,VFR_level,5500,True,False,False
a239de:2026-03-18T19:50:23Z,texas,2026-03-18,C172,CXK454,1773864451.29,1773864650.77,199.5,6454.1,0.0,358.0,VFR_level,6500,True,True,True
a85dd1:2026-03-18T19:39:27Z,texas,2026-03-18,C172,N6380E,1773863096.84,1773863292.37,195.5,4525.8,271.0,269.0,VFR_level,4500,True,False,False
a81443:2026-03-18T19:38:42Z,texas,2026-03-18,DA62,N62DV,1773863147.16,1773863388.87,241.7,4494.4,21.0,19.0,VFR_level,4500,False,False,False
a9d874:2026-03-18T19:32:45Z,texas,2026-03-18,C172,N733ZE,1773862893.34,1773864325.66,1432.3,4466.1,302.0,300.0,VFR_level,4500,True,False,False
a9d874:2026-03-18T19:32:45Z,texas,2026-03-18,C172,N733ZE,1773864422.0,1773864741.42,319.4,5485.8,302.0,300.0,VFR_level,5500,False,False,False
a9d874:2026-03-18T19:32:45Z,texas,2026-03-18,C172,N733ZE,1773864830.71,1773865100.34,269.6,5360.8,302.0,300.0,VFR_level,5500,False,False,False
a060e4:2026-03-18T19:30:25Z,texas,2026-03-18,S22T,N123X,1773862225.86,1773862734.7,508.8,11379.1,128.0,126.0,VFR_level,11500,True,False,False
a060e4:2026-03-18T19:30:25Z,texas,2026-03-18,S22T,N123X,1773864225.25,1773864833.27,608.0,9400.8,128.0,126.0,VFR_level,9500,True,False,False
a060e4:2026-03-18T19:30:25Z,texas,2026-03-18,S22T,N123X,1773865218.84,1773865565.13,346.3,7431.1,128.0,126.0,VFR_level,7500,True,False,False
a060e4:2026-03-18T19:30:25Z,texas,2026-03-18,S22T,N123X,1773866884.95,1773867306.17,421.2,5462.3,128.0,126.0,VFR_level,5500,True,True,False
aa16ac:2026-03-18T19:29:55Z,texas,2026-03-18,P28A,N7492W,1773865155.5,1773868048.53,2893.0,7541.1,133.0,131.0,VFR_level,7500,True,True,False
acb83b:2026-03-18T19:28:25Z,texas,2026-03-18,C441,N919BH,1773862301.79,1773862774.7,472.9,7433.9,170.0,168.0,VFR_level,7500,True,False,False
a0d761:2026-03-18T19:27:50Z,texas,2026-03-18,PC12,N153X,1773862528.88,1773863664.05,1135.2,10476.1,287.0,285.0,VFR_level,10500,True,False,False
a1b7f0:2026-03-18T19:26:46Z,texas,2026-03-18,BE33,N21HZ,1773862372.34,1773862762.98,390.6,5526.6,74.0,72.0,VFR_level,5500,True,False,False
a3ff06:2026-03-18T19:24:08Z,texas,2026-03-18,PA44,N357CF,1773863237.05,1773863428.82,191.8,5015.8,0.0,358.0,IFR_level,5000,,False,True
a3ff06:2026-03-18T19:24:08Z,texas,2026-03-18,PA44,N357CF,1773863502.85,1773863995.08,492.2,5515.8,0.0,358.0,VFR_level,5500,False,False,True
a9d7bf:2026-03-18T19:16:15Z,texas,2026-03-18,K100,N733RZ,1773862036.58,1773863919.21,1882.6,4417.9,1.0,359.0,VFR_level,4500,True,True,True
a2c7f2:2026-03-18T19:11:31Z,texas,2026-03-18,PA44,N279AG,1773862119.08,1773862344.32,225.2,6496.9,181.0,179.0,VFR_level,6500,False,False,True
a2c7f2:2026-03-18T19:11:31Z,texas,2026-03-18,PA44,N279AG,1773862348.76,1773862584.53,235.8,6571.9,181.0,179.0,VFR_level,6500,False,False,True
ad76d1:2026-03-18T19:08:37Z,texas,2026-03-18,P06T,N967GV,1773861560.5,1773861797.2,236.7,5048.3,80.0,78.0,IFR_level,5000,,False,False
ad76d1:2026-03-18T19:08:37Z,texas,2026-03-18,P06T,N967GV,1773861923.61,1773862276.6,353.0,5448.3,80.0,78.0,VFR_level,5500,True,False,False
a6c92b:2026-03-18T19:07:50Z,texas,2026-03-18,C172,N53603,1773861975.81,1773862173.42,197.6,4523.7,172.0,170.0,VFR_level,4500,False,False,False
a6c92b:2026-03-18T19:07:50Z,texas,2026-03-18,C172,N53603,1773863218.23,1773863495.54,277.3,4548.7,84.0,82.0,VFR_level,4500,False,False,False
ac1a68:2026-03-18T19:02:39Z,texas,2026-03-18,P32R,N8792E,1773860781.46,1773861298.28,516.8,7460.9,165.0,163.0,VFR_level,7500,True,True,False
a67435:2026-03-18T19:00:13Z,texas,2026-03-18,AC11,N515CA,1773860844.84,1773863167.96,2323.1,6403.1,240.0,238.0,VFR_level,6500,True,True,False
a67435:2026-03-18T19:00:13Z,texas,2026-03-18,AC11,N515CA,1773863274.17,1773863875.63,601.5,6422.1,240.0,238.0,VFR_level,6500,True,True,False
a1a404:2026-03-18T18:55:09Z,texas,2026-03-18,C172,N20455,1773860273.08,1773860643.44,370.4,4052.6,16.0,14.0,IFR_level,4000,,True,False
a1a404:2026-03-18T18:55:09Z,texas,2026-03-18,C172,N20455,1773862855.55,1773863204.09,348.5,4052.6,146.0,144.0,IFR_level,4000,,True,False
a4eb19:2026-03-18T18:54:28Z,texas,2026-03-18,ACRO,N416H,1773861092.74,1773861291.13,198.4,4407.6,271.0,269.0,VFR_level,4500,True,True,False
a4eb19:2026-03-18T18:54:28Z,texas,2026-03-18,ACRO,N416H,1773861376.63,1773861714.87,338.2,4082.6,271.0,269.0,IFR_level,4000,,True,False
a83327:2026-03-18T18:54:01Z,texas,2026-03-18,C172,N6274E,1773860257.12,1773860492.05,234.9,5596.5,50.0,48.0,VFR_level,5500,True,False,False
a83327:2026-03-18T18:54:01Z,texas,2026-03-18,C172,N6274E,1773860551.96,1773862141.19,1589.2,5396.5,50.0,48.0,VFR_level,5500,True,False,False
a15d14:2026-03-18T18:49:48Z,texas,2026-03-18,C77R,N1870Q,1773860504.95,1773860990.14,485.2,6423.3,248.0,246.0,VFR_level,6500,True,False,False
a15d14:2026-03-18T18:49:48Z,texas,2026-03-18,C77R,N1870Q,1773861265.02,1773861488.03,223.0,6423.3,253.0,251.0,VFR_level,6500,True,True,False
a15d14:2026-03-18T18:49:48Z,texas,2026-03-18,C77R,N1870Q,1773861650.72,1773861855.05,204.3,5423.3,99.0,97.0,VFR_level,5500,True,True,False
a15d14:2026-03-18T18:49:48Z,texas,2026-03-18,C77R,N1870Q,1773862018.71,1773862598.64,579.9,5423.3,79.0,77.0,VFR_level,5500,True,True,False
ad6244:2026-03-18T18:49:41Z,texas,2026-03-18,C172,N9610Q,1773860096.41,1773860350.55,254.1,4456.3,294.0,292.0,VFR_level,4500,True,False,False
ad6244:2026-03-18T18:49:41Z,texas,2026-03-18,C172,N9610Q,1773860424.79,1773860983.29,558.5,4431.3,294.0,292.0,VFR_level,4500,True,False,False
a7a515:2026-03-18T18:43:59Z,texas,2026-03-18,C172,CAP4292,1773860674.99,1773860861.1,186.1,6458.3,153.0,151.0,VFR_level,6500,False,False,False
a24705:2026-03-18T18:43:20Z,texas,2026-03-18,RV4,N246HN,1773859857.51,1773860037.97,180.5,6560.4,312.0,310.0,VFR_level,6500,True,False,False
a24705:2026-03-18T18:43:20Z,texas,2026-03-18,RV4,N246HN,1773860126.79,1773860322.51,195.7,6485.4,315.5,313.5,VFR_level,6500,True,False,False
a24705:2026-03-18T18:43:20Z,texas,2026-03-18,RV4,N246HN,1773860673.92,1773861017.0,343.1,6460.4,231.0,229.0,VFR_level,6500,True,False,False
a24705:2026-03-18T18:43:20Z,texas,2026-03-18,RV4,N246HN,1773861068.76,1773861324.17,255.4,6404.4,239.0,237.0,VFR_level,6500,True,False,False
a24705:2026-03-18T18:43:20Z,texas,2026-03-18,RV4,N246HN,1773861354.66,1773861669.31,314.6,6454.4,286.0,284.0,VFR_level,6500,True,False,False
a24705:2026-03-18T18:43:20Z,texas,2026-03-18,RV4,N246HN,1773863797.69,1773865158.96,1361.3,7554.4,2.0,0.0,VFR_level,7500,True,True,True
a24705:2026-03-18T18:43:20Z,texas,2026-03-18,RV4,N246HN,1773865329.02,1773865707.23,378.2,6504.4,2.0,0.0,VFR_level,6500,False,True,True
a24705:2026-03-18T18:43:20Z,texas,2026-03-18,RV4,N246HN,1773865832.92,1773866040.18,207.3,7454.4,2.0,0.0,VFR_level,7500,True,True,True
a24705:2026-03-18T18:43:20Z,texas,2026-03-18,RV4,N246HN,1773866166.02,1773866430.26,264.2,7554.4,2.0,0.0,VFR_level,7500,True,True,True
a65e53:2026-03-18T18:40:54Z,texas,2026-03-18,C172,N5094R,1773860060.42,1773860476.33,415.9,5284.4,33.0,31.0,off_level,,,False,False
a0617c:2026-03-18T18:39:19Z,texas,2026-03-18,C172,N1232G,1773859697.97,1773860261.18,563.2,6636.5,310.0,308.0,VFR_level,6500,True,False,False
a0617c:2026-03-18T18:39:19Z,texas,2026-03-18,C172,N1232G,1773861881.74,1773862101.7,220.0,6505.5,40.0,38.0,VFR_level,6500,False,True,False
a0617c:2026-03-18T18:39:19Z,texas,2026-03-18,C172,N1232G,1773862472.45,1773862717.44,245.0,5305.5,183.0,181.0,off_level,,,True,True
a0617c:2026-03-18T18:39:19Z,texas,2026-03-18,C172,N1232G,1773862739.84,1773863039.44,299.6,5505.5,183.0,181.0,VFR_level,5500,False,True,True
a0617c:2026-03-18T18:39:19Z,texas,2026-03-18,C172,N1232G,1773863056.17,1773863241.2,185.0,5305.5,183.0,181.0,off_level,,,True,True
a3fb13:2026-03-18T18:22:44Z,texas,2026-03-18,PA34,N35597,1773860286.52,1773860496.68,210.2,6580.8,268.0,266.0,VFR_level,6500,True,True,False
a3fb13:2026-03-18T18:22:44Z,texas,2026-03-18,PA34,N35597,1773860585.21,1773860811.99,226.8,6280.8,280.0,278.0,off_level,,,True,False
a441b8:2026-03-18T18:19:13Z,texas,2026-03-18,BE76,N3733G,1773860600.62,1773860806.63,206.0,4944.9,1.0,359.0,IFR_level,5000,,True,True
a23a6f:2026-03-18T18:08:16Z,texas,2026-03-18,C172,CXK322,1773860144.63,1773860359.68,215.0,4449.2,183.0,181.0,VFR_level,4500,True,False,True
ad6ca0:2026-03-18T18:04:32Z,texas,2026-03-18,C172,N964SP,1773857763.95,1773857949.33,185.4,5550.7,138.0,136.0,VFR_level,5500,True,False,False
ad6ca0:2026-03-18T18:04:32Z,texas,2026-03-18,C172,N964SP,1773857992.64,1773858277.84,285.2,5550.7,116.0,114.0,VFR_level,5500,True,False,False
ad6ca0:2026-03-18T18:04:32Z,texas,2026-03-18,C172,N964SP,1773858540.09,1773858723.8,183.7,5550.7,254.0,252.0,VFR_level,5500,False,False,False
ad6ca0:2026-03-18T18:04:32Z,texas,2026-03-18,C172,N964SP,1773858784.37,1773859047.89,263.5,5550.7,70.5,68.5,VFR_level,5500,True,False,False
ad6ca0:2026-03-18T18:04:32Z,texas,2026-03-18,C172,N964SP,1773860752.94,1773860968.03,215.1,4550.7,290.0,288.0,VFR_level,4500,True,True,False
ad6ca0:2026-03-18T18:04:32Z,texas,2026-03-18,C172,N964SP,1773860985.25,1773861391.94,406.7,4550.7,288.0,286.0,VFR_level,4500,True,True,False
a127a4:2026-03-18T17:58:06Z,texas,2026-03-18,C310,N1737E,1773857167.75,1773857493.54,325.8,4461.9,344.5,342.5,VFR_level,4500,True,False,False
a127a4:2026-03-18T17:58:06Z,texas,2026-03-18,C310,N1737E,1773857523.49,1773857913.0,389.5,4486.9,345.0,343.0,VFR_level,4500,True,False,False
a127a4:2026-03-18T17:58:06Z,texas,2026-03-18,C310,N1737E,1773857949.02,1773858659.72,710.7,4511.9,357.0,355.0,VFR_level,4500,True,False,False
a127a4:2026-03-18T17:58:06Z,texas,2026-03-18,C310,N1737E,1773859082.52,1773859339.9,257.4,4456.8,353.0,351.0,VFR_level,4500,True,False,False
a127a4:2026-03-18T17:58:06Z,texas,2026-03-18,C310,N1737E,1773861455.05,1773861747.49,292.4,6551.6,204.0,202.0,VFR_level,6500,True,True,False
a127a4:2026-03-18T17:58:06Z,texas,2026-03-18,C310,N1737E,1773864886.07,1773865075.76,189.7,5545.9,129.0,127.0,VFR_level,5500,True,True,False
a127a4:2026-03-18T17:58:06Z,texas,2026-03-18,C310,N1737E,1773865420.91,1773865607.32,186.4,5520.9,132.0,130.0,VFR_level,5500,True,True,False
a127a4:2026-03-18T17:58:06Z,texas,2026-03-18,C310,N1737E,1773865636.48,1773866530.6,894.1,5495.9,134.5,132.5,VFR_level,5500,True,True,False
a127a4:2026-03-18T17:58:06Z,texas,2026-03-18,C310,N1737E,1773866556.5,1773866854.03,297.5,5470.9,140.0,138.0,VFR_level,5500,True,False,False
ad6a14:2026-03-18T17:55:48Z,texas,2026-03-18,C172,N9633H,1773857008.52,1773857266.47,258.0,4499.9,302.0,300.0,VFR_level,4500,True,False,False
ad6a14:2026-03-18T17:55:48Z,texas,2026-03-18,C172,N9633H,1773860280.67,1773860950.17,669.5,5394.9,103.0,101.0,VFR_level,5500,True,False,False
a25e9b:2026-03-18T17:53:38Z,texas,2026-03-18,C172,CXK398,1773857016.02,1773857239.14,223.1,3447.3,31.0,29.0,VFR_level,3500,True,True,False
a401cc:2026-03-18T17:49:19Z,texas,2026-03-18,C172,N35741,1773856526.82,1773856948.3,421.5,4546.9,359.0,357.0,VFR_level,4500,True,False,True
a0dfc8:2026-03-18T17:43:40Z,texas,2026-03-18,BE33,N15549,1773855952.0,1773856275.05,323.0,4447.4,340.0,338.0,VFR_level,4500,True,False,False
a64102:2026-03-18T17:25:37Z,texas,2026-03-18,PA24,N5017P,1773855252.61,1773856489.05,1236.4,3564.2,96.0,94.0,VFR_level,3500,True,True,False
a1a38c:2026-03-18T17:20:50Z,texas,2026-03-18,C172,N2042Q,1773857138.87,1773857520.02,381.2,4540.6,233.5,231.5,VFR_level,4500,True,True,False
a9f067:2026-03-18T17:19:00Z,texas,2026-03-18,BL8,N74CD,1773856384.14,1773856644.8,260.7,4593.8,284.0,282.0,VFR_level,4500,True,True,False
a9da22:2026-03-18T17:18:33Z,texas,2026-03-18,C172,N734CJ,1773854854.42,1773855240.45,386.0,6523.0,188.0,186.0,VFR_level,6500,True,True,False
a9da22:2026-03-18T17:18:33Z,texas,2026-03-18,C172,N734CJ,1773855261.86,1773855469.19,207.3,6498.0,217.0,215.0,VFR_level,6500,True,True,False
a5ce9b:2026-03-18T17:15:37Z,texas,2026-03-18,C182,N4730D,1773855045.7,1773855748.47,702.8,5160.7,11.0,9.0,off_level,,,False,False
a5ce9b:2026-03-18T17:15:37Z,texas,2026-03-18,C182,N4730D,1773855856.52,1773856061.13,204.6,5560.7,11.0,9.0,VFR_level,5500,True,False,False
a5ce9b:2026-03-18T17:15:37Z,texas,2026-03-18,C182,N4730D,1773856260.7,1773856632.53,371.8,5460.7,11.0,9.0,VFR_level,5500,True,False,False
a5ce9b:2026-03-18T17:15:37Z,texas,2026-03-18,C182,N4730D,1773856649.13,1773856885.88,236.8,5660.7,11.0,9.0,off_level,,,False,False
a6ea9a:2026-03-18T17:13:27Z,texas,2026-03-18,S22T,N545BB,1773854293.44,1773854967.48,674.0,5493.2,122.0,120.0,VFR_level,5500,True,True,False
a9937f:2026-03-18T17:12:38Z,texas,2026-03-18,C172,N716MW,1773853958.65,1773854302.0,343.3,4567.0,212.0,210.0,VFR_level,4500,True,True,False
a8fb2f:2026-03-18T17:07:57Z,texas,2026-03-18,S22T,N678TX,1773853952.86,1773855817.56,1864.7,6491.5,134.0,132.0,VFR_level,6500,False,False,False
a533b9:2026-03-18T17:05:02Z,texas,2026-03-18,S22T,N434TX,1773853917.02,1773854765.38,848.4,6516.9,325.0,323.0,VFR_level,6500,True,False,False
a533b9:2026-03-18T17:05:02Z,texas,2026-03-18,S22T,N434TX,1773854930.66,1773855393.35,462.7,6486.7,313.0,311.0,VFR_level,6500,True,True,False
ab55cf:2026-03-18T17:03:56Z,texas,2026-03-18,P28B,N8298W,1773853764.0,1773854231.86,467.9,5466.1,139.0,137.0,VFR_level,5500,True,False,False
ab55cf:2026-03-18T17:03:56Z,texas,2026-03-18,P28B,N8298W,1773856900.2,1773857774.58,874.4,4466.1,138.0,136.0,VFR_level,4500,False,True,False
a85bb8:2026-03-18T17:00:15Z,texas,2026-03-18,C172,N638CT,1773853674.1,1773854024.14,350.0,4410.5,288.0,286.0,VFR_level,4500,True,False,False
a85bb8:2026-03-18T17:00:15Z,texas,2026-03-18,C172,N638CT,1773854115.04,1773854433.72,318.7,4460.5,303.0,301.0,VFR_level,4500,True,False,False
a85bb8:2026-03-18T17:00:15Z,texas,2026-03-18,C172,N638CT,1773856408.41,1773856956.53,548.1,5430.2,48.0,46.0,VFR_level,5500,True,False,False
a85bb8:2026-03-18T17:00:15Z,texas,2026-03-18,C172,N638CT,1773857059.52,1773857800.82,741.3,5455.2,48.0,46.0,VFR_level,5500,True,False,False
a00dfe:2026-04-25T20:56:17Z,texas,2026-04-25,SR20,N102VA,1777150577.09,1777151535.19,958.1,4466.1,196.0,194.0,VFR_level,4500,True,False,False
a810f1:2026-04-25T20:44:14Z,texas,2026-04-25,SLH4,N619HW,1777156031.68,1777158636.0,2604.3,10483.6,231.0,229.0,VFR_level,10500,True,True,False
ad224e:2026-04-25T20:42:19Z,texas,2026-04-25,,N9451T,1777150985.88,1777151188.35,202.5,5493.1,24.0,22.0,VFR_level,5500,True,False,False
a6d7a5:2026-04-25T20:35:14Z,texas,2026-04-25,,N54XE,1777149566.81,1777149833.0,266.2,13483.4,63.0,61.0,VFR_level,13500,True,False,False
a6d7a5:2026-04-25T20:35:14Z,texas,2026-04-25,,N54XE,1777149834.06,1777150299.49,465.4,13458.4,63.0,61.0,VFR_level,13500,True,False,False
a6d7a5:2026-04-25T20:35:14Z,texas,2026-04-25,,N54XE,1777151066.23,1777151291.24,225.0,13483.4,63.0,61.0,VFR_level,13500,True,False,False
a368a9:2026-04-25T20:29:49Z,texas,2026-04-25,B350,N319EE,1777149223.26,1777149634.82,411.6,8508.7,318.0,316.0,VFR_level,8500,True,False,False
a18df7:2026-04-25T20:05:30Z,texas,2026-04-25,BE35,N2GR,1777148046.91,1777150254.64,2207.7,6510.4,260.0,258.0,VFR_level,6500,True,False,False
a4df0e:2026-04-25T19:57:45Z,texas,2026-04-25,PA32,N4128R,1777150599.82,1777151217.96,618.1,10448.4,231.0,229.0,VFR_level,10500,True,False,False
a4df0e:2026-04-25T19:57:45Z,texas,2026-04-25,PA32,N4128R,1777151286.77,1777151718.96,432.2,10448.4,231.0,229.0,VFR_level,10500,True,False,False
a4df0e:2026-04-25T19:57:45Z,texas,2026-04-25,PA32,N4128R,1777153487.62,1777154771.14,1283.5,10448.4,231.0,229.0,VFR_level,10500,True,False,False
a0070b:2026-04-25T19:49:56Z,texas,2026-04-25,BE95,N100ZZ,1777147453.6,1777148997.05,1543.5,6530.5,318.0,316.0,VFR_level,6500,True,False,False
a0070b:2026-04-25T19:49:56Z,texas,2026-04-25,BE95,N100ZZ,1777149098.79,1777150133.59,1034.8,6497.2,318.0,316.0,VFR_level,6500,True,False,False
a0070b:2026-04-25T19:49:56Z,texas,2026-04-25,BE95,N100ZZ,1777150190.57,1777150479.71,289.1,6465.7,318.0,316.0,VFR_level,6500,True,False,False
a6a64a:2026-04-25T19:40:16Z,texas,2026-04-25,T210,N5277P,1777146136.69,1777146361.65,225.0,7366.6,85.0,83.0,VFR_level,7500,True,False,False
a6a64a:2026-04-25T19:40:16Z,texas,2026-04-25,T210,N5277P,1777146724.76,1777150012.19,3287.4,7366.6,87.0,85.0,VFR_level,7500,True,True,False
ab0897:2026-04-25T19:19:13Z,texas,2026-04-25,BL8,N81SD,1777146299.72,1777147833.72,1534.0,5491.1,87.0,85.0,VFR_level,5500,True,False,False
ab0897:2026-04-25T19:19:13Z,texas,2026-04-25,BL8,N81SD,1777148393.75,1777150208.89,1815.1,7560.9,87.0,85.0,VFR_level,7500,True,False,False
a9ae5c:2026-04-25T19:15:38Z,texas,2026-04-25,BE36,N7227W,1777145101.18,1777145305.83,204.6,6506.7,243.0,241.0,VFR_level,6500,True,False,False
a9ddcf:2026-04-25T19:11:36Z,texas,2026-04-25,C182,N735BZ,1777144850.24,1777146000.52,1150.3,5464.4,6.0,4.0,VFR_level,5500,True,False,False
a9ddcf:2026-04-25T19:11:36Z,texas,2026-04-25,C182,N735BZ,1777146029.93,1777146590.36,560.4,5464.4,355.0,353.0,VFR_level,5500,False,False,False
a382ce:2026-04-25T19:08:30Z,texas,2026-04-25,VR7,N325VR,1777146426.35,1777146824.3,398.0,8475.9,177.0,175.0,VFR_level,8500,False,True,False
a382ce:2026-04-25T19:08:30Z,texas,2026-04-25,VR7,N325VR,1777147893.53,1777148223.19,329.7,8475.9,177.0,175.0,VFR_level,8500,False,True,False
a382ce:2026-04-25T19:08:30Z,texas,2026-04-25,VR7,N325VR,1777148367.64,1777148729.77,362.1,8475.9,173.0,171.0,VFR_level,8500,False,False,False
aa37f9:2026-04-25T19:06:34Z,texas,2026-04-25,C172,N758CF,1777144591.4,1777147368.33,2776.9,5731.2,62.0,60.0,off_level,,,False,False
aa37f9:2026-04-25T19:06:34Z,texas,2026-04-25,C172,N758CF,1777147402.56,1777149540.52,2138.0,5731.2,63.0,61.0,off_level,,,False,False
aa02ac:2026-04-25T18:37:35Z,texas,2026-04-25,P28A,ASI616,1777143050.27,1777143443.92,393.7,6455.4,285.0,283.0,VFR_level,6500,True,True,False
a91768:2026-04-25T18:05:48Z,texas,2026-04-25,C172,N685SP,1777141052.85,1777141245.35,192.5,6740.7,161.0,159.0,off_level,,,False,False
a91768:2026-04-25T18:05:48Z,texas,2026-04-25,C172,N685SP,1777141411.74,1777141789.77,378.0,6640.7,161.0,159.0,VFR_level,6500,False,True,False
aa72d4:2026-04-25T17:58:19Z,texas,2026-04-25,C172,N7720G,1777140547.8,1777141440.26,892.5,5411.0,175.0,173.0,VFR_level,5500,True,False,False
aa72d4:2026-04-25T17:58:19Z,texas,2026-04-25,C172,N7720G,1777141679.82,1777142008.6,328.8,5611.0,164.0,162.0,VFR_level,5500,True,False,False
aa72d4:2026-04-25T17:58:19Z,texas,2026-04-25,C172,N7720G,1777142067.54,1777142478.38,410.8,5411.0,181.5,179.5,VFR_level,5500,True,False,True
aa72d4:2026-04-25T17:58:19Z,texas,2026-04-25,C172,N7720G,1777142510.69,1777143013.38,502.7,5711.0,174.0,172.0,off_level,,,False,False
aa72d4:2026-04-25T17:58:19Z,texas,2026-04-25,C172,N7720G,1777143067.8,1777143551.12,483.3,5511.0,178.0,176.0,VFR_level,5500,True,False,False
aa72d4:2026-04-25T17:58:19Z,texas,2026-04-25,C172,N7720G,1777143727.13,1777144382.58,655.4,5811.0,181.0,179.0,off_level,,,False,True
a9ddcf:2026-04-25T17:55:21Z,texas,2026-04-25,C182,N735BZ,1777142310.21,1777142599.22,289.0,7479.2,186.0,184.0,VFR_level,7500,False,True,False
a23a4e:2026-04-25T17:41:56Z,texas,2026-04-25,C172,CXK581,1777143577.77,1777143981.89,404.1,4454.9,281.0,279.0,VFR_level,4500,True,True,False
a23a4e:2026-04-25T17:41:56Z,texas,2026-04-25,C172,CXK581,1777144050.4,1777144658.9,608.5,4479.9,289.0,287.0,VFR_level,4500,True,True,False
a4a5e4:2026-05-13T20:54:11Z,texas,2026-05-13,P28A,N399TC,1778706216.17,1778706961.1,744.9,5451.6,42.0,40.0,VFR_level,5500,True,False,False
a4a5e4:2026-05-13T20:54:11Z,texas,2026-05-13,P28A,N399TC,1778711139.07,1778711353.05,214.0,6451.6,121.0,119.0,VFR_level,6500,False,False,False
a34ad5:2026-05-13T20:51:45Z,texas,2026-05-13,S22T,N311DB,1778705818.16,1778708047.39,2229.2,7431.7,4.0,2.0,VFR_level,7500,True,False,True
a34ad5:2026-05-13T20:51:45Z,texas,2026-05-13,S22T,N311DB,1778708792.77,1778709178.47,385.7,5456.7,3.0,1.0,VFR_level,5500,True,False,True
a85b07:2026-05-13T20:51:11Z,texas,2026-05-13,C172,N63767,1778705893.06,1778706082.74,189.7,4508.1,290.0,288.0,VFR_level,4500,True,False,False
a85b07:2026-05-13T20:51:11Z,texas,2026-05-13,C172,N63767,1778706117.44,1778706839.88,722.4,4483.1,294.0,292.0,VFR_level,4500,True,False,False
a33fa7:2026-05-13T20:33:49Z,texas,2026-05-13,BE33,N30819,1778704735.64,1778705245.75,510.1,5463.2,112.0,110.0,VFR_level,5500,True,False,False
a33fa7:2026-05-13T20:33:49Z,texas,2026-05-13,BE33,N30819,1778705365.98,1778706455.36,1089.4,5463.2,122.0,120.0,VFR_level,5500,True,False,False
ab0aed:2026-05-13T20:32:52Z,texas,2026-05-13,C172,N810SA,1778706392.09,1778706656.45,264.4,6365.1,323.0,321.0,VFR_level,6500,True,True,False
a0fd17:2026-05-13T20:30:45Z,texas,2026-05-13,C182,N163CT,1778704245.16,1778705449.94,1204.8,7436.3,154.0,152.0,VFR_level,7500,True,False,False
a8ead8:2026-05-13T20:27:06Z,texas,2026-05-13,P28R,N674CT,1778704426.3,1778704654.66,228.4,5590.5,198.0,196.0,VFR_level,5500,False,False,False
a5037b:2026-05-13T20:26:27Z,texas,2026-05-13,TOBA,N422EK,1778711738.33,1778714314.95,2576.6,7565.5,287.0,285.0,VFR_level,7500,False,True,False
a55a15:2026-05-13T20:24:40Z,texas,2026-05-13,SR20,N444GF,1778704335.61,1778704835.25,499.6,5418.9,132.0,130.0,VFR_level,5500,True,False,False
a55a15:2026-05-13T20:24:40Z,texas,2026-05-13,SR20,N444GF,1778705249.63,1778705535.94,286.3,5293.9,132.0,130.0,off_level,,,False,False
a55a15:2026-05-13T20:24:40Z,texas,2026-05-13,SR20,N444GF,1778705673.02,1778705854.06,181.0,5918.9,132.0,130.0,IFR_level,6000,,False,False
a55a15:2026-05-13T20:24:40Z,texas,2026-05-13,SR20,N444GF,1778705970.96,1778706234.21,263.2,5568.9,132.0,130.0,VFR_level,5500,True,False,False
a30b31:2026-05-13T20:24:35Z,texas,2026-05-13,C177,N29554,1778704558.79,1778704899.64,340.9,6571.5,325.0,323.0,VFR_level,6500,True,False,False
a30b31:2026-05-13T20:24:35Z,texas,2026-05-13,C177,N29554,1778704952.63,1778706068.8,1116.2,6871.5,325.0,323.0,IFR_level,7000,,False,False
a30b31:2026-05-13T20:24:35Z,texas,2026-05-13,C177,N29554,1778706728.51,1778707084.84,356.3,6940.8,334.0,332.0,IFR_level,7000,,False,False
a30b31:2026-05-13T20:24:35Z,texas,2026-05-13,C177,N29554,1778707346.66,1778708245.47,898.8,6940.8,328.0,326.0,IFR_level,7000,,False,False
a30b31:2026-05-13T20:24:35Z,texas,2026-05-13,C177,N29554,1778708729.17,1778708972.9,243.7,6810.3,328.0,326.0,off_level,,,False,False
a30b31:2026-05-13T20:24:35Z,texas,2026-05-13,C177,N29554,1778709032.48,1778709330.29,297.8,6579.3,319.0,317.0,VFR_level,6500,True,False,False
a70452:2026-05-13T20:15:45Z,texas,2026-05-13,C172,N551ND,1778704203.46,1778704393.83,190.4,3996.5,90.0,88.0,IFR_level,4000,,False,False
a70452:2026-05-13T20:15:45Z,texas,2026-05-13,C172,N551ND,1778704437.09,1778704799.34,362.2,3946.5,90.0,88.0,IFR_level,4000,,False,False
a70452:2026-05-13T20:15:45Z,texas,2026-05-13,C172,N551ND,1778704820.79,1778705908.17,1087.4,3971.5,97.0,95.0,IFR_level,4000,,False,False
a70452:2026-05-13T20:15:45Z,texas,2026-05-13,C172,N551ND,1778706115.04,1778707015.81,900.8,4096.5,89.0,87.0,IFR_level,4000,,False,False
a70452:2026-05-13T20:15:45Z,texas,2026-05-13,C172,N551ND,1778707902.62,1778709838.69,1936.1,4521.5,276.0,274.0,VFR_level,4500,True,False,False
a70452:2026-05-13T20:15:45Z,texas,2026-05-13,C172,N551ND,1778709967.39,1778710696.94,729.5,4496.5,275.0,273.0,VFR_level,4500,True,False,False
a67173:2026-05-13T20:14:00Z,texas,2026-05-13,RV6,N514MW,1778703760.1,1778704059.06,299.0,7624.0,63.0,61.0,VFR_level,7500,True,False,False
a67173:2026-05-13T20:14:00Z,texas,2026-05-13,RV6,N514MW,1778704226.21,1778707187.03,2960.8,7424.0,63.0,61.0,VFR_level,7500,True,False,False
a67173:2026-05-13T20:14:00Z,texas,2026-05-13,RV6,N514MW,1778707250.99,1778707836.93,585.9,7474.0,59.0,57.0,VFR_level,7500,True,False,False
a67173:2026-05-13T20:14:00Z,texas,2026-05-13,RV6,N514MW,1778707872.11,1778708061.08,189.0,7499.0,66.0,64.0,VFR_level,7500,True,False,False
add0c4:2026-05-13T20:13:17Z,texas,2026-05-13,PA11,N99EX,1778703278.02,1778706183.08,2905.1,5396.1,24.0,22.0,VFR_level,5500,True,False,False
add0c4:2026-05-13T20:13:17Z,texas,2026-05-13,PA11,N99EX,1778706274.64,1778706485.97,211.3,5396.1,24.0,22.0,VFR_level,5500,True,False,False
add0c4:2026-05-13T20:13:17Z,texas,2026-05-13,PA11,N99EX,1778706565.62,1778708633.32,2067.7,5365.5,25.0,23.0,VFR_level,5500,True,False,False
ac43fb:2026-05-13T20:09:13Z,texas,2026-05-13,SR20,N89LF,1778703512.33,1778703710.38,198.1,4448.8,4.0,2.0,VFR_level,4500,False,False,True
adb5b3:2026-05-13T20:04:42Z,texas,2026-05-13,C172,N98251,1778705273.37,1778705553.72,280.4,4400.8,253.0,251.0,VFR_level,4500,True,False,False
adb5b3:2026-05-13T20:04:42Z,texas,2026-05-13,C172,N98251,1778705606.1,1778705896.71,290.6,4350.8,243.0,241.0,VFR_level,4500,True,False,False
a12167:2026-05-13T20:03:36Z,texas,2026-05-13,C172,N172JD,1778703080.37,1778703308.06,227.7,5401.2,89.0,87.0,VFR_level,5500,True,False,False
a08a03:2026-05-13T20:01:26Z,texas,2026-05-13,C172,N13391,1778703385.49,1778703846.67,461.2,3433.8,241.0,239.0,VFR_level,3500,False,True,False
a08a03:2026-05-13T20:01:26Z,texas,2026-05-13,C172,N13391,1778703886.83,1778704600.22,713.4,3483.8,241.0,239.0,VFR_level,3500,False,True,False
aad894:2026-05-13T19:58:07Z,texas,2026-05-13,C172,N7983X,1778702583.57,1778702804.48,220.9,4485.9,322.0,320.0,VFR_level,4500,True,False,False
aad894:2026-05-13T19:58:07Z,texas,2026-05-13,C172,N7983X,1778702868.0,1778703144.25,276.2,4260.9,322.0,320.0,off_level,,,False,False
aad894:2026-05-13T19:58:07Z,texas,2026-05-13,C172,N7983X,1778703200.61,1778703556.44,355.8,4560.9,322.0,320.0,VFR_level,4500,True,False,False
aad894:2026-05-13T19:58:07Z,texas,2026-05-13,C172,N7983X,1778703588.04,1778704068.51,480.5,4360.9,322.0,320.0,VFR_level,4500,True,False,False
a2dc39:2026-05-13T19:57:17Z,texas,2026-05-13,P28B,N2835T,1778703120.94,1778704417.75,1296.8,5380.0,277.0,275.0,VFR_level,5500,False,True,False
a85dd1:2026-05-13T19:43:57Z,texas,2026-05-13,C172,N6380E,1778701800.02,1778702159.11,359.1,4461.3,282.0,280.0,VFR_level,4500,True,False,False
ab112f:2026-05-13T19:42:59Z,texas,2026-05-13,S22T,N812EA,1778701677.03,1778702489.36,812.3,5459.9,136.0,134.0,VFR_level,5500,True,False,False
acb428:2026-05-13T19:40:21Z,texas,2026-05-13,C182,N9178M,1778702014.06,1778704677.88,2663.8,7412.2,98.0,96.0,VFR_level,7500,True,False,False
acb428:2026-05-13T19:40:21Z,texas,2026-05-13,C182,N9178M,1778704898.66,1778705385.77,487.1,5487.2,98.0,96.0,VFR_level,5500,True,True,False
acb428:2026-05-13T19:40:21Z,texas,2026-05-13,C182,N9178M,1778705811.22,1778706249.73,438.5,3362.2,102.0,100.0,VFR_level,3500,True,True,False
ac7be1:2026-05-13T19:39:34Z,texas,2026-05-13,RV12,N903S,1778701512.92,1778701761.73,248.8,5427.3,16.0,14.0,VFR_level,5500,True,True,False
a9d5ba:2026-05-13T19:38:23Z,texas,2026-05-13,PA30,N7326Y,1778701538.36,1778703901.12,2362.8,6498.4,346.0,344.0,VFR_level,6500,True,False,False
acbf71:2026-05-13T19:28:05Z,texas,2026-05-13,,N920PB,1778700976.54,1778702855.97,1879.4,7443.6,42.0,40.0,VFR_level,7500,True,False,False
a03f90:2026-05-13T19:26:17Z,texas,2026-05-13,S22T,N115JB,1778701098.89,1778701733.12,634.2,8410.1,284.0,282.0,VFR_level,8500,True,False,False
a634ba:2026-05-13T19:24:35Z,texas,2026-05-13,P28R,N4996J,1778700838.7,1778702258.35,1419.6,7393.5,75.0,73.0,VFR_level,7500,True,True,False
a634ba:2026-05-13T19:24:35Z,texas,2026-05-13,P28R,N4996J,1778702427.57,1778703355.04,927.5,7443.5,100.0,98.0,VFR_level,7500,True,True,False
a2a226:2026-05-13T19:23:25Z,texas,2026-05-13,SR20,N269TS,1778700593.67,1778701423.57,829.9,5461.4,183.0,181.0,VFR_level,5500,False,True,True
ad7b9d:2026-05-13T19:22:00Z,texas,2026-05-13,C208,N968TX,1778700697.86,1778703900.06,3202.2,9444.4,274.0,272.0,VFR_level,9500,False,True,False
a85b42:2026-05-13T19:18:43Z,texas,2026-05-13,P28A,N6378W,1778707740.84,1778707956.01,215.2,8281.4,308.0,306.0,off_level,,,False,False
a85b42:2026-05-13T19:18:43Z,texas,2026-05-13,P28A,N6378W,1778713400.62,1778713761.92,361.3,7425.3,122.0,120.0,VFR_level,7500,True,False,False
a85b42:2026-05-13T19:18:43Z,texas,2026-05-13,P28A,N6378W,1778713776.58,1778714470.23,693.7,7425.3,102.0,100.0,VFR_level,7500,True,False,False
a85b42:2026-05-13T19:18:43Z,texas,2026-05-13,P28A,N6378W,1778714518.59,1778714841.13,322.5,7425.3,121.0,119.0,VFR_level,7500,True,False,False
a85b42:2026-05-13T19:18:43Z,texas,2026-05-13,P28A,N6378W,1778716548.48,1778718055.16,1506.7,5425.3,87.0,85.0,VFR_level,5500,True,False,False
a1577f:2026-05-13T19:18:24Z,texas,2026-05-13,C172,N186FM,1778701679.96,1778701915.59,235.6,4521.0,340.0,338.0,VFR_level,4500,True,False,False
a0529f:2026-05-13T19:16:35Z,texas,2026-05-13,RV12,N12PA,1778699947.27,1778701039.03,1091.8,5439.7,23.0,21.0,VFR_level,5500,True,False,False
a0529f:2026-05-13T19:16:35Z,texas,2026-05-13,RV12,N12PA,1778701224.05,1778701778.89,554.8,5464.7,22.0,20.0,VFR_level,5500,True,False,False
a0529f:2026-05-13T19:16:35Z,texas,2026-05-13,RV12,N12PA,1778701842.22,1778702032.02,189.8,5464.7,26.0,24.0,VFR_level,5500,True,False,False
a0529f:2026-05-13T19:16:35Z,texas,2026-05-13,RV12,N12PA,1778702108.67,1778703658.04,1549.4,5458.7,22.0,20.0,VFR_level,5500,True,False,False
a0b514:2026-05-13T19:15:33Z,texas,2026-05-13,C172,CXK464,1778700669.7,1778700998.44,328.7,6448.6,296.0,294.0,VFR_level,6500,True,False,False
a0b514:2026-05-13T19:15:33Z,texas,2026-05-13,C172,CXK464,1778703251.53,1778703638.83,387.3,5498.6,296.0,294.0,VFR_level,5500,False,True,False
a22cb6:2026-05-13T19:12:46Z,texas,2026-05-13,C210,N2393F,1778699902.45,1778700779.85,877.4,6394.8,230.0,228.0,VFR_level,6500,True,False,False
a400aa:2026-05-13T19:09:02Z,texas,2026-05-13,P06T,N357VA,1778699834.79,1778700096.99,262.2,6402.0,350.0,348.0,VFR_level,6500,True,False,False
a400aa:2026-05-13T19:09:02Z,texas,2026-05-13,P06T,N357VA,1778700909.44,1778701117.63,208.2,6102.0,182.0,180.0,IFR_level,6000,,False,True
a86f46:2026-05-13T19:07:37Z,texas,2026-05-13,C172,N64219,1778699952.68,1778700267.9,315.2,6233.4,356.0,354.0,off_level,,,False,False
a86f46:2026-05-13T19:07:37Z,texas,2026-05-13,C172,N64219,1778700302.25,1778700568.69,266.4,6208.4,183.0,181.0,off_level,,,False,True
a86f46:2026-05-13T19:07:37Z,texas,2026-05-13,C172,N64219,1778700630.18,1778700861.56,231.4,6233.4,355.0,353.0,off_level,,,False,False
a86f46:2026-05-13T19:07:37Z,texas,2026-05-13,C172,N64219,1778701801.23,1778702065.84,264.6,6308.4,356.0,354.0,off_level,,,False,False
a86f46:2026-05-13T19:07:37Z,texas,2026-05-13,C172,N64219,1778702716.93,1778702950.28,233.3,6358.4,177.0,175.0,VFR_level,6500,False,False,False
a86f46:2026-05-13T19:07:37Z,texas,2026-05-13,C172,N64219,1778702989.22,1778703360.86,371.6,6308.4,2.0,0.0,off_level,,,False,True
a86f46:2026-05-13T19:07:37Z,texas,2026-05-13,C172,N64219,1778703419.13,1778703754.77,335.6,6228.1,179.0,177.0,off_level,,,False,True
a86f46:2026-05-13T19:07:37Z,texas,2026-05-13,C172,N64219,1778703779.23,1778704102.87,323.6,6253.1,2.0,0.0,off_level,,,False,True
a86f46:2026-05-13T19:07:37Z,texas,2026-05-13,C172,N64219,1778704478.96,1778704766.72,287.8,6278.1,2.0,360.0,off_level,,,False,True
a86f46:2026-05-13T19:07:37Z,texas,2026-05-13,C172,N64219,1778705577.6,1778705784.59,207.0,6278.1,29.0,27.0,off_level,,,False,False
a86f46:2026-05-13T19:07:37Z,texas,2026-05-13,C172,N64219,1778705967.21,1778706357.01,389.8,6378.1,136.0,134.0,VFR_level,6500,False,False,False
a86f46:2026-05-13T19:07:37Z,texas,2026-05-13,C172,N64219,1778706728.66,1778707000.3,271.6,7528.1,132.0,130.0,VFR_level,7500,True,True,False
a86f46:2026-05-13T19:07:37Z,texas,2026-05-13,C172,N64219,1778707153.88,1778707396.58,242.7,6178.1,92.0,90.0,off_level,,,True,False
a86f46:2026-05-13T19:07:37Z,texas,2026-05-13,C172,N64219,1778707427.11,1778707655.12,228.0,6153.1,264.0,262.0,off_level,,,True,False
a86f46:2026-05-13T19:07:37Z,texas,2026-05-13,C172,N64219,1778707704.16,1778707945.6,241.4,6178.1,93.5,91.5,off_level,,,True,False
a86f46:2026-05-13T19:07:37Z,texas,2026-05-13,C172,N64219,1778708090.02,1778708316.22,226.2,6471.6,278.0,276.0,VFR_level,6500,True,True,False
a6c65a:2026-05-13T19:03:23Z,texas,2026-05-13,P28A,ASI139,1778700173.12,1778700491.82,318.7,4394.0,184.0,182.0,VFR_level,4500,True,True,True
ac7429:2026-05-13T19:02:54Z,texas,2026-05-13,P28A,ASI423,1778699999.48,1778700212.6,213.1,4404.1,266.0,264.0,VFR_level,4500,True,False,False
acb64a:2026-05-13T19:01:15Z,texas,2026-05-13,SR22,N918VM,1778699275.12,1778699586.23,311.1,8488.4,274.0,272.0,VFR_level,8500,True,False,False
acb64a:2026-05-13T19:01:15Z,texas,2026-05-13,SR22,N918VM,1778699701.45,1778701581.89,1880.4,8488.4,307.0,305.0,VFR_level,8500,True,True,False
a08a03:2026-05-13T19:00:55Z,texas,2026-05-13,C172,N13391,1778699231.0,1778699442.83,211.8,4511.0,211.0,209.0,VFR_level,4500,True,False,False
a08a03:2026-05-13T19:00:55Z,texas,2026-05-13,C172,N13391,1778699526.01,1778699766.83,240.8,4486.0,203.0,201.0,VFR_level,4500,True,False,False
a08a03:2026-05-13T19:00:55Z,texas,2026-05-13,C172,N13391,1778700124.85,1778700370.72,245.9,3986.0,215.0,213.0,IFR_level,4000,,False,False
a6f45a:2026-05-13T18:59:04Z,texas,2026-05-13,P28A,N5470W,1778699281.09,1778699491.26,210.2,5505.0,87.0,85.0,VFR_level,5500,True,False,False
a98415:2026-05-13T18:51:51Z,texas,2026-05-13,BE58,N712GD,1778705111.81,1778707720.68,2608.9,7410.3,46.0,44.0,VFR_level,7500,True,True,False
a98415:2026-05-13T18:51:51Z,texas,2026-05-13,BE58,N712GD,1778707784.57,1778708503.99,719.4,7429.4,42.0,40.0,VFR_level,7500,True,False,False
a98415:2026-05-13T18:51:51Z,texas,2026-05-13,BE58,N712GD,1778708538.44,1778708726.97,188.5,7429.4,42.0,40.0,VFR_level,7500,True,False,False
a98415:2026-05-13T18:51:51Z,texas,2026-05-13,BE58,N712GD,1778708883.61,1778709136.68,253.1,7429.4,47.0,45.0,VFR_level,7500,True,False,False
a98415:2026-05-13T18:51:51Z,texas,2026-05-13,BE58,N712GD,1778709163.57,1778710491.26,1327.7,7404.4,47.0,45.0,VFR_level,7500,True,False,False
a03879:2026-05-13T18:49:59Z,texas,2026-05-13,C421,N113MP,1778698582.42,1778699165.99,583.6,6425.4,221.0,219.0,VFR_level,6500,True,False,False
a8e36a:2026-05-13T18:44:48Z,texas,2026-05-13,P28A,N672CT,1778699673.03,1778700398.38,725.4,3609.8,160.0,158.0,VFR_level,3500,True,False,False
ad224e:2026-05-13T18:43:45Z,texas,2026-05-13,,N9451T,1778699159.46,1778699362.31,202.8,3410.9,71.5,69.5,VFR_level,3500,True,False,False
ad224e:2026-05-13T18:43:45Z,texas,2026-05-13,,N9451T,1778700705.57,1778701084.7,379.1,3960.9,94.0,92.0,IFR_level,4000,,True,False
ad224e:2026-05-13T18:43:45Z,texas,2026-05-13,,N9451T,1778701130.83,1778701659.16,528.3,3910.9,94.0,92.0,IFR_level,4000,,True,False
adabce:2026-05-13T18:43:37Z,texas,2026-05-13,P06T,N980GV,1778698385.24,1778698585.89,200.7,5485.3,190.0,188.0,VFR_level,5500,False,False,False
a0ab4a:2026-05-13T18:42:14Z,texas,2026-05-13,RV6,N142N,1778697999.73,1778698183.23,183.5,7408.3,16.0,14.0,VFR_level,7500,True,False,False
a0ab4a:2026-05-13T18:42:14Z,texas,2026-05-13,RV6,N142N,1778698883.59,1778699222.55,339.0,7408.3,21.5,19.5,VFR_level,7500,True,False,False
a0ab4a:2026-05-13T18:42:14Z,texas,2026-05-13,RV6,N142N,1778699349.96,1778699562.61,212.6,7408.3,20.0,18.0,VFR_level,7500,True,False,False
a0ab4a:2026-05-13T18:42:14Z,texas,2026-05-13,RV6,N142N,1778700159.77,1778700941.79,782.0,7502.5,28.0,26.0,VFR_level,7500,True,False,False
a1b992:2026-05-13T18:38:58Z,texas,2026-05-13,T210,N210AR,1778698043.11,1778700301.04,2257.9,7462.3,182.0,180.0,VFR_level,7500,False,False,True
a9016c:2026-05-13T18:38:15Z,texas,2026-05-13,BE55,N68FS,1778697882.72,1778698292.22,409.5,6354.9,353.0,351.0,VFR_level,6500,True,False,False
a9016c:2026-05-13T18:38:15Z,texas,2026-05-13,BE55,N68FS,1778698370.65,1778701516.62,3146.0,6299.6,6.0,4.0,off_level,,,False,False
a9016c:2026-05-13T18:38:15Z,texas,2026-05-13,BE55,N68FS,1778701822.26,1778705014.93,3192.7,6299.6,6.0,4.0,off_level,,,False,False
a9016c:2026-05-13T18:38:15Z,texas,2026-05-13,BE55,N68FS,1778705150.26,1778705673.32,523.1,5259.1,6.0,4.0,off_level,,,False,False
a81c5b:2026-05-13T18:37:31Z,texas,2026-05-13,C152,N6210Q,1778697968.73,1778698301.52,332.8,5387.8,341.0,339.0,VFR_level,5500,False,False,False
a81c5b:2026-05-13T18:37:31Z,texas,2026-05-13,C152,N6210Q,1778698352.61,1778698805.46,452.9,5437.8,341.0,339.0,VFR_level,5500,False,True,False
a81c5b:2026-05-13T18:37:31Z,texas,2026-05-13,C152,N6210Q,1778698925.35,1778699267.18,341.8,5387.8,341.0,339.0,VFR_level,5500,False,True,False
a1c11a:2026-05-13T18:37:18Z,texas,2026-05-13,C172,N212BS,1778699594.93,1778699871.49,276.6,3444.8,97.0,95.0,VFR_level,3500,True,True,False
adba01:2026-05-13T18:34:22Z,texas,2026-05-13,,N984AA,1778697870.91,1778698392.69,521.8,4438.8,121.0,119.0,VFR_level,4500,False,False,False
adba01:2026-05-13T18:34:22Z,texas,2026-05-13,,N984AA,1778698670.56,1778698895.0,224.4,4438.8,121.0,119.0,VFR_level,4500,False,False,False
adba01:2026-05-13T18:34:22Z,texas,2026-05-13,,N984AA,1778701661.23,1778701845.24,184.0,5083.4,15.0,13.0,IFR_level,5000,,False,False
adba01:2026-05-13T18:34:22Z,texas,2026-05-13,,N984AA,1778702202.26,1778702400.33,198.1,5433.4,15.0,13.0,VFR_level,5500,True,False,False
a24705:2026-05-13T18:32:34Z,texas,2026-05-13,RV4,N246HN,1778697460.64,1778698111.82,651.2,6514.7,313.0,311.0,VFR_level,6500,True,False,False
a24705:2026-05-13T18:32:34Z,texas,2026-05-13,RV4,N246HN,1778698554.76,1778699071.53,516.8,6464.7,231.0,229.0,VFR_level,6500,True,False,False
a24705:2026-05-13T18:32:34Z,texas,2026-05-13,RV4,N246HN,1778699096.46,1778699499.77,403.3,6464.7,253.0,251.0,VFR_level,6500,True,False,False
a24705:2026-05-13T18:32:34Z,texas,2026-05-13,RV4,N246HN,1778700036.24,1778700291.11,254.9,7509.6,59.0,57.0,VFR_level,7500,True,False,False
a24705:2026-05-13T18:32:34Z,texas,2026-05-13,RV4,N246HN,1778700341.72,1778700707.54,365.8,7434.6,70.0,68.0,VFR_level,7500,True,False,False
a24705:2026-05-13T18:32:34Z,texas,2026-05-13,RV4,N246HN,1778700730.8,1778701032.38,301.6,7484.6,132.0,130.0,VFR_level,7500,True,False,False
a24705:2026-05-13T18:32:34Z,texas,2026-05-13,RV4,N246HN,1778701299.35,1778701613.03,313.7,7459.6,13.0,11.0,VFR_level,7500,True,True,False
a24705:2026-05-13T18:32:34Z,texas,2026-05-13,RV4,N246HN,1778701725.43,1778701963.21,237.8,8434.6,309.0,307.0,VFR_level,8500,True,True,False
a24705:2026-05-13T18:32:34Z,texas,2026-05-13,RV4,N246HN,1778702436.96,1778702827.61,390.6,7484.6,95.0,93.0,VFR_level,7500,True,True,False
a8a64b:2026-05-13T18:27:10Z,texas,2026-05-13,C182,N65664,1778697137.07,1778697493.07,356.0,5416.9,89.0,87.0,VFR_level,5500,True,True,False
a9d5ba:2026-05-13T18:21:42Z,texas,2026-05-13,PA30,N7326Y,1778697425.0,1778699613.03,2188.0,7502.6,167.0,165.0,VFR_level,7500,True,False,False
a3b854:2026-05-13T18:20:40Z,texas,2026-05-13,S22T,N339MC,1778696905.45,1778698279.81,1374.4,8431.3,204.0,202.0,VFR_level,8500,True,False,False
a8e46d:2026-05-13T18:19:58Z,texas,2026-05-13,PC12,N672PB,1778697015.23,1778699420.64,2405.4,17417.0,7.0,5.0,VFR_level,17500,True,True,False
a441a1:2026-05-13T18:18:27Z,texas,2026-05-13,C182,N3732U,1778696704.61,1778698823.17,2118.6,7315.0,16.0,14.0,off_level,,,False,False
a8e721:2026-05-13T18:14:16Z,texas,2026-05-13,P28R,N673CT,1778697041.59,1778697228.57,187.0,5395.1,196.0,194.0,VFR_level,5500,False,False,False
ad21c1:2026-05-13T18:13:23Z,texas,2026-05-13,SR22,N945WT,1778696555.18,1778697856.92,1301.7,7472.8,17.0,15.0,VFR_level,7500,True,True,False
a1a404:2026-05-13T18:12:12Z,texas,2026-05-13,C172,N20455,1778696302.23,1778696887.91,585.7,5522.8,271.0,269.0,VFR_level,5500,False,False,False
a1a404:2026-05-13T18:12:12Z,texas,2026-05-13,C172,N20455,1778697688.24,1778697926.41,238.2,5522.8,86.0,84.0,VFR_level,5500,True,False,False
a1a404:2026-05-13T18:12:12Z,texas,2026-05-13,C172,N20455,1778698240.36,1778698433.98,193.6,6497.8,82.0,80.0,VFR_level,6500,False,False,False
a2a140:2026-05-13T18:12:08Z,texas,2026-05-13,SR22,N269JM,1778696625.29,1778697893.87,1268.6,8446.6,285.0,283.0,VFR_level,8500,True,False,False
a13e8f:2026-05-13T18:07:01Z,texas,2026-05-13,S22T,N18CK,1778696165.26,1778696455.47,290.2,5429.3,181.5,179.5,VFR_level,5500,True,True,True
a13e8f:2026-05-13T18:07:01Z,texas,2026-05-13,S22T,N18CK,1778699047.4,1778699746.75,699.3,5429.3,137.0,135.0,VFR_level,5500,True,False,False
a6b141:2026-05-13T17:57:32Z,texas,2026-05-13,C240,N530JM,1778695613.19,1778695922.78,309.6,5383.1,148.0,146.0,VFR_level,5500,True,True,False
a6b141:2026-05-13T17:57:32Z,texas,2026-05-13,C240,N530JM,1778697162.61,1778697835.02,672.4,5433.1,148.0,146.0,VFR_level,5500,True,True,False
a91768:2026-05-13T17:57:32Z,texas,2026-05-13,C172,N685SP,1778695588.76,1778696100.98,512.2,4326.7,151.0,149.0,off_level,,,False,False
a91768:2026-05-13T17:57:32Z,texas,2026-05-13,C172,N685SP,1778696342.11,1778696524.85,182.7,4426.7,151.0,149.0,VFR_level,4500,False,False,False
a4eb87:2026-05-13T17:56:45Z,texas,2026-05-13,BE95,N416MK,1778695362.5,1778696036.41,673.9,6480.6,328.0,326.0,VFR_level,6500,True,False,False
a4eb87:2026-05-13T17:56:45Z,texas,2026-05-13,BE95,N416MK,1778696070.73,1778696304.11,233.4,6480.6,337.0,335.0,VFR_level,6500,True,False,False
a4eb87:2026-05-13T17:56:45Z,texas,2026-05-13,BE95,N416MK,1778696402.37,1778698338.99,1936.6,6430.6,329.0,327.0,VFR_level,6500,True,False,False
a9849a:2026-05-13T17:54:22Z,texas,2026-05-13,DA42,N712MM,1778695378.46,1778696747.65,1369.2,7427.6,107.0,105.0,VFR_level,7500,True,True,False
ab2d50:2026-05-13T17:54:09Z,texas,2026-05-13,BE36,N8191K,1778696316.66,1778698067.09,1750.4,8425.8,332.0,330.0,VFR_level,8500,True,False,False
ab2d50:2026-05-13T17:54:09Z,texas,2026-05-13,BE36,N8191K,1778698096.91,1778699909.51,1812.6,8395.8,330.0,328.0,VFR_level,8500,True,False,False
a66a0d:2026-05-13T17:51:44Z,texas,2026-05-13,C172,N512ND,1778695832.42,1778696036.78,204.4,3454.4,8.0,6.0,VFR_level,3500,True,False,False
a601ee:2026-05-13T17:50:19Z,texas,2026-05-13,C172,N4865D,1778695996.85,1778696254.74,257.9,4429.9,255.0,253.0,VFR_level,4500,True,True,False
a601ee:2026-05-13T17:50:19Z,texas,2026-05-13,C172,N4865D,1778699778.1,1778700073.12,295.0,5424.8,295.0,293.0,VFR_level,5500,False,False,False
a601ee:2026-05-13T17:50:19Z,texas,2026-05-13,C172,N4865D,1778700099.82,1778700383.65,283.8,5424.8,295.0,293.0,VFR_level,5500,False,False,False
a601ee:2026-05-13T17:50:19Z,texas,2026-05-13,C172,N4865D,1778700440.1,1778701109.52,669.4,5449.8,295.0,293.0,VFR_level,5500,False,False,False
a17a40:2026-05-13T17:46:57Z,texas,2026-05-13,C77R,N1946Q,1778694417.28,1778694860.58,443.3,5493.8,90.0,88.0,VFR_level,5500,True,True,False
a70452:2026-05-13T17:42:33Z,texas,2026-05-13,C172,N551ND,1778696797.69,1778696998.1,200.4,4432.3,123.0,121.0,VFR_level,4500,False,False,False
a199be:2026-05-13T17:41:14Z,texas,2026-05-13,C421,N202DB,1778694599.64,1778697339.47,2739.8,8409.9,211.0,209.0,VFR_level,8500,True,False,False
aa03dd:2026-05-13T17:39:49Z,texas,2026-05-13,AA5,N74406,1778694323.16,1778694619.93,296.8,4376.5,281.0,279.0,VFR_level,4500,True,False,False
a85b07:2026-05-13T17:37:11Z,texas,2026-05-13,C172,N63767,1778694941.61,1778695210.17,268.6,4484.1,335.0,333.0,VFR_level,4500,True,True,False
a0d761:2026-05-13T17:37:09Z,texas,2026-05-13,PC12,N153X,1778694228.39,1778695297.74,1069.3,13428.4,107.0,105.0,VFR_level,13500,True,False,False
ac9688:2026-05-13T17:28:48Z,texas,2026-05-13,BE33,N91YR,1778694163.57,1778696910.27,2746.7,11446.3,88.0,86.0,VFR_level,11500,True,False,False
ac9688:2026-05-13T17:28:48Z,texas,2026-05-13,BE33,N91YR,1778697996.48,1778702035.92,4039.4,10471.3,88.0,86.0,VFR_level,10500,False,False,False
a30b31:2026-05-13T17:21:43Z,texas,2026-05-13,C177,N29554,1778699541.75,1778699885.56,343.8,3603.8,332.0,330.0,VFR_level,3500,False,False,False
a30b31:2026-05-13T17:21:43Z,texas,2026-05-13,C177,N29554,1778699909.29,1778700093.48,184.2,3803.8,332.0,330.0,off_level,,,False,False
a30b31:2026-05-13T17:21:43Z,texas,2026-05-13,C177,N29554,1778700612.41,1778700804.23,191.8,4803.8,332.0,330.0,off_level,,,False,False
a30b31:2026-05-13T17:21:43Z,texas,2026-05-13,C177,N29554,1778700834.56,1778701176.72,342.2,4503.8,332.0,330.0,VFR_level,4500,True,False,False
a2a226:2026-05-13T17:15:43Z,texas,2026-05-13,SR20,N269TS,1778692688.44,1778692976.55,288.1,5485.1,147.0,145.0,VFR_level,5500,True,False,False
a03ab3:2026-05-13T17:15:13Z,texas,2026-05-13,PISI,N1137P,1778708681.46,1778709249.28,567.8,7479.6,56.0,54.0,VFR_level,7500,True,False,False
a124c2:2026-05-13T17:05:43Z,texas,2026-05-13,C82S,N173EM,1778692219.24,1778692883.04,663.8,5446.3,26.0,24.0,VFR_level,5500,True,True,False
a61a9c:2026-05-13T17:04:51Z,texas,2026-05-13,C182,N4925Q,1778692067.05,1778692333.53,266.5,3472.6,342.0,340.0,VFR_level,3500,False,False,False
a03a96:2026-05-13T17:04:31Z,texas,2026-05-13,BT36,N1136V,1778692384.73,1778692605.75,221.0,4273.0,249.0,247.0,off_level,,,False,False
a2b820:2026-06-20T20:12:14Z,texas,2026-06-20,C182,N2743G,1781987329.95,1781987534.02,204.1,8458.7,246.0,244.0,VFR_level,8500,True,False,False
a058eb:2026-06-20T20:06:43Z,texas,2026-06-20,M20P,N121RL,1781988541.05,1781988859.45,318.4,3666.4,242.0,240.0,off_level,,,False,False
a9b2b3:2026-06-20T19:32:46Z,texas,2026-06-20,RV7,N724D,1781987515.67,1781987896.21,380.5,3493.0,27.0,25.0,VFR_level,3500,True,False,False
a4a9c1:2026-06-20T19:08:18Z,texas,2026-06-20,C182,N4UR,1781983109.1,1781983342.66,233.6,5864.9,357.5,355.5,IFR_level,6000,,True,False
a9b117:2026-06-20T18:56:54Z,texas,2026-06-20,PA24,N7230P,1781982219.9,1781982515.59,295.7,4903.8,33.0,31.0,IFR_level,5000,,False,False
a9b117:2026-06-20T18:56:54Z,texas,2026-06-20,PA24,N7230P,1781986346.38,1781987381.57,1035.2,6478.8,120.0,118.0,VFR_level,6500,False,False,False
aa72d1:2026-06-20T18:12:28Z,texas,2026-06-20,PA22,N7720D,1781979370.02,1781979653.07,283.0,3509.3,281.0,279.0,VFR_level,3500,False,False,False
aa72d1:2026-06-20T18:12:28Z,texas,2026-06-20,PA22,N7720D,1781980317.18,1781980760.22,443.0,3409.3,279.0,277.0,VFR_level,3500,False,False,False
aa72d1:2026-06-20T18:12:28Z,texas,2026-06-20,PA22,N7720D,1781980800.53,1781981448.35,647.8,3409.3,269.0,267.0,VFR_level,3500,False,False,False
aa72d1:2026-06-20T18:12:28Z,texas,2026-06-20,PA22,N7720D,1781981490.43,1781981712.07,221.6,3609.3,275.5,273.5,VFR_level,3500,False,False,False
a80fe7:2026-06-20T18:04:24Z,texas,2026-06-20,M20P,N6188A,1781980230.47,1781980583.49,353.0,8495.4,296.0,294.0,VFR_level,8500,True,False,False
a80fe7:2026-06-20T18:04:24Z,texas,2026-06-20,M20P,N6188A,1781980594.35,1781982213.95,1619.6,8495.4,332.0,330.0,VFR_level,8500,True,False,False
a80fe7:2026-06-20T18:04:24Z,texas,2026-06-20,M20P,N6188A,1781982223.18,1781982418.68,195.5,8495.4,312.5,310.5,VFR_level,8500,True,False,False
a80fe7:2026-06-20T18:04:24Z,texas,2026-06-20,M20P,N6188A,1781982735.38,1781983647.27,911.9,9363.8,298.0,296.0,VFR_level,9500,False,False,False
a80fe7:2026-06-20T18:04:24Z,texas,2026-06-20,M20P,N6188A,1781984099.15,1781984352.93,253.8,10163.8,303.0,301.0,off_level,,,False,False
a80fe7:2026-06-20T18:04:24Z,texas,2026-06-20,M20P,N6188A,1781984602.79,1781984948.94,346.2,10463.8,304.0,302.0,VFR_level,10500,True,False,False
a80fe7:2026-06-20T18:04:24Z,texas,2026-06-20,M20P,N6188A,1781984997.88,1781986511.82,1513.9,10463.8,308.0,306.0,VFR_level,10500,True,False,False
a6bb2f:2026-06-20T17:51:07Z,texas,2026-06-20,C172,N5327G,1781980467.2,1781980686.08,218.9,4943.0,52.0,50.0,IFR_level,5000,,True,False
a19702:2026-06-20T17:49:21Z,texas,2026-06-20,M20P,N201PC,1781978375.79,1781978561.43,185.6,5238.0,273.0,271.0,off_level,,,False,False
a19702:2026-06-20T17:49:21Z,texas,2026-06-20,M20P,N201PC,1781979988.32,1781980332.63,344.3,10613.0,271.0,269.0,VFR_level,10500,True,True,False
a19702:2026-06-20T17:49:21Z,texas,2026-06-20,M20P,N201PC,1781980549.22,1781981051.29,502.1,10613.0,268.0,266.0,VFR_level,10500,True,True,False
a6c699:2026-01-14T22:44:34Z,midwest,2026-01-14,P28A,N5359F,1768431155.6,1768431471.56,316.0,4632.5,277.0,276.0,VFR_level,4500,True,False,False
a6c699:2026-01-14T22:44:34Z,midwest,2026-01-14,P28A,N5359F,1768431662.11,1768432181.71,519.6,4563.1,267.0,266.0,VFR_level,4500,True,False,False
a68636:2026-01-14T21:43:17Z,midwest,2026-01-14,P28A,N5197L,1768427166.46,1768427470.05,303.6,4593.8,252.0,251.0,VFR_level,4500,True,False,False
a68636:2026-01-14T21:43:17Z,midwest,2026-01-14,P28A,N5197L,1768427543.07,1768428028.68,485.6,4593.8,264.0,263.0,VFR_level,4500,True,False,False
a68636:2026-01-14T21:43:17Z,midwest,2026-01-14,P28A,N5197L,1768428973.28,1768429830.05,856.8,4624.4,264.0,263.0,VFR_level,4500,True,False,False
a68636:2026-01-14T21:43:17Z,midwest,2026-01-14,P28A,N5197L,1768430032.69,1768430800.99,768.3,4654.8,264.0,263.0,off_level,,,False,False
a68636:2026-01-14T21:43:17Z,midwest,2026-01-14,P28A,N5197L,1768431234.09,1768432734.88,1500.8,4654.8,264.0,263.0,off_level,,,False,False
a35230:2026-01-14T14:57:57Z,midwest,2026-01-14,GLAS,N313CH,1768419509.63,1768419830.55,320.9,15898.7,252.0,251.0,IFR_level,16000,,False,False
a35230:2026-01-14T14:57:57Z,midwest,2026-01-14,GLAS,N313CH,1768424008.87,1768424317.7,308.8,14467.0,245.0,244.0,VFR_level,14500,True,False,False
a35230:2026-01-14T14:57:57Z,midwest,2026-01-14,GLAS,N313CH,1768424366.08,1768424622.03,256.0,14367.0,245.0,244.0,VFR_level,14500,True,False,False
a35230:2026-01-14T14:57:57Z,midwest,2026-01-14,GLAS,N313CH,1768424727.69,1768425114.17,386.5,14667.0,245.0,244.0,off_level,,,False,False
a35230:2026-01-14T14:57:57Z,midwest,2026-01-14,GLAS,N313CH,1768425143.74,1768425339.66,195.9,14634.4,245.0,244.0,VFR_level,14500,True,False,False
ab4a34:2026-02-21T21:00:17Z,midwest,2026-02-21,P28A,N8265H,1771708188.35,1771712407.54,4219.2,5496.4,61.0,60.0,VFR_level,5500,True,False,False
a76d54:2026-02-21T20:02:25Z,midwest,2026-02-21,PC12,N578NG,1771704351.01,1771704614.71,263.7,4056.6,336.0,335.0,IFR_level,4000,,False,False
a64f10:2026-02-21T19:51:42Z,midwest,2026-02-21,PA34,N5051T,1771703805.54,1771704006.73,201.2,4636.8,182.0,181.0,VFR_level,4500,True,False,True
a64f10:2026-02-21T19:51:42Z,midwest,2026-02-21,PA34,N5051T,1771707019.32,1771707203.49,184.2,5136.8,60.0,59.0,IFR_level,5000,,False,False
a27daa:2026-02-21T19:44:38Z,midwest,2026-02-21,BE76,N26LM,1771703425.61,1771703892.43,466.8,6490.3,12.0,11.0,VFR_level,6500,False,False,False
a27daa:2026-02-21T19:44:38Z,midwest,2026-02-21,BE76,N26LM,1771704889.52,1771705521.43,631.9,3990.3,326.0,325.0,IFR_level,4000,,False,False
a016d0:2026-02-21T19:17:36Z,midwest,2026-02-21,P28A,N1046X,1771701941.96,1771702178.05,236.1,4212.3,100.0,99.0,off_level,,,False,False
a01946:2026-02-21T19:14:30Z,midwest,2026-02-21,SR22,N105WL,1771701369.38,1771701995.2,625.8,5490.0,30.0,29.0,VFR_level,5500,True,False,False
a01946:2026-02-21T19:14:30Z,midwest,2026-02-21,SR22,N105WL,1771702142.33,1771702500.48,358.2,5490.0,38.0,37.0,VFR_level,5500,True,False,False
a3daa8:2026-02-21T18:32:44Z,midwest,2026-02-21,P28A,N3477M,1771703416.53,1771703937.07,520.5,5567.0,55.0,54.0,VFR_level,5500,True,True,False
a16aae:2026-02-21T18:28:48Z,midwest,2026-02-21,P28A,N1901H,1771698974.36,1771699335.17,360.8,4505.4,318.0,317.0,VFR_level,4500,True,False,False
a16aae:2026-02-21T18:28:48Z,midwest,2026-02-21,P28A,N1901H,1771699359.52,1771699653.46,293.9,4605.4,318.0,317.0,VFR_level,4500,True,False,False
a1730f:2026-02-21T17:49:17Z,midwest,2026-02-21,C172,N1928F,1771697140.05,1771697375.36,235.3,9322.3,23.0,22.0,off_level,,,False,False
a1730f:2026-02-21T17:49:17Z,midwest,2026-02-21,C172,N1928F,1771697499.3,1771697966.46,467.2,9397.3,44.0,43.0,VFR_level,9500,True,False,False
a1730f:2026-02-21T17:49:17Z,midwest,2026-02-21,C172,N1928F,1771698747.41,1771700750.14,2002.7,9367.3,41.0,40.0,VFR_level,9500,True,False,False
a1730f:2026-02-21T17:49:17Z,midwest,2026-02-21,C172,N1928F,1771700840.58,1771701613.14,772.6,9467.3,41.0,40.0,VFR_level,9500,True,True,False
a82404:2026-02-21T17:48:28Z,midwest,2026-02-21,C172,N6232D,1771697066.08,1771697329.75,263.7,9347.2,27.0,26.0,off_level,,,False,False
a82404:2026-02-21T17:48:28Z,midwest,2026-02-21,C172,N6232D,1771697382.01,1771697911.05,529.0,9372.2,39.0,38.0,VFR_level,9500,True,False,False
a82404:2026-02-21T17:48:28Z,midwest,2026-02-21,C172,N6232D,1771698210.41,1771698480.08,269.7,9422.2,40.0,39.0,VFR_level,9500,True,False,False
a82404:2026-02-21T17:48:28Z,midwest,2026-02-21,C172,N6232D,1771698762.43,1771700267.31,1504.9,9422.2,45.0,44.0,VFR_level,9500,True,False,False
a82404:2026-02-21T17:48:28Z,midwest,2026-02-21,C172,N6232D,1771700415.95,1771700811.09,395.1,9647.2,45.0,44.0,VFR_level,9500,True,True,False
a82404:2026-02-21T17:48:28Z,midwest,2026-02-21,C172,N6232D,1771701016.7,1771701200.75,184.0,9047.2,45.0,44.0,IFR_level,9000,,True,False
ac949e:2026-02-21T17:47:28Z,midwest,2026-02-21,C182,N91DA,1771697002.12,1771697494.4,492.3,9147.1,27.0,26.0,IFR_level,9000,,False,False
ac949e:2026-02-21T17:47:28Z,midwest,2026-02-21,C182,N91DA,1771697611.3,1771697973.6,362.3,9172.1,50.0,49.0,off_level,,,False,False
ac949e:2026-02-21T17:47:28Z,midwest,2026-02-21,C182,N91DA,1771698299.8,1771699614.95,1315.2,9197.1,46.0,45.0,off_level,,,False,False
ac949e:2026-02-21T17:47:28Z,midwest,2026-02-21,C182,N91DA,1771699641.71,1771699955.35,313.6,9141.8,358.5,357.5,IFR_level,9000,,False,True
ac949e:2026-02-21T17:47:28Z,midwest,2026-02-21,C182,N91DA,1771700156.11,1771700631.14,475.0,9141.8,338.0,337.0,IFR_level,9000,,True,False
ac949e:2026-02-21T17:47:28Z,midwest,2026-02-21,C182,N91DA,1771700709.51,1771701316.57,607.1,9141.8,338.0,337.0,IFR_level,9000,,True,False
a354e3:2026-02-21T17:28:32Z,midwest,2026-02-21,C150,N3134J,1771698625.57,1771698828.63,203.1,4944.6,240.0,239.0,IFR_level,5000,,True,False
a9cdc2:2026-02-21T17:27:52Z,midwest,2026-02-21,C172,N73020,1771699013.98,1771699228.39,214.4,4473.0,291.0,290.0,VFR_level,4500,True,True,False
a9cdc2:2026-02-21T17:27:52Z,midwest,2026-02-21,C172,N73020,1771699300.27,1771700360.26,1060.0,4573.0,296.0,295.0,VFR_level,4500,True,True,False
a8d4ee:2026-02-21T17:09:55Z,midwest,2026-02-21,BE36,N66840,1771694001.36,1771696992.29,2990.9,4568.0,282.0,281.0,VFR_level,4500,True,False,False
a0df4e:2026-02-21T17:09:08Z,midwest,2026-02-21,P28A,N1551S,1771696628.58,1771697200.76,572.2,5603.9,55.0,54.0,VFR_level,5500,True,False,False
a0df4e:2026-02-21T17:09:08Z,midwest,2026-02-21,P28A,N1551S,1771697639.62,1771698173.06,533.4,5603.9,56.0,55.0,VFR_level,5500,True,False,False
a34abf:2026-02-21T16:57:29Z,midwest,2026-02-21,S22T,N311CE,1771694936.24,1771697412.96,2476.7,10669.0,209.0,208.0,off_level,,,False,False
a34abf:2026-02-21T16:57:29Z,midwest,2026-02-21,S22T,N311CE,1771697657.79,1771698035.17,377.4,8706.1,208.5,207.5,off_level,,,False,False
a34abf:2026-02-21T16:57:29Z,midwest,2026-02-21,S22T,N311CE,1771698145.14,1771700348.07,2202.9,8531.1,220.0,219.0,VFR_level,8500,True,False,False
a34abf:2026-02-21T16:57:29Z,midwest,2026-02-21,S22T,N311CE,1771700687.2,1771702935.65,2248.5,8563.3,204.0,203.0,VFR_level,8500,True,False,False
a34abf:2026-02-21T16:57:29Z,midwest,2026-02-21,S22T,N311CE,1771703029.52,1771705374.99,2345.5,8563.3,208.0,207.0,VFR_level,8500,True,False,False
a25286:2026-02-21T15:55:14Z,midwest,2026-02-21,M20P,N249ME,1771689747.03,1771690704.29,957.3,6561.7,204.0,203.0,VFR_level,6500,True,False,False
ab4a34:2026-02-21T13:48:39Z,midwest,2026-02-21,P28A,N8265H,1771682209.02,1771682918.1,709.1,11808.6,95.0,94.0,off_level,,,False,False
ab4a34:2026-02-21T13:48:39Z,midwest,2026-02-21,P28A,N8265H,1771692989.89,1771697186.13,4196.2,11620.1,84.0,83.0,VFR_level,11500,True,False,False
a9cdc2:2026-02-21T13:27:59Z,midwest,2026-02-21,C172,N73020,1771681515.16,1771681938.14,423.0,4658.4,190.0,189.0,off_level,,,True,False
a9cdc2:2026-02-21T13:27:59Z,midwest,2026-02-21,C172,N73020,1771683509.48,1771683767.57,258.1,5658.4,218.0,217.0,off_level,,,True,False
a9cdc2:2026-02-21T13:27:59Z,midwest,2026-02-21,C172,N73020,1771684134.19,1771684423.26,289.1,5658.4,218.0,217.0,off_level,,,True,False
aac5a9:2026-02-21T13:10:58Z,midwest,2026-02-21,BE9L,N7931D,1771688229.3,1771688850.44,621.1,9642.1,149.0,148.0,VFR_level,9500,True,True,False
a3a97a:2026-03-18T23:41:32Z,midwest,2026-03-18,C172,N335ME,1773878579.8,1773879236.1,656.3,4440.3,135.0,134.0,VFR_level,4500,False,False,False
aa5bc2:2026-03-18T23:37:22Z,midwest,2026-03-18,C172,N767CG,1773879897.09,1773880133.55,236.5,4468.6,68.0,67.0,VFR_level,4500,False,True,False
a69ac7:2026-03-18T23:24:38Z,midwest,2026-03-18,C172,N52440,1773876278.88,1773876459.0,180.1,5599.5,90.0,89.0,VFR_level,5500,True,False,False
a27daa:2026-03-18T22:49:12Z,midwest,2026-03-18,BE76,N26LM,1773874198.03,1773874657.02,459.0,3928.9,335.0,334.0,IFR_level,4000,,False,False
a3579c:2026-03-18T22:48:43Z,midwest,2026-03-18,SIRA,N314VV,1773878141.13,1773880150.57,2009.4,4499.3,277.0,276.0,VFR_level,4500,True,True,False
a3579c:2026-03-18T22:48:43Z,midwest,2026-03-18,SIRA,N314VV,1773880233.29,1773880622.33,389.0,4499.3,278.0,277.0,VFR_level,4500,True,True,False
a4c05c:2026-03-18T22:30:39Z,midwest,2026-03-18,C172,N405MW,1773873400.05,1773873580.05,180.0,4429.7,334.5,333.5,VFR_level,4500,True,False,False
a4c05c:2026-03-18T22:30:39Z,midwest,2026-03-18,C172,N405MW,1773873908.69,1773874876.0,967.3,4429.7,332.0,331.0,VFR_level,4500,True,False,False
a4c05c:2026-03-18T22:30:39Z,midwest,2026-03-18,C172,N405MW,1773874969.61,1773875923.38,953.8,4529.7,338.0,337.0,VFR_level,4500,True,False,False
a70db0:2026-03-18T22:22:57Z,midwest,2026-03-18,C172,N55350,1773872898.2,1773873183.15,285.0,4511.4,222.0,221.0,VFR_level,4500,True,False,False
a70db0:2026-03-18T22:22:57Z,midwest,2026-03-18,C172,N55350,1773873494.63,1773873761.78,267.1,4486.4,196.0,195.0,VFR_level,4500,True,False,False
a87ef5:2026-03-18T22:00:47Z,midwest,2026-03-18,SR22,N6468,1773871423.61,1773871642.62,219.0,6549.7,346.0,345.0,VFR_level,6500,True,True,False
a17d40:2026-03-18T21:28:44Z,midwest,2026-03-18,SR22,N1951G,1773869736.05,1773869922.28,186.2,6552.8,0.0,359.0,VFR_level,6500,True,False,True
a17d40:2026-03-18T21:28:44Z,midwest,2026-03-18,SR22,N1951G,1773871560.34,1773871784.05,223.7,8552.8,36.0,35.0,VFR_level,8500,False,False,False
a17d40:2026-03-18T21:28:44Z,midwest,2026-03-18,SR22,N1951G,1773871792.53,1773872623.74,831.2,8452.8,358.0,357.0,VFR_level,8500,True,False,True
a17d40:2026-03-18T21:28:44Z,midwest,2026-03-18,SR22,N1951G,1773872670.84,1773874022.42,1351.6,8452.8,271.0,270.0,VFR_level,8500,True,False,False
a69ac7:2026-03-18T21:28:38Z,midwest,2026-03-18,C172,N52440,1773869867.23,1773870926.49,1059.3,6510.7,269.0,268.0,VFR_level,6500,True,False,False
a5a7f8:2026-03-18T21:11:05Z,midwest,2026-03-18,PA23,N4636P,1773868620.29,1773870001.2,1380.9,6633.1,209.0,208.0,VFR_level,6500,True,False,False
a27daa:2026-03-18T20:43:53Z,midwest,2026-03-18,BE76,N26LM,1773868996.91,1773869179.15,182.2,3930.2,44.0,43.0,IFR_level,4000,,False,False
a796d0:2026-03-18T20:35:57Z,midwest,2026-03-18,P28A,N5886F,1773866157.07,1773866552.79,395.7,4477.6,336.0,335.0,VFR_level,4500,True,False,False
a796d0:2026-03-18T20:35:57Z,midwest,2026-03-18,P28A,N5886F,1773868770.59,1773868988.55,218.0,5502.6,151.0,150.0,VFR_level,5500,True,False,False
aafeea:2026-03-18T20:09:12Z,midwest,2026-03-18,P28A,N8075E,1773865012.69,1773868085.75,3073.1,5493.7,4.0,3.0,VFR_level,5500,True,False,False
aafeea:2026-03-18T20:09:12Z,midwest,2026-03-18,P28A,N8075E,1773869137.15,1773869378.23,241.1,4518.7,231.0,230.0,VFR_level,4500,True,False,False
aafeea:2026-03-18T20:09:12Z,midwest,2026-03-18,P28A,N8075E,1773869408.31,1773869931.4,523.1,4518.7,252.0,251.0,VFR_level,4500,True,False,False
aafeea:2026-03-18T20:09:12Z,midwest,2026-03-18,P28A,N8075E,1773873006.59,1773874499.25,1492.7,5493.7,158.0,157.0,VFR_level,5500,True,False,False
a24775:2026-03-18T19:31:42Z,midwest,2026-03-18,C206,N246N,1773862942.09,1773864406.59,1464.5,4525.2,265.0,264.0,VFR_level,4500,True,False,False
a24775:2026-03-18T19:31:42Z,midwest,2026-03-18,C206,N246N,1773865174.94,1773871656.46,6481.5,4492.1,265.0,264.0,VFR_level,4500,True,True,False
a63697:2026-03-18T19:18:34Z,midwest,2026-03-18,SR22,N5PV,1773862518.24,1773863633.49,1115.2,6497.0,197.0,196.0,VFR_level,6500,True,True,False
a17d40:2026-03-18T19:01:16Z,midwest,2026-03-18,SR22,N1951G,1773860614.55,1773861331.32,716.8,7542.1,142.0,141.0,VFR_level,7500,True,False,False
a17d40:2026-03-18T19:01:16Z,midwest,2026-03-18,SR22,N1951G,1773861902.29,1773862230.19,327.9,7542.1,146.0,145.0,VFR_level,7500,True,False,False
adef52:2026-03-18T18:28:48Z,midwest,2026-03-18,BE35,N9972R,1773858642.0,1773859297.2,655.2,5542.9,26.0,25.0,VFR_level,5500,True,True,False
adef52:2026-03-18T18:28:48Z,midwest,2026-03-18,BE35,N9972R,1773859337.07,1773859582.99,245.9,5642.9,26.0,25.0,VFR_level,5500,True,True,False
adef52:2026-03-18T18:28:48Z,midwest,2026-03-18,BE35,N9972R,1773859728.31,1773860137.37,409.1,5542.9,25.5,24.5,VFR_level,5500,True,True,False
a88b45:2026-03-18T17:29:27Z,midwest,2026-03-18,C182,N65KC,1773857502.43,1773860140.8,2638.4,4473.9,217.0,216.0,VFR_level,4500,True,False,False
a88b45:2026-03-18T17:29:27Z,midwest,2026-03-18,C182,N65KC,1773861006.92,1773861239.36,232.4,4473.9,218.0,217.0,VFR_level,4500,True,False,False
a88b45:2026-03-18T17:29:27Z,midwest,2026-03-18,C182,N65KC,1773863709.79,1773864102.95,393.2,4440.7,216.0,215.0,VFR_level,4500,True,False,False
a11e82:2026-03-18T17:03:09Z,midwest,2026-03-18,C182,N171SP,1773855580.88,1773855863.88,283.0,4495.0,282.0,281.0,VFR_level,4500,True,True,False
a11e82:2026-03-18T17:03:09Z,midwest,2026-03-18,C182,N171SP,1773857172.26,1773857793.95,621.7,5489.3,38.0,37.0,VFR_level,5500,True,True,False
a11e82:2026-03-18T17:03:09Z,midwest,2026-03-18,C182,N171SP,1773857992.66,1773858691.85,699.2,5489.3,37.0,36.0,VFR_level,5500,True,False,False
a11e82:2026-03-18T17:03:09Z,midwest,2026-03-18,C182,N171SP,1773859471.28,1773861597.56,2126.3,5514.3,38.0,37.0,VFR_level,5500,True,False,False
a11e82:2026-03-18T17:03:09Z,midwest,2026-03-18,C182,N171SP,1773862331.86,1773862689.33,357.5,4521.7,221.0,220.0,VFR_level,4500,True,False,False
a11e82:2026-03-18T17:03:09Z,midwest,2026-03-18,C182,N171SP,1773862828.63,1773863906.75,1078.1,4521.7,230.0,229.0,VFR_level,4500,True,True,False
a11e82:2026-03-18T17:03:09Z,midwest,2026-03-18,C182,N171SP,1773863917.92,1773865237.91,1320.0,4521.7,182.0,181.0,VFR_level,4500,True,True,True
a22549:2026-03-18T16:59:54Z,midwest,2026-03-18,C172,N2373G,1773853444.83,1773854736.2,1291.4,4548.7,220.0,219.0,VFR_level,4500,True,False,False
a22549:2026-03-18T16:59:54Z,midwest,2026-03-18,C172,N2373G,1773854864.59,1773855223.03,358.4,4498.7,220.0,219.0,VFR_level,4500,True,False,False
a89307:2026-03-18T16:58:20Z,midwest,2026-03-18,C172,N65112,1773854392.86,1773854663.11,270.2,4150.3,162.0,161.0,off_level,,,False,False
a89307:2026-03-18T16:58:20Z,midwest,2026-03-18,C172,N65112,1773854789.33,1773855013.9,224.6,4550.3,162.0,161.0,VFR_level,4500,False,False,False
a89307:2026-03-18T16:58:20Z,midwest,2026-03-18,C172,N65112,1773855048.54,1773856134.14,1085.6,4850.3,162.0,161.0,IFR_level,5000,,False,False
a89307:2026-03-18T16:58:20Z,midwest,2026-03-18,C172,N65112,1773856651.85,1773856854.43,202.6,5050.3,12.0,11.0,IFR_level,5000,,False,False
a353e5:2026-03-18T16:55:33Z,midwest,2026-03-18,SIRA,N313VV,1773853988.95,1773855156.25,1167.3,4521.7,265.0,264.0,VFR_level,4500,True,True,False
a27daa:2026-03-18T16:49:34Z,midwest,2026-03-18,BE76,N26LM,1773854239.5,1773854428.37,188.9,6455.4,249.5,248.5,VFR_level,6500,True,False,False
a27daa:2026-03-18T16:49:34Z,midwest,2026-03-18,BE76,N26LM,1773854571.81,1773854775.11,203.3,6055.4,169.0,168.0,IFR_level,6000,,False,False
a9d766:2026-03-18T15:48:54Z,midwest,2026-03-18,C172,N733NK,1773849157.04,1773849391.9,234.9,5557.3,85.0,84.0,VFR_level,5500,True,False,False
a224ef:2026-03-18T15:39:04Z,midwest,2026-03-18,T206,N2370X,1773849075.78,1773854577.13,5501.4,5543.7,83.0,82.0,VFR_level,5500,True,True,False
a22549:2026-03-18T15:30:51Z,midwest,2026-03-18,C172,N2373G,1773848342.29,1773850322.63,1980.3,5595.8,36.0,35.0,VFR_level,5500,True,False,False
ac949e:2026-03-18T15:08:32Z,midwest,2026-03-18,C182,N91DA,1773847756.39,1773848073.56,317.2,4568.6,272.0,271.0,VFR_level,4500,True,True,False
a5a7f8:2026-03-18T15:01:11Z,midwest,2026-03-18,PA23,N4636P,1773846466.8,1773847534.71,1067.9,5745.8,25.0,24.0,off_level,,,False,False
a5a7f8:2026-03-18T15:01:11Z,midwest,2026-03-18,PA23,N4636P,1773847557.81,1773847739.75,181.9,5645.8,26.0,25.0,VFR_level,5500,True,False,False
a82404:2026-03-18T14:56:46Z,midwest,2026-03-18,C172,N6232D,1773847006.63,1773850731.09,3724.5,5574.7,91.0,90.0,VFR_level,5500,True,True,False
a1730f:2026-03-18T14:52:23Z,midwest,2026-03-18,C172,N1928F,1773846993.05,1773847175.03,182.0,5617.0,78.0,77.0,VFR_level,5500,True,True,False
a1730f:2026-03-18T14:52:23Z,midwest,2026-03-18,C172,N1928F,1773847246.95,1773850579.73,3332.8,5649.2,85.0,84.0,VFR_level,5500,True,True,False
a27daa:2026-03-18T14:31:32Z,midwest,2026-03-18,BE76,N26LM,1773846510.24,1773846895.43,385.2,4050.0,309.0,308.0,IFR_level,4000,,False,False
a21e82:2026-03-18T13:01:32Z,midwest,2026-03-18,,N23579,1773840578.6,1773840980.19,401.6,5429.8,12.0,11.0,VFR_level,5500,True,False,False
a21e82:2026-03-18T13:01:32Z,midwest,2026-03-18,,N23579,1773841052.51,1773841235.07,182.6,5629.8,12.0,11.0,VFR_level,5500,True,False,False
a21e82:2026-03-18T13:01:32Z,midwest,2026-03-18,,N23579,1773841283.4,1773842360.8,1077.4,5479.8,12.0,11.0,VFR_level,5500,True,False,False
a21e82:2026-03-18T13:01:32Z,midwest,2026-03-18,,N23579,1773842510.87,1773842776.35,265.5,5442.4,12.0,11.0,VFR_level,5500,True,False,False
a21e82:2026-03-18T13:01:32Z,midwest,2026-03-18,,N23579,1773842828.5,1773844211.53,1383.0,5617.4,12.0,11.0,VFR_level,5500,True,False,False
a21e82:2026-03-18T13:01:32Z,midwest,2026-03-18,,N23579,1773844270.91,1773844918.63,647.7,5512.2,12.0,11.0,VFR_level,5500,True,False,False
a21e82:2026-03-18T13:01:32Z,midwest,2026-03-18,,N23579,1773844969.31,1773845333.47,364.2,5562.2,12.0,11.0,VFR_level,5500,True,False,False
a21e82:2026-03-18T13:01:32Z,midwest,2026-03-18,,N23579,1773846716.9,1773848887.65,2170.8,5537.2,18.0,17.0,VFR_level,5500,True,False,False
a21e82:2026-03-18T13:01:32Z,midwest,2026-03-18,,N23579,1773849898.08,1773850695.06,797.0,5631.6,15.0,14.0,VFR_level,5500,True,False,False
a21e82:2026-03-18T13:01:32Z,midwest,2026-03-18,,N23579,1773850757.15,1773851281.12,524.0,5556.6,15.0,14.0,VFR_level,5500,True,False,False
a21e82:2026-03-18T13:01:32Z,midwest,2026-03-18,,N23579,1773851313.44,1773851896.99,583.5,5656.6,15.0,14.0,off_level,,,False,False
a21e82:2026-03-18T13:01:32Z,midwest,2026-03-18,,N23579,1773851918.11,1773852229.27,311.2,5656.6,15.0,14.0,off_level,,,False,False
a21e82:2026-03-18T13:01:32Z,midwest,2026-03-18,,N23579,1773852332.11,1773853462.6,1130.5,5581.6,15.0,14.0,VFR_level,5500,True,False,False
a21e82:2026-03-18T13:01:32Z,midwest,2026-03-18,,N23579,1773853505.46,1773854110.53,605.1,5626.5,15.0,14.0,VFR_level,5500,True,False,False
a21e82:2026-03-18T13:01:32Z,midwest,2026-03-18,,N23579,1773854164.51,1773854511.48,347.0,5476.5,15.0,14.0,VFR_level,5500,True,False,False
a21e82:2026-03-18T13:01:32Z,midwest,2026-03-18,,N23579,1773854554.41,1773855349.94,795.5,5551.5,15.0,14.0,VFR_level,5500,True,False,False
a955d3:2026-03-18T12:39:45Z,midwest,2026-03-18,SR22,N700P,1773838189.42,1773839337.75,1148.3,4313.3,255.0,254.0,off_level,,,False,False
a3bb31:2026-03-18T12:32:57Z,midwest,2026-03-18,S22T,N34CK,1773837886.29,1773838418.24,532.0,4515.5,344.0,343.0,VFR_level,4500,True,False,False
a3bb31:2026-03-18T12:32:57Z,midwest,2026-03-18,S22T,N34CK,1773838424.45,1773839213.49,789.0,4548.8,17.0,16.0,VFR_level,4500,False,False,False
a3bb31:2026-03-18T12:32:57Z,midwest,2026-03-18,S22T,N34CK,1773839223.56,1773839773.14,549.6,4548.8,347.0,346.0,VFR_level,4500,True,True,False
a3bb31:2026-03-18T12:32:57Z,midwest,2026-03-18,S22T,N34CK,1773840195.77,1773840488.81,293.0,4482.0,349.0,348.0,VFR_level,4500,True,True,False
a63697:2026-03-18T12:09:10Z,midwest,2026-03-18,SR22,N5PV,1773836190.49,1773836572.13,381.6,4598.4,186.0,185.0,VFR_level,4500,True,False,False
a63697:2026-03-18T12:09:10Z,midwest,2026-03-18,SR22,N5PV,1773836724.89,1773838907.46,2182.6,6631.8,186.0,185.0,VFR_level,6500,True,True,False
a669fc:2026-04-25T23:42:26Z,midwest,2026-04-25,P46T,N512MM,1777160925.66,1777161401.09,475.4,9978.5,262.0,261.0,IFR_level,10000,,True,False
a305d8:2026-04-25T21:50:07Z,midwest,2026-04-25,HUSK,N294RL,1777155345.99,1777155752.29,406.3,11194.1,49.0,48.0,off_level,,,False,False
a305d8:2026-04-25T21:50:07Z,midwest,2026-04-25,HUSK,N294RL,1777155844.25,1777156479.47,635.2,11224.4,49.0,48.0,off_level,,,False,False
a305d8:2026-04-25T21:50:07Z,midwest,2026-04-25,HUSK,N294RL,1777156502.83,1777157089.2,586.4,11455.1,49.0,48.0,VFR_level,11500,True,False,False
a305d8:2026-04-25T21:50:07Z,midwest,2026-04-25,HUSK,N294RL,1777157141.95,1777157585.64,443.7,11155.1,49.0,48.0,off_level,,,False,False
a305d8:2026-04-25T21:50:07Z,midwest,2026-04-25,HUSK,N294RL,1777157624.61,1777157854.27,229.7,10986.3,49.0,48.0,IFR_level,11000,,False,False
a305d8:2026-04-25T21:50:07Z,midwest,2026-04-25,HUSK,N294RL,1777157948.15,1777158255.49,307.3,10786.3,49.0,48.0,off_level,,,False,False
a305d8:2026-04-25T21:50:07Z,midwest,2026-04-25,HUSK,N294RL,1777158363.19,1777158543.59,180.4,10786.3,49.0,48.0,off_level,,,False,False
a305d8:2026-04-25T21:50:07Z,midwest,2026-04-25,HUSK,N294RL,1777158760.17,1777159332.56,572.4,11518.0,49.0,48.0,VFR_level,11500,True,False,False
a305d8:2026-04-25T21:50:07Z,midwest,2026-04-25,HUSK,N294RL,1777159396.87,1777160263.05,866.2,11318.0,49.0,48.0,off_level,,,False,False
a305d8:2026-04-25T21:50:07Z,midwest,2026-04-25,HUSK,N294RL,1777160319.52,1777161725.17,1405.7,11349.4,49.0,48.0,off_level,,,False,False
a305d8:2026-04-25T21:50:07Z,midwest,2026-04-25,HUSK,N294RL,1777161796.88,1777161979.33,182.4,11249.4,49.0,48.0,off_level,,,False,False
a305d8:2026-04-25T21:50:07Z,midwest,2026-04-25,HUSK,N294RL,1777162389.62,1777162898.03,508.4,11079.6,49.0,48.0,IFR_level,11000,,False,False
a305d8:2026-04-25T21:50:07Z,midwest,2026-04-25,HUSK,N294RL,1777163015.51,1777163280.74,265.2,11479.6,49.0,48.0,VFR_level,11500,True,False,False
a305d8:2026-04-25T21:50:07Z,midwest,2026-04-25,HUSK,N294RL,1777163598.0,1777163847.33,249.3,11210.0,49.0,48.0,off_level,,,False,False
a305d8:2026-04-25T21:50:07Z,midwest,2026-04-25,HUSK,N294RL,1777163919.42,1777164203.95,284.5,11510.0,49.0,48.0,VFR_level,11500,True,False,False
a305d8:2026-04-25T21:50:07Z,midwest,2026-04-25,HUSK,N294RL,1777164287.76,1777164476.73,189.0,11410.0,49.0,48.0,VFR_level,11500,True,False,False
a305d8:2026-04-25T21:50:07Z,midwest,2026-04-25,HUSK,N294RL,1777164538.33,1777165284.48,746.2,11541.1,49.0,48.0,VFR_level,11500,True,True,False
a305d8:2026-04-25T21:50:07Z,midwest,2026-04-25,HUSK,N294RL,1777165326.75,1777165515.71,189.0,11141.1,49.0,48.0,IFR_level,11000,,True,False
a305d8:2026-04-25T21:50:07Z,midwest,2026-04-25,HUSK,N294RL,1777165903.31,1777166297.48,394.2,9572.0,49.0,48.0,VFR_level,9500,True,True,False
a96e72:2026-04-25T21:43:42Z,midwest,2026-04-25,C172,N7069G,1777154188.93,1777154822.03,633.1,5360.6,160.0,159.0,VFR_level,5500,True,True,False
a96e72:2026-04-25T21:43:42Z,midwest,2026-04-25,C172,N7069G,1777154834.57,1777155028.18,193.6,5360.6,160.5,159.5,VFR_level,5500,True,True,False
ad1eac:2026-04-25T20:45:17Z,midwest,2026-04-25,S108,N9442K,1777150984.68,1777153162.25,2177.6,5454.1,90.0,89.0,VFR_level,5500,True,True,False
ad1eac:2026-04-25T20:45:17Z,midwest,2026-04-25,S108,N9442K,1777153208.66,1777153483.3,274.6,5379.1,82.0,81.0,VFR_level,5500,True,True,False
a96e72:2026-04-25T20:40:56Z,midwest,2026-04-25,C172,N7069G,1777150858.32,1777151043.19,184.9,4260.1,18.0,17.0,off_level,,,True,False
a96e72:2026-04-25T20:40:56Z,midwest,2026-04-25,C172,N7069G,1777151293.46,1777151492.53,199.1,4360.1,18.0,17.0,VFR_level,4500,False,True,False
a3babe:2026-04-25T20:28:21Z,midwest,2026-04-25,P28A,N3398R,1777150804.51,1777150997.19,192.7,6559.1,242.0,241.0,VFR_level,6500,True,False,False
a7b684:2026-04-25T19:38:04Z,midwest,2026-04-25,C150,N5963T,1777147031.06,1777148592.91,1561.9,5479.3,24.0,23.0,VFR_level,5500,True,False,False
a83be8:2026-04-25T19:22:04Z,midwest,2026-04-25,RV6,N63FH,1777144959.85,1777145354.43,394.6,5483.8,130.0,129.0,VFR_level,5500,True,False,False
a83be8:2026-04-25T19:22:04Z,midwest,2026-04-25,RV6,N63FH,1777145475.84,1777145918.8,443.0,5508.8,130.0,129.0,VFR_level,5500,True,False,False
aafecc:2026-04-25T19:19:29Z,midwest,2026-04-25,S108,N8074K,1777145626.44,1777145889.88,263.4,5458.4,133.0,132.0,VFR_level,5500,True,False,False
a27182:2026-04-25T19:18:42Z,midwest,2026-04-25,CH7B,N257AC,1777145442.85,1777146229.94,787.1,5584.2,132.0,131.0,VFR_level,5500,True,False,False
a27182:2026-04-25T19:18:42Z,midwest,2026-04-25,CH7B,N257AC,1777146282.66,1777146622.07,339.4,5484.2,130.0,129.0,VFR_level,5500,True,False,False
a8a28a:2026-04-25T19:13:07Z,midwest,2026-04-25,M20P,N6556U,1777144463.96,1777144741.97,278.0,5441.9,52.0,51.0,VFR_level,5500,True,True,False
a1a552:2026-04-25T18:56:47Z,midwest,2026-04-25,C210,N205HN,1777145219.1,1777145598.51,379.4,5324.5,62.0,61.0,off_level,,,True,False
a1a552:2026-04-25T18:56:47Z,midwest,2026-04-25,C210,N205HN,1777145716.91,1777145902.7,185.8,5224.5,59.0,58.0,off_level,,,True,False
a1a552:2026-04-25T18:56:47Z,midwest,2026-04-25,C210,N205HN,1777145947.92,1777146669.99,722.1,5424.5,59.0,58.0,VFR_level,5500,True,True,False
a1a552:2026-04-25T18:56:47Z,midwest,2026-04-25,C210,N205HN,1777146715.09,1777146902.59,187.5,5255.5,63.0,62.0,off_level,,,True,False
a69d21:2026-04-25T18:41:52Z,midwest,2026-04-25,SR22,N525SR,1777148501.53,1777148694.45,192.9,5540.2,65.0,64.0,VFR_level,5500,True,True,False
a4d525:2026-04-25T18:31:22Z,midwest,2026-04-25,,N410LL,1777145414.72,1777145910.48,495.8,5516.3,69.0,68.0,VFR_level,5500,True,True,False
a65294:2026-04-25T18:27:02Z,midwest,2026-04-25,BE35,N5060B,1777142090.6,1777143759.56,1669.0,6489.9,295.0,294.0,VFR_level,6500,True,False,False
a65294:2026-04-25T18:27:02Z,midwest,2026-04-25,BE35,N5060B,1777144556.02,1777146473.52,1917.5,6489.9,294.0,293.0,VFR_level,6500,True,False,False
a9d766:2026-04-25T18:02:03Z,midwest,2026-04-25,C172,N733NK,1777140861.13,1777141627.41,766.3,5477.7,168.0,167.0,VFR_level,5500,True,False,False
a9d766:2026-04-25T18:02:03Z,midwest,2026-04-25,C172,N733NK,1777141819.43,1777142222.12,402.7,4027.7,168.0,167.0,IFR_level,4000,,False,False
a21ab0:2026-04-25T17:49:41Z,midwest,2026-04-25,BE58,N2347G,1777139796.46,1777140985.79,1189.3,7494.1,61.0,60.0,VFR_level,7500,True,False,False
a21ab0:2026-04-25T17:49:41Z,midwest,2026-04-25,BE58,N2347G,1777141773.17,1777143071.22,1298.0,7459.5,60.0,59.0,VFR_level,7500,True,False,False
a34eb4:2026-04-25T17:47:37Z,midwest,2026-04-25,P28A,N312ES,1777140675.77,1777140923.43,247.7,4976.0,8.0,7.0,IFR_level,5000,,True,False
a34eb4:2026-04-25T17:47:37Z,midwest,2026-04-25,P28A,N312ES,1777140933.63,1777141243.26,309.6,5026.0,8.0,7.0,IFR_level,5000,,True,False
a37150:2026-04-25T17:34:51Z,midwest,2026-04-25,P28A,N32043,1777139389.67,1777140121.55,731.9,4441.1,204.0,203.0,VFR_level,4500,True,True,False
a37150:2026-04-25T17:34:51Z,midwest,2026-04-25,P28A,N32043,1777141014.95,1777141462.15,447.2,4491.1,204.0,203.0,VFR_level,4500,True,True,False
a37150:2026-04-25T17:34:51Z,midwest,2026-04-25,P28A,N32043,1777141986.02,1777142239.46,253.4,4466.1,333.0,332.0,VFR_level,4500,True,False,False
a37150:2026-04-25T17:34:51Z,midwest,2026-04-25,P28A,N32043,1777142286.18,1777142472.83,186.6,4366.1,331.0,330.0,VFR_level,4500,True,False,False
a37150:2026-04-25T17:34:51Z,midwest,2026-04-25,P28A,N32043,1777143518.21,1777144199.65,681.4,5441.1,105.0,104.0,VFR_level,5500,True,True,False
a4f260:2026-04-25T17:13:13Z,midwest,2026-04-25,P28A,N418FL,1777139658.44,1777140017.14,358.7,7713.3,108.0,107.0,off_level,,,False,False
a4f260:2026-04-25T17:13:13Z,midwest,2026-04-25,P28A,N418FL,1777140073.94,1777140644.04,570.1,7613.3,95.0,94.0,VFR_level,7500,True,False,False
a4f260:2026-04-25T17:13:13Z,midwest,2026-04-25,P28A,N418FL,1777140696.15,1777141152.19,456.0,7613.3,104.0,103.0,VFR_level,7500,True,False,False
a4f260:2026-04-25T17:13:13Z,midwest,2026-04-25,P28A,N418FL,1777152565.47,1777153004.01,438.5,4649.2,116.0,115.0,VFR_level,4500,False,False,False
a4f260:2026-04-25T17:13:13Z,midwest,2026-04-25,P28A,N418FL,1777153087.52,1777153422.16,334.6,4449.2,116.0,115.0,VFR_level,4500,False,False,False
a96e72:2026-04-25T16:37:56Z,midwest,2026-04-25,C172,N7069G,1777137775.86,1777138402.51,626.7,4508.2,290.0,289.0,VFR_level,4500,True,True,False
a96e72:2026-04-25T16:37:56Z,midwest,2026-04-25,C172,N7069G,1777138486.61,1777138705.67,219.1,4308.2,289.0,288.0,off_level,,,True,False
a669fc:2026-04-25T16:30:46Z,midwest,2026-04-25,P46T,N512MM,1777134877.86,1777136193.2,1315.3,6468.8,319.0,318.0,VFR_level,6500,True,False,False
ad98aa:2026-04-25T15:56:59Z,midwest,2026-04-25,S108,N97501,1777132619.68,1777133266.38,646.7,4399.0,348.0,347.0,VFR_level,4500,True,False,False
aa57b4:2026-04-25T15:39:03Z,midwest,2026-04-25,P28A,N7659F,1777131966.33,1777133431.2,1464.9,5491.9,135.5,134.5,VFR_level,5500,True,False,False
aa57b4:2026-04-25T15:39:03Z,midwest,2026-04-25,P28A,N7659F,1777133593.11,1777134236.16,643.1,5441.9,133.0,132.0,VFR_level,5500,True,False,False
aa57b4:2026-04-25T15:39:03Z,midwest,2026-04-25,P28A,N7659F,1777135595.21,1777137394.12,1798.9,6491.9,313.0,312.0,VFR_level,6500,True,False,False
a669fc:2026-04-25T14:59:42Z,midwest,2026-04-25,P46T,N512MM,1777129581.43,1777130753.02,1171.6,8476.6,253.0,252.0,VFR_level,8500,True,False,False
ad0bba:2026-04-25T14:10:13Z,midwest,2026-04-25,RV9,N94KK,1777126304.57,1777126846.0,541.4,4493.6,314.0,313.0,VFR_level,4500,True,False,False
a51550:2026-04-25T13:35:25Z,midwest,2026-04-25,P28A,N42671,1777127348.72,1777127530.14,181.4,4464.1,350.0,349.0,VFR_level,4500,True,True,False
a96e72:2026-04-25T12:42:13Z,midwest,2026-04-25,C172,N7069G,1777121549.83,1777122438.79,889.0,4521.9,222.0,221.0,VFR_level,4500,True,True,False
a96e72:2026-04-25T12:42:13Z,midwest,2026-04-25,C172,N7069G,1777122556.54,1777123151.11,594.6,4421.9,222.0,221.0,VFR_level,4500,True,True,False
a96e72:2026-04-25T12:42:13Z,midwest,2026-04-25,C172,N7069G,1777123512.93,1777123996.5,483.6,4521.9,222.0,221.0,VFR_level,4500,True,False,False
a0eb57:2026-04-25T12:39:35Z,midwest,2026-04-25,BE36,N1588,1777121007.85,1777121224.85,217.0,4500.8,31.0,30.0,VFR_level,4500,False,False,False
a0eb57:2026-04-25T12:39:35Z,midwest,2026-04-25,BE36,N1588,1777122769.82,1777122961.51,191.7,4000.8,166.0,165.0,IFR_level,4000,,False,False
ad0bba:2026-04-25T12:20:48Z,midwest,2026-04-25,RV9,N94KK,1777120166.96,1777120551.65,384.7,5526.8,133.0,132.0,VFR_level,5500,True,False,False
a3a97a:2026-05-13T23:51:58Z,midwest,2026-05-13,C172,N335ME,1778716774.61,1778716961.32,186.7,5489.9,102.0,101.0,VFR_level,5500,True,False,False
a3a97a:2026-05-13T23:51:58Z,midwest,2026-05-13,C172,N335ME,1778716998.86,1778717270.35,271.5,5489.9,102.0,101.0,VFR_level,5500,True,False,False
a3a97a:2026-05-13T23:51:58Z,midwest,2026-05-13,C172,N335ME,1778717318.24,1778717893.74,575.5,5489.9,100.0,99.0,VFR_level,5500,True,False,False
a3a97a:2026-05-13T23:51:58Z,midwest,2026-05-13,C172,N335ME,1778717965.48,1778719170.19,1204.7,5389.9,108.0,107.0,VFR_level,5500,True,False,False
a3a97a:2026-05-13T23:51:58Z,midwest,2026-05-13,C172,N335ME,1778721265.28,1778721879.6,614.3,4489.9,281.0,280.0,VFR_level,4500,True,False,False
a3a97a:2026-05-13T23:51:58Z,midwest,2026-05-13,C172,N335ME,1778721906.56,1778722407.8,501.2,4389.9,286.0,285.0,VFR_level,4500,True,False,False
a3a97a:2026-05-13T23:51:58Z,midwest,2026-05-13,C172,N335ME,1778722498.25,1778722713.51,215.3,4489.9,291.0,290.0,VFR_level,4500,True,False,False
a3a97a:2026-05-13T23:51:58Z,midwest,2026-05-13,C172,N335ME,1778722766.97,1778723520.21,753.2,4489.9,259.0,258.0,VFR_level,4500,True,False,False
a844f4:2026-05-13T23:23:30Z,midwest,2026-05-13,BE35,N6318S,1778715730.14,1778717082.82,1352.7,6509.4,193.0,192.0,VFR_level,6500,True,False,False
a844f4:2026-05-13T23:23:30Z,midwest,2026-05-13,BE35,N6318S,1778719404.46,1778722155.75,2751.3,4478.9,192.0,191.0,VFR_level,4500,True,False,False
ab66b0:2026-05-13T22:54:11Z,midwest,2026-05-13,P28A,N8336G,1778713578.8,1778713770.91,192.1,4411.0,103.0,102.0,VFR_level,4500,False,True,False
a34eb4:2026-05-13T22:40:56Z,midwest,2026-05-13,P28A,N312ES,1778713743.37,1778714133.0,389.6,4463.0,351.0,350.0,VFR_level,4500,True,True,False
a8544e:2026-05-13T22:29:27Z,midwest,2026-05-13,C172,N636CX,1778712348.95,1778712547.51,198.6,5513.3,33.0,32.0,VFR_level,5500,True,False,False
abb2ca:2026-05-13T22:08:24Z,midwest,2026-05-13,SR20,N853DB,1778710396.09,1778710650.69,254.6,4019.3,279.0,278.0,IFR_level,4000,,False,False
abb2ca:2026-05-13T22:08:24Z,midwest,2026-05-13,SR20,N853DB,1778710724.07,1778710904.07,180.0,4219.3,279.0,278.0,off_level,,,False,False
ad49e2:2026-05-13T21:49:11Z,midwest,2026-05-13,P28A,N9552K,1778715244.98,1778715564.52,319.5,4230.6,323.0,322.0,off_level,,,False,False
ad49e2:2026-05-13T21:49:11Z,midwest,2026-05-13,P28A,N9552K,1778716966.94,1778718217.09,1250.1,5500.4,178.0,177.0,VFR_level,5500,True,False,True
ad49e2:2026-05-13T21:49:11Z,midwest,2026-05-13,P28A,N9552K,1778719000.28,1778719236.57,236.3,5500.4,180.0,179.0,VFR_level,5500,True,False,True
a8544e:2026-05-13T21:34:39Z,midwest,2026-05-13,C172,N636CX,1778709198.19,1778710178.7,980.5,4494.6,198.0,197.0,VFR_level,4500,True,True,False
a56279:2026-05-13T21:34:15Z,midwest,2026-05-13,DA40,N446SB,1778709410.18,1778709665.09,254.9,11486.1,91.0,90.0,VFR_level,11500,True,False,False
a56279:2026-05-13T21:34:15Z,midwest,2026-05-13,DA40,N446SB,1778709699.04,1778709886.54,187.5,11486.1,80.0,79.0,VFR_level,11500,True,False,False
a56279:2026-05-13T21:34:15Z,midwest,2026-05-13,DA40,N446SB,1778710293.86,1778717556.54,7262.7,13460.5,86.0,85.0,VFR_level,13500,True,False,False
ab0659:2026-05-13T20:53:28Z,midwest,2026-05-13,BE36,N8095F,1778706278.76,1778707323.96,1045.2,11456.1,29.0,28.0,VFR_level,11500,True,False,False
ab0659:2026-05-13T20:53:28Z,midwest,2026-05-13,BE36,N8095F,1778709482.27,1778709729.91,247.6,7487.0,12.0,11.0,VFR_level,7500,True,False,False
ab0659:2026-05-13T20:53:28Z,midwest,2026-05-13,BE36,N8095F,1778710406.41,1778712342.79,1936.4,7412.0,30.0,29.0,VFR_level,7500,True,True,False
a9e9df:2026-05-13T19:00:00Z,midwest,2026-05-13,C172,N738MJ,1778699280.84,1778699576.68,295.8,8066.5,59.0,58.0,IFR_level,8000,,False,False
a9e9df:2026-05-13T19:00:00Z,midwest,2026-05-13,C172,N738MJ,1778699703.06,1778699939.2,236.1,8066.5,73.0,72.0,IFR_level,8000,,False,False
a9e9df:2026-05-13T19:00:00Z,midwest,2026-05-13,C172,N738MJ,1778701888.46,1778702177.15,288.7,8066.5,185.0,184.0,IFR_level,8000,,False,False
a9e9df:2026-05-13T19:00:00Z,midwest,2026-05-13,C172,N738MJ,1778702470.15,1778702704.0,233.8,8066.5,335.0,334.0,IFR_level,8000,,False,False
a9e9df:2026-05-13T19:00:00Z,midwest,2026-05-13,C172,N738MJ,1778703509.55,1778703785.63,276.1,7266.5,224.0,223.0,off_level,,,False,False
a6c574:2026-05-13T18:59:26Z,midwest,2026-05-13,TBM,N53503,1778699629.06,1778700226.72,597.7,11367.2,80.0,79.0,VFR_level,11500,True,False,False
a6c574:2026-05-13T18:59:26Z,midwest,2026-05-13,TBM,N53503,1778700488.12,1778700706.09,218.0,11467.2,83.0,82.0,VFR_level,11500,True,False,False
a6c574:2026-05-13T18:59:26Z,midwest,2026-05-13,TBM,N53503,1778700791.63,1778701150.67,359.0,11367.2,76.0,75.0,VFR_level,11500,True,False,False
a6c574:2026-05-13T18:59:26Z,midwest,2026-05-13,TBM,N53503,1778701362.82,1778701793.32,430.5,11467.2,84.0,83.0,VFR_level,11500,True,False,False
a6c574:2026-05-13T18:59:26Z,midwest,2026-05-13,TBM,N53503,1778702138.82,1778702319.07,180.2,11436.9,84.0,83.0,VFR_level,11500,True,False,False
a6c574:2026-05-13T18:59:26Z,midwest,2026-05-13,TBM,N53503,1778702423.7,1778702643.82,220.1,11536.9,79.5,78.5,VFR_level,11500,True,False,False
a6c574:2026-05-13T18:59:26Z,midwest,2026-05-13,TBM,N53503,1778702674.29,1778702952.06,277.8,11436.9,90.0,89.0,VFR_level,11500,True,False,False
a2f2b4:2026-05-13T18:23:07Z,midwest,2026-05-13,P28B,N28967,1778697845.29,1778698957.63,1112.3,7421.8,15.0,14.0,VFR_level,7500,True,False,False
a3babe:2026-05-13T18:19:51Z,midwest,2026-05-13,P28A,N3398R,1778696684.49,1778697549.95,865.5,7478.2,123.0,122.0,VFR_level,7500,True,False,False
abb2ca:2026-05-13T17:59:59Z,midwest,2026-05-13,SR20,N853DB,1778695511.17,1778695700.14,189.0,5478.4,347.0,346.0,VFR_level,5500,False,False,False
abb2ca:2026-05-13T17:59:59Z,midwest,2026-05-13,SR20,N853DB,1778695907.56,1778696143.48,235.9,7478.4,347.0,346.0,VFR_level,7500,False,False,False
abb2ca:2026-05-13T17:59:59Z,midwest,2026-05-13,SR20,N853DB,1778696150.17,1778696730.44,580.3,7478.4,347.0,346.0,VFR_level,7500,False,False,False
a523ff:2026-05-13T17:05:11Z,midwest,2026-05-13,C182,N430K,1778693211.88,1778693432.08,220.2,9181.8,165.0,164.0,off_level,,,False,False
a523ff:2026-05-13T17:05:11Z,midwest,2026-05-13,C182,N430K,1778693674.64,1778693870.24,195.6,9681.8,165.0,164.0,off_level,,,False,False
a523ff:2026-05-13T17:05:11Z,midwest,2026-05-13,C182,N430K,1778693955.76,1778694332.57,376.8,9481.8,165.0,164.0,VFR_level,9500,True,False,False
a523ff:2026-05-13T17:05:11Z,midwest,2026-05-13,C182,N430K,1778694410.45,1778694747.58,337.1,9606.8,164.0,163.0,VFR_level,9500,True,False,False
a523ff:2026-05-13T17:05:11Z,midwest,2026-05-13,C182,N430K,1778695062.66,1778695317.62,255.0,9531.8,167.0,166.0,VFR_level,9500,True,False,False
a523ff:2026-05-13T17:05:11Z,midwest,2026-05-13,C182,N430K,1778695511.5,1778695789.78,278.3,9331.8,167.0,166.0,off_level,,,False,False
aa57b4:2026-05-13T16:19:08Z,midwest,2026-05-13,P28A,N7659F,1778692136.87,1778692317.23,180.4,4827.1,175.0,174.0,off_level,,,False,False
a3babe:2026-05-13T16:06:17Z,midwest,2026-05-13,P28A,N3398R,1778688800.88,1778690495.69,1694.8,6516.4,305.0,304.0,VFR_level,6500,True,False,False
a5bae9:2026-05-13T16:03:27Z,midwest,2026-05-13,C185,N4689C,1778693866.26,1778694178.39,312.1,7487.1,85.0,84.0,VFR_level,7500,True,False,False
a5bae9:2026-05-13T16:03:27Z,midwest,2026-05-13,C185,N4689C,1778701518.38,1778701782.21,263.8,7537.1,80.0,79.0,VFR_level,7500,True,False,False
a5bae9:2026-05-13T16:03:27Z,midwest,2026-05-13,C185,N4689C,1778701876.91,1778702482.74,605.8,7537.1,81.0,80.0,VFR_level,7500,True,False,False
a5bae9:2026-05-13T16:03:27Z,midwest,2026-05-13,C185,N4689C,1778702513.33,1778702998.39,485.1,7562.1,86.0,85.0,VFR_level,7500,True,False,False
a5bae9:2026-05-13T16:03:27Z,midwest,2026-05-13,C185,N4689C,1778703040.79,1778705110.54,2069.8,7562.1,88.0,87.0,VFR_level,7500,True,False,False
a5bae9:2026-05-13T16:03:27Z,midwest,2026-05-13,C185,N4689C,1778705173.62,1778705737.01,563.4,7562.1,90.0,89.0,VFR_level,7500,True,False,False
a5bae9:2026-05-13T16:03:27Z,midwest,2026-05-13,C185,N4689C,1778706978.62,1778707202.13,223.5,7523.4,87.0,86.0,VFR_level,7500,True,False,False
a228ca:2026-05-13T16:03:25Z,midwest,2026-05-13,T206,N2381Y,1778688743.36,1778689156.29,412.9,4541.8,272.0,271.0,VFR_level,4500,True,False,False
a56279:2026-05-13T15:53:30Z,midwest,2026-05-13,DA40,N446SB,1778688382.59,1778690158.64,1776.1,13796.6,74.0,73.0,off_level,,,False,False
a56279:2026-05-13T15:53:30Z,midwest,2026-05-13,DA40,N446SB,1778690276.9,1778691024.46,747.6,13846.6,78.0,77.0,off_level,,,False,False
a56279:2026-05-13T15:53:30Z,midwest,2026-05-13,DA40,N446SB,1778694654.79,1778695015.49,360.7,13917.1,82.0,81.0,IFR_level,14000,,False,False
a56279:2026-05-13T15:53:30Z,midwest,2026-05-13,DA40,N446SB,1778695079.9,1778695577.84,497.9,13917.1,83.0,82.0,IFR_level,14000,,False,False
a56279:2026-05-13T15:53:30Z,midwest,2026-05-13,DA40,N446SB,1778696103.4,1778701063.58,4960.2,13917.1,83.0,82.0,IFR_level,14000,,False,False
a27daa:2026-05-13T15:49:18Z,midwest,2026-05-13,BE76,N26LM,1778688027.23,1778688250.99,223.8,6500.4,205.0,204.0,VFR_level,6500,True,False,False
a27daa:2026-05-13T15:49:18Z,midwest,2026-05-13,BE76,N26LM,1778689875.27,1778690109.49,234.2,7100.4,177.0,176.0,IFR_level,7000,,False,False
a81f56:2026-05-13T15:27:57Z,midwest,2026-05-13,PA27,N622TB,1778706073.12,1778706337.18,264.1,8634.6,288.0,287.0,VFR_level,8500,True,True,False
a81f56:2026-05-13T15:27:57Z,midwest,2026-05-13,PA27,N622TB,1778706434.93,1778706722.35,287.4,8434.6,288.0,287.0,VFR_level,8500,True,True,False
ab66b0:2026-05-13T15:22:37Z,midwest,2026-05-13,P28A,N8336G,1778689012.7,1778689204.26,191.6,4611.1,84.0,83.0,VFR_level,4500,False,True,False
ab88d8:2026-05-13T15:00:31Z,midwest,2026-05-13,C172,N842SA,1778687885.0,1778688576.08,691.1,5477.7,248.0,247.0,VFR_level,5500,False,True,False
a523ff:2026-05-13T14:50:04Z,midwest,2026-05-13,C182,N430K,1778688601.42,1778688788.3,186.9,4571.0,345.0,344.0,VFR_level,4500,True,False,False
a1d9e7:2026-05-13T14:40:07Z,midwest,2026-05-13,P28A,N2182Q,1778683501.24,1778686443.46,2942.2,5514.8,176.0,175.0,VFR_level,5500,True,False,False
a634a7:2026-05-13T14:08:30Z,midwest,2026-05-13,C152,N49950,1778681761.62,1778682362.51,600.9,5536.9,86.0,85.0,VFR_level,5500,True,False,False
a634a7:2026-05-13T14:08:30Z,midwest,2026-05-13,C152,N49950,1778682600.23,1778684698.97,2098.7,5436.9,88.5,87.5,VFR_level,5500,True,True,False
a634a7:2026-05-13T14:08:30Z,midwest,2026-05-13,C152,N49950,1778684754.68,1778685239.94,485.3,5336.9,87.0,86.0,off_level,,,True,False
a634a7:2026-05-13T14:08:30Z,midwest,2026-05-13,C152,N49950,1778688619.58,1778688836.02,216.4,5506.9,85.0,84.0,VFR_level,5500,True,True,False
a634a7:2026-05-13T14:08:30Z,midwest,2026-05-13,C152,N49950,1778689020.56,1778689249.15,228.6,5406.9,85.0,84.0,VFR_level,5500,True,True,False
a634a7:2026-05-13T14:08:30Z,midwest,2026-05-13,C152,N49950,1778689398.93,1778689596.67,197.7,5506.9,87.0,86.0,VFR_level,5500,True,True,False
a634a7:2026-05-13T14:08:30Z,midwest,2026-05-13,C152,N49950,1778690456.77,1778690788.99,332.2,5475.9,89.0,88.0,VFR_level,5500,True,True,False
a634a7:2026-05-13T14:08:30Z,midwest,2026-05-13,C152,N49950,1778690835.26,1778691082.88,247.6,5475.9,91.0,90.0,VFR_level,5500,True,True,False
ac65a2:2026-05-13T14:04:26Z,midwest,2026-05-13,C152,N89812,1778681705.64,1778682251.88,546.2,5437.8,92.0,91.0,VFR_level,5500,True,False,False
ac65a2:2026-05-13T14:04:26Z,midwest,2026-05-13,C152,N89812,1778682338.4,1778682768.33,429.9,5337.8,89.0,88.0,off_level,,,False,False
ac65a2:2026-05-13T14:04:26Z,midwest,2026-05-13,C152,N89812,1778682836.29,1778685200.54,2364.2,5437.8,86.0,85.0,VFR_level,5500,True,True,False
ac65a2:2026-05-13T14:04:26Z,midwest,2026-05-13,C152,N89812,1778687213.02,1778688801.78,1588.8,5407.6,87.0,86.0,VFR_level,5500,True,True,False
ac65a2:2026-05-13T14:04:26Z,midwest,2026-05-13,C152,N89812,1778688824.41,1778689184.82,360.4,5507.6,84.0,83.0,VFR_level,5500,True,True,False
ac65a2:2026-05-13T14:04:26Z,midwest,2026-05-13,C152,N89812,1778689478.75,1778689719.9,241.2,5377.5,89.0,88.0,VFR_level,5500,True,True,False
ac65a2:2026-05-13T14:04:26Z,midwest,2026-05-13,C152,N89812,1778689748.17,1778690534.58,786.4,5577.5,89.0,88.0,VFR_level,5500,True,True,False
a6f17c:2026-05-13T13:42:53Z,midwest,2026-05-13,C172,N54663,1778680316.69,1778681070.02,753.3,5544.5,79.0,78.0,VFR_level,5500,True,False,False
a6f17c:2026-05-13T13:42:53Z,midwest,2026-05-13,C172,N54663,1778681166.75,1778682053.39,886.6,5444.5,80.0,79.0,VFR_level,5500,True,False,False
a6f17c:2026-05-13T13:42:53Z,midwest,2026-05-13,C172,N54663,1778682148.33,1778683387.93,1239.6,5444.5,75.0,74.0,VFR_level,5500,True,False,False
a6f17c:2026-05-13T13:42:53Z,midwest,2026-05-13,C172,N54663,1778683437.55,1778685521.53,2084.0,5544.5,82.0,81.0,VFR_level,5500,True,False,False
a6f17c:2026-05-13T13:42:53Z,midwest,2026-05-13,C172,N54663,1778685562.3,1778686330.93,768.6,5514.4,76.0,75.0,VFR_level,5500,True,False,False
a6f17c:2026-05-13T13:42:53Z,midwest,2026-05-13,C172,N54663,1778686456.16,1778687050.97,594.8,5514.4,80.0,79.0,VFR_level,5500,True,False,False
a085ba:2026-05-13T13:34:20Z,midwest,2026-05-13,C172,N1325V,1778679260.64,1778679863.54,602.9,5445.5,102.0,101.0,VFR_level,5500,True,False,False
a085ba:2026-05-13T13:34:20Z,midwest,2026-05-13,C172,N1325V,1778679983.98,1778686611.32,6627.3,5495.5,98.0,97.0,VFR_level,5500,True,False,False
a6f8aa:2026-05-13T13:32:54Z,midwest,2026-05-13,C172,N54849,1778682564.46,1778682982.38,417.9,5545.9,80.0,79.0,VFR_level,5500,True,True,False
a6f8aa:2026-05-13T13:32:54Z,midwest,2026-05-13,C172,N54849,1778683012.63,1778684015.34,1002.7,5495.9,87.0,86.0,VFR_level,5500,True,True,False
a6f8aa:2026-05-13T13:32:54Z,midwest,2026-05-13,C172,N54849,1778684257.75,1778686530.68,2272.9,5545.9,87.0,86.0,VFR_level,5500,True,True,False
a6f8aa:2026-05-13T13:32:54Z,midwest,2026-05-13,C172,N54849,1778686684.33,1778687681.57,997.2,5515.8,89.0,88.0,VFR_level,5500,True,False,False
a34eb4:2026-05-13T13:30:39Z,midwest,2026-05-13,P28A,N312ES,1778680021.37,1778681136.58,1115.2,4510.4,282.0,281.0,VFR_level,4500,True,True,False
a652c8:2026-05-13T13:30:06Z,midwest,2026-05-13,CH7B,N5061U,1778679006.77,1778680325.39,1318.6,5496.2,98.0,97.0,VFR_level,5500,True,False,False
a652c8:2026-05-13T13:30:06Z,midwest,2026-05-13,CH7B,N5061U,1778680376.0,1778680692.61,316.6,5496.2,97.0,96.0,VFR_level,5500,True,False,False
a652c8:2026-05-13T13:30:06Z,midwest,2026-05-13,CH7B,N5061U,1778680751.01,1778681175.48,424.5,5521.2,82.0,81.0,VFR_level,5500,True,False,False
a652c8:2026-05-13T13:30:06Z,midwest,2026-05-13,CH7B,N5061U,1778681395.6,1778681951.27,555.7,5521.2,89.0,88.0,VFR_level,5500,True,False,False
a652c8:2026-05-13T13:30:06Z,midwest,2026-05-13,CH7B,N5061U,1778682047.81,1778682267.11,219.3,5471.2,78.0,77.0,VFR_level,5500,True,False,False
a652c8:2026-05-13T13:30:06Z,midwest,2026-05-13,CH7B,N5061U,1778682512.09,1778682710.07,198.0,5496.2,76.5,75.5,VFR_level,5500,True,False,False
a652c8:2026-05-13T13:30:06Z,midwest,2026-05-13,CH7B,N5061U,1778682800.71,1778683138.61,337.9,5496.2,84.0,83.0,VFR_level,5500,True,False,False
a652c8:2026-05-13T13:30:06Z,midwest,2026-05-13,CH7B,N5061U,1778683227.03,1778684452.67,1225.6,5521.2,84.0,83.0,VFR_level,5500,True,False,False
a652c8:2026-05-13T13:30:06Z,midwest,2026-05-13,CH7B,N5061U,1778684648.29,1778685021.35,373.1,5571.2,76.0,75.0,VFR_level,5500,True,False,False
a652c8:2026-05-13T13:30:06Z,midwest,2026-05-13,CH7B,N5061U,1778685115.02,1778685522.49,407.5,5496.2,86.0,85.0,VFR_level,5500,True,False,False
a652c8:2026-05-13T13:30:06Z,midwest,2026-05-13,CH7B,N5061U,1778685604.03,1778686074.3,470.3,5496.2,77.0,76.0,VFR_level,5500,True,False,False
a67501:2026-05-13T13:01:20Z,midwest,2026-05-13,CH60,N515LE,1778693644.5,1778693841.97,197.5,9835.9,74.0,73.0,off_level,,,False,False
a67501:2026-05-13T13:01:20Z,midwest,2026-05-13,CH60,N515LE,1778694302.01,1778694491.64,189.6,9735.9,77.0,76.0,off_level,,,False,False
a9e9df:2026-05-13T12:30:35Z,midwest,2026-05-13,C172,N738MJ,1778678300.33,1778678525.18,224.9,8229.1,148.0,147.0,off_level,,,False,False
a9e9df:2026-05-13T12:30:35Z,midwest,2026-05-13,C172,N738MJ,1778680023.58,1778680515.98,492.4,8229.1,150.0,149.0,off_level,,,False,False
a9e9df:2026-05-13T12:30:35Z,midwest,2026-05-13,C172,N738MJ,1778681945.58,1778682491.62,546.0,8229.1,148.0,147.0,off_level,,,False,False
a195be:2026-06-20T23:56:31Z,midwest,2026-06-20,M20P,N201AD,1782000211.07,1782003632.24,3421.2,5489.2,4.0,3.0,VFR_level,5500,True,False,True
a3b637:2026-06-20T23:41:57Z,midwest,2026-06-20,TWEN,N3382T,1781999587.2,1782000009.58,422.4,4444.5,268.0,267.0,VFR_level,4500,True,False,False
a3b637:2026-06-20T23:41:57Z,midwest,2026-06-20,TWEN,N3382T,1782000401.52,1782000988.7,587.2,4469.5,273.0,272.0,VFR_level,4500,True,True,False
a3b637:2026-06-20T23:41:57Z,midwest,2026-06-20,TWEN,N3382T,1782002870.66,1782006213.78,3343.1,4494.5,270.0,269.0,VFR_level,4500,True,True,False
a64fd8:2026-06-20T23:22:47Z,midwest,2026-06-20,C172,N5057H,1782000753.43,1782000943.07,189.6,4495.5,139.0,138.0,VFR_level,4500,False,True,False
a22549:2026-06-20T23:03:14Z,midwest,2026-06-20,C172,N2373G,1781997658.9,1781998198.17,539.3,5542.0,140.0,139.0,VFR_level,5500,True,False,False
a22549:2026-06-20T23:03:14Z,midwest,2026-06-20,C172,N2373G,1781998287.36,1781999292.45,1005.1,5542.0,143.0,142.0,VFR_level,5500,True,False,False
a9b66c:2026-06-20T22:23:23Z,midwest,2026-06-20,AA5,N725DB,1781994588.89,1781995890.75,1301.9,4474.4,264.0,263.0,VFR_level,4500,True,True,False
a9b66c:2026-06-20T22:23:23Z,midwest,2026-06-20,AA5,N725DB,1781995971.16,1781996703.42,732.3,4474.4,267.0,266.0,VFR_level,4500,True,True,False
a34eb4:2026-06-20T22:20:24Z,midwest,2026-06-20,P28A,N312ES,1781994784.44,1781995025.69,241.2,3908.3,168.0,167.0,IFR_level,4000,,True,False
a34eb4:2026-06-20T22:20:24Z,midwest,2026-06-20,P28A,N312ES,1781995228.2,1781995420.63,192.4,4008.3,168.0,167.0,IFR_level,4000,,True,False
a34eb4:2026-06-20T22:20:24Z,midwest,2026-06-20,P28A,N312ES,1781997300.53,1781997547.93,247.4,3983.3,168.0,167.0,IFR_level,4000,,True,False
a4ed07:2026-06-20T21:33:10Z,midwest,2026-06-20,P28A,N41619,1781993800.68,1781994038.17,237.5,4719.2,284.0,283.0,off_level,,,False,False
a5d04e:2026-06-20T21:15:56Z,midwest,2026-06-20,C82S,N474DN,1781997369.51,1781997874.96,505.5,6438.8,354.0,353.0,VFR_level,6500,True,False,False
a5d04e:2026-06-20T21:15:56Z,midwest,2026-06-20,C82S,N474DN,1781997956.66,1781999986.32,2029.7,6463.8,351.0,350.0,VFR_level,6500,True,False,False
a3e33c:2026-06-20T21:11:58Z,midwest,2026-06-20,BE35,N35J,1781990631.42,1781991265.92,634.5,7646.4,97.0,96.0,VFR_level,7500,True,True,False
a669fc:2026-06-20T21:07:11Z,midwest,2026-06-20,P46T,N512MM,1781989998.87,1781990695.38,696.5,9392.1,74.0,73.0,VFR_level,9500,True,True,False
a3b637:2026-06-20T21:05:30Z,midwest,2026-06-20,TWEN,N3382T,1781990077.57,1781991195.31,1117.7,5474.5,89.0,88.0,VFR_level,5500,True,False,False
a3b637:2026-06-20T21:05:30Z,midwest,2026-06-20,TWEN,N3382T,1781991484.25,1781991780.93,296.7,7649.5,90.0,89.0,VFR_level,7500,True,False,False
a3b637:2026-06-20T21:05:30Z,midwest,2026-06-20,TWEN,N3382T,1781992016.75,1781993989.24,1972.5,9474.5,90.0,89.0,VFR_level,9500,True,False,False
a3b637:2026-06-20T21:05:30Z,midwest,2026-06-20,TWEN,N3382T,1781994208.7,1781994508.86,300.2,9474.5,92.0,91.0,VFR_level,9500,True,False,False
ab66b0:2026-06-20T19:44:48Z,midwest,2026-06-20,P28A,N8336G,1781985601.48,1781985896.82,295.3,4443.0,304.0,303.0,VFR_level,4500,True,True,False
a39a71:2026-06-20T19:21:53Z,midwest,2026-06-20,,N331KK,1781990672.76,1781991110.06,437.3,5466.7,56.0,55.0,VFR_level,5500,True,True,False
a22549:2026-06-20T19:18:13Z,midwest,2026-06-20,C172,N2373G,1781983843.16,1781984377.23,534.1,4539.4,320.0,319.0,VFR_level,4500,True,False,False
a22549:2026-06-20T19:18:13Z,midwest,2026-06-20,C172,N2373G,1781984453.97,1781984952.36,498.4,4539.4,320.0,319.0,VFR_level,4500,True,False,False
a22549:2026-06-20T19:18:13Z,midwest,2026-06-20,C172,N2373G,1781985040.1,1781985302.65,262.6,4589.4,320.0,319.0,VFR_level,4500,True,False,False
a177a8:2026-06-20T19:03:45Z,midwest,2026-06-20,RV9,N194GL,1781983231.62,1781983639.54,407.9,5467.6,257.0,256.0,VFR_level,5500,False,False,False
a34eb4:2026-06-20T18:59:23Z,midwest,2026-06-20,P28A,N312ES,1781983187.52,1781983926.55,739.0,4467.3,338.0,337.0,VFR_level,4500,True,True,False
a4d15a:2026-06-20T18:58:54Z,midwest,2026-06-20,P28R,N40967,1781982785.94,1781982991.05,205.1,4051.2,243.0,242.0,IFR_level,4000,,True,False
a41023:2026-06-20T18:38:41Z,midwest,2026-06-20,RV12,N361BG,1781981329.63,1781985439.39,4109.8,8855.5,58.0,57.0,IFR_level,9000,,False,False
a41023:2026-06-20T18:38:41Z,midwest,2026-06-20,RV12,N361BG,1781985616.16,1781987207.82,1591.7,9680.5,58.0,57.0,off_level,,,False,False
a41023:2026-06-20T18:38:41Z,midwest,2026-06-20,RV12,N361BG,1781987297.62,1781988300.34,1002.7,10373.3,58.0,57.0,VFR_level,10500,False,False,False
acd1e1:2026-06-20T18:19:37Z,midwest,2026-06-20,SR22,N925MS,1781981047.05,1781981614.37,567.3,4464.6,6.0,5.0,VFR_level,4500,False,True,False
acd1e1:2026-06-20T18:19:37Z,midwest,2026-06-20,SR22,N925MS,1781983307.99,1781984134.29,826.3,6464.6,186.0,185.0,VFR_level,6500,True,False,False
acd1e1:2026-06-20T18:19:37Z,midwest,2026-06-20,SR22,N925MS,1781985105.26,1781985335.59,230.3,6533.3,184.0,183.0,VFR_level,6500,True,False,True
a3fef3:2026-06-20T18:19:04Z,midwest,2026-06-20,S22T,N357BM,1781979544.91,1781979831.96,287.0,5465.2,5.0,4.0,VFR_level,5500,True,False,False
a3fef3:2026-06-20T18:19:04Z,midwest,2026-06-20,S22T,N357BM,1781980943.39,1781981378.55,435.2,5465.2,4.0,3.0,VFR_level,5500,True,False,True
a9186e:2026-06-20T18:03:39Z,midwest,2026-06-20,P28A,N6852F,1781979004.02,1781980864.35,1860.3,5458.0,7.0,6.0,VFR_level,5500,True,False,False
a9186e:2026-06-20T18:03:39Z,midwest,2026-06-20,P28A,N6852F,1781982171.52,1781983470.15,1298.6,4483.0,183.0,182.0,VFR_level,4500,True,False,True
a9186e:2026-06-20T18:03:39Z,midwest,2026-06-20,P28A,N6852F,1781983517.74,1781984282.65,764.9,4483.0,177.0,176.0,VFR_level,4500,False,False,False
a94281:2026-06-20T17:54:26Z,midwest,2026-06-20,RV6,N696RK,1781978669.15,1781978999.13,330.0,5411.4,135.0,134.0,VFR_level,5500,True,False,False
a83be8:2026-06-20T17:54:10Z,midwest,2026-06-20,RV6,N63FH,1781978520.73,1781979070.62,549.9,5461.4,136.0,135.0,VFR_level,5500,True,False,False
a60faf:2026-06-20T17:32:13Z,midwest,2026-06-20,RV12,N49VW,1781977138.81,1781977381.56,242.8,5413.6,127.0,126.0,VFR_level,5500,True,False,False
aa6891:2026-06-20T17:24:25Z,midwest,2026-06-20,RV7,N77VH,1781976980.78,1781977172.28,191.5,5239.4,206.0,205.0,off_level,,,False,False
a07ab4:2026-06-20T17:18:18Z,midwest,2026-06-20,RV9,N13VA,1781976334.07,1781978043.12,1709.0,6465.0,230.0,229.0,VFR_level,6500,True,False,False
a31ea8:2026-06-20T16:54:12Z,midwest,2026-06-20,CC11,N30TF,1781974584.1,1781974939.85,355.8,6474.0,359.0,358.0,VFR_level,6500,True,False,True
a31ea8:2026-06-20T16:54:12Z,midwest,2026-06-20,CC11,N30TF,1781975238.7,1781976787.48,1548.8,6049.0,359.0,358.0,IFR_level,6000,,False,True
a31ea8:2026-06-20T16:54:12Z,midwest,2026-06-20,CC11,N30TF,1781976899.76,1781979326.4,2426.6,7449.0,359.0,358.0,VFR_level,7500,False,False,True
a4e666:2026-06-20T16:45:38Z,midwest,2026-06-20,P28A,N41474,1781975338.96,1781976084.27,745.3,4500.5,318.0,317.0,VFR_level,4500,True,False,False
a195be:2026-06-20T16:45:24Z,midwest,2026-06-20,M20P,N201AD,1781974646.88,1781976285.46,1638.6,6445.2,182.0,181.0,VFR_level,6500,True,False,True
a195be:2026-06-20T16:45:24Z,midwest,2026-06-20,M20P,N201AD,1781976313.46,1781976561.35,247.9,6545.2,195.0,194.0,VFR_level,6500,True,False,False
a195be:2026-06-20T16:45:24Z,midwest,2026-06-20,M20P,N201AD,1781976615.69,1781977430.21,814.5,6545.2,185.0,184.0,VFR_level,6500,True,False,False
a96e72:2026-06-20T16:39:46Z,midwest,2026-06-20,C172,N7069G,1781977884.88,1781978400.02,515.1,4471.5,316.0,315.0,VFR_level,4500,True,True,False
a9e9df:2026-06-20T16:38:12Z,midwest,2026-06-20,C172,N738MJ,1781974643.19,1781974949.69,306.5,7760.2,254.0,253.0,off_level,,,False,False
a9e9df:2026-06-20T16:38:12Z,midwest,2026-06-20,C172,N738MJ,1781975144.86,1781975348.14,203.3,7760.2,8.0,7.0,off_level,,,False,False
a9e9df:2026-06-20T16:38:12Z,midwest,2026-06-20,C172,N738MJ,1781976635.52,1781976854.24,218.7,7860.2,113.0,112.0,IFR_level,8000,,False,False
a9e9df:2026-06-20T16:38:12Z,midwest,2026-06-20,C172,N738MJ,1781977246.14,1781977468.98,222.8,7960.2,114.5,113.5,IFR_level,8000,,False,False
a9e9df:2026-06-20T16:38:12Z,midwest,2026-06-20,C172,N738MJ,1781979016.14,1781979211.05,194.9,6160.2,83.0,82.0,off_level,,,False,False
a9e9df:2026-06-20T16:38:12Z,midwest,2026-06-20,C172,N738MJ,1781979710.11,1781980017.14,307.0,5960.2,314.0,313.0,IFR_level,6000,,False,False
a9e9df:2026-06-20T16:38:12Z,midwest,2026-06-20,C172,N738MJ,1781981105.39,1781981357.29,251.9,5960.2,202.0,201.0,IFR_level,6000,,False,False
a9e9df:2026-06-20T16:38:12Z,midwest,2026-06-20,C172,N738MJ,1781983011.01,1781983215.68,204.7,8660.2,229.0,228.0,off_level,,,False,False
a9e9df:2026-06-20T16:38:12Z,midwest,2026-06-20,C172,N738MJ,1781983578.01,1781984041.51,463.5,8560.2,229.0,228.0,VFR_level,8500,True,False,False
a9e9df:2026-06-20T16:38:12Z,midwest,2026-06-20,C172,N738MJ,1781984208.01,1781984449.7,241.7,8460.2,229.0,228.0,VFR_level,8500,True,False,False
a9e9df:2026-06-20T16:38:12Z,midwest,2026-06-20,C172,N738MJ,1781984512.34,1781985157.4,645.1,8530.1,229.0,228.0,VFR_level,8500,True,False,False
a9e9df:2026-06-20T16:38:12Z,midwest,2026-06-20,C172,N738MJ,1781985219.89,1781986014.35,794.5,8430.1,229.0,228.0,VFR_level,8500,True,False,False
a6c699:2026-06-20T16:32:36Z,midwest,2026-06-20,P28A,N5359F,1781974240.62,1781974565.79,325.2,5475.4,96.0,95.0,VFR_level,5500,True,False,False
a6c699:2026-06-20T16:32:36Z,midwest,2026-06-20,P28A,N5359F,1781974584.89,1781974855.84,270.9,5475.4,96.0,95.0,VFR_level,5500,True,False,False
a806bb:2026-06-20T16:28:12Z,midwest,2026-06-20,RV7,N616TK,1781973162.18,1781973831.47,669.3,7386.4,99.0,98.0,VFR_level,7500,True,False,False
a806bb:2026-06-20T16:28:12Z,midwest,2026-06-20,RV7,N616TK,1781978217.96,1781980053.79,1835.8,9434.1,112.0,111.0,VFR_level,9500,True,False,False
a806bb:2026-06-20T16:28:12Z,midwest,2026-06-20,RV7,N616TK,1781980068.86,1781980292.37,223.5,9434.1,95.0,94.0,VFR_level,9500,True,False,False
a806bb:2026-06-20T16:28:12Z,midwest,2026-06-20,RV7,N616TK,1781980576.63,1781980804.53,227.9,7439.7,92.0,91.0,VFR_level,7500,True,False,False
a806bb:2026-06-20T16:28:12Z,midwest,2026-06-20,RV7,N616TK,1781980836.75,1781981351.76,515.0,7414.7,106.0,105.0,VFR_level,7500,True,False,False
a806bb:2026-06-20T16:28:12Z,midwest,2026-06-20,RV7,N616TK,1781981377.15,1781983128.31,1751.2,7339.7,117.0,116.0,off_level,,,False,False
a806bb:2026-06-20T16:28:12Z,midwest,2026-06-20,RV7,N616TK,1781987723.28,1781989427.53,1704.2,7426.6,123.0,122.0,VFR_level,7500,True,False,False
a806bb:2026-06-20T16:28:12Z,midwest,2026-06-20,RV7,N616TK,1781990284.02,1781993090.77,2806.8,9459.2,123.0,122.0,VFR_level,9500,True,False,False
a806bb:2026-06-20T16:28:12Z,midwest,2026-06-20,RV7,N616TK,1781993968.93,1781994477.55,508.6,9459.2,126.0,125.0,VFR_level,9500,True,False,False
a806bb:2026-06-20T16:28:12Z,midwest,2026-06-20,RV7,N616TK,1781994643.2,1781996409.48,1766.3,7484.2,126.0,125.0,VFR_level,7500,True,False,False
a7339a:2026-06-20T16:27:28Z,midwest,2026-06-20,RV8,N563RV,1781973284.32,1781973878.53,594.2,7386.4,100.0,99.0,VFR_level,7500,True,False,False
a7339a:2026-06-20T16:27:28Z,midwest,2026-06-20,RV8,N563RV,1781978224.53,1781980054.07,1829.5,9448.0,111.0,110.0,VFR_level,9500,True,False,False
a7339a:2026-06-20T16:27:28Z,midwest,2026-06-20,RV8,N563RV,1781980145.81,1781980339.22,193.4,9448.0,101.0,100.0,VFR_level,9500,True,False,False
a7339a:2026-06-20T16:27:28Z,midwest,2026-06-20,RV8,N563RV,1781980589.1,1781981264.47,675.4,7448.0,100.0,99.0,VFR_level,7500,True,False,False
a7339a:2026-06-20T16:27:28Z,midwest,2026-06-20,RV8,N563RV,1781981524.08,1781983150.21,1626.1,7478.2,116.0,115.0,VFR_level,7500,True,False,False
a7339a:2026-06-20T16:27:28Z,midwest,2026-06-20,RV8,N563RV,1781987642.67,1781989476.56,1833.9,7425.4,121.0,120.0,VFR_level,7500,True,False,False
a7339a:2026-06-20T16:27:28Z,midwest,2026-06-20,RV8,N563RV,1781990185.24,1781993261.6,3076.4,9456.1,121.0,120.0,VFR_level,9500,True,False,False
a7339a:2026-06-20T16:27:28Z,midwest,2026-06-20,RV8,N563RV,1781993793.63,1781994450.65,657.0,9456.1,126.0,125.0,VFR_level,9500,True,False,False
a7339a:2026-06-20T16:27:28Z,midwest,2026-06-20,RV8,N563RV,1781994642.1,1781996438.94,1796.8,7456.1,126.0,125.0,VFR_level,7500,True,False,False
a25ccb:2026-06-20T16:02:04Z,midwest,2026-06-20,,N251SF,1781971584.06,1781973797.74,2213.7,5453.3,81.0,80.0,VFR_level,5500,True,False,False
a25ccb:2026-06-20T16:02:04Z,midwest,2026-06-20,,N251SF,1781973917.99,1781974367.81,449.8,5953.3,81.0,80.0,IFR_level,6000,,False,False
a25ccb:2026-06-20T16:02:04Z,midwest,2026-06-20,,N251SF,1781974451.98,1781974641.95,190.0,6953.3,81.0,80.0,IFR_level,7000,,False,False
a25ccb:2026-06-20T16:02:04Z,midwest,2026-06-20,,N251SF,1781975860.72,1781976237.83,377.1,4495.9,83.0,82.0,VFR_level,4500,False,False,False
abbd67:2026-06-20T15:59:40Z,midwest,2026-06-20,BE35,N8558M,1781972198.1,1781973299.14,1101.0,6526.7,318.0,317.0,VFR_level,6500,True,False,False
abbd67:2026-06-20T15:59:40Z,midwest,2026-06-20,BE35,N8558M,1781973361.34,1781973565.27,203.9,6526.7,317.0,316.0,VFR_level,6500,True,False,False
a94281:2026-06-20T15:57:32Z,midwest,2026-06-20,RV6,N696RK,1781971091.19,1781971883.5,792.3,4379.0,316.0,315.0,VFR_level,4500,True,False,False
a83be8:2026-06-20T15:56:48Z,midwest,2026-06-20,RV6,N63FH,1781971082.68,1781971813.08,730.4,4479.1,315.0,314.0,VFR_level,4500,True,False,False
aa6891:2026-06-20T15:48:45Z,midwest,2026-06-20,RV7,N77VH,1781974640.01,1781975238.44,598.4,4431.3,4.0,3.0,VFR_level,4500,False,False,True
aa3778:2026-06-20T15:35:31Z,midwest,2026-06-20,C172,N75778,1781974029.49,1781976073.85,2044.4,4480.3,259.0,258.0,VFR_level,4500,True,True,False
a17426:2026-06-20T15:25:32Z,midwest,2026-06-20,DA40,N193JP,1781969330.32,1781969933.01,602.7,4457.3,350.0,349.0,VFR_level,4500,True,False,False
a17426:2026-06-20T15:25:32Z,midwest,2026-06-20,DA40,N193JP,1781969993.68,1781972904.28,2910.6,4457.3,353.0,352.0,VFR_level,4500,True,False,False
a17426:2026-06-20T15:25:32Z,midwest,2026-06-20,DA40,N193JP,1781972946.62,1781973255.76,309.1,4432.3,353.0,352.0,VFR_level,4500,True,False,False
a17426:2026-06-20T15:25:32Z,midwest,2026-06-20,DA40,N193JP,1781973327.43,1781974432.91,1105.5,4507.3,353.0,352.0,VFR_level,4500,True,False,False
a153fc:2026-06-20T15:24:12Z,midwest,2026-06-20,BE36,N185HP,1781969838.67,1781971092.23,1253.6,9454.7,132.0,131.0,VFR_level,9500,True,True,False
a153fc:2026-06-20T15:24:12Z,midwest,2026-06-20,BE36,N185HP,1781971311.89,1781971666.23,354.3,9479.7,132.0,131.0,VFR_level,9500,True,True,False
a41023:2026-06-20T15:10:29Z,midwest,2026-06-20,RV12,N361BG,1781968786.9,1781977287.06,8500.2,8487.0,244.0,243.0,VFR_level,8500,True,False,False
a25f12:2026-06-20T15:07:42Z,midwest,2026-06-20,M20P,N252BN,1781968503.13,1781969329.13,826.0,4271.8,260.0,259.0,off_level,,,False,False
a25f12:2026-06-20T15:07:42Z,midwest,2026-06-20,M20P,N252BN,1781969355.6,1781969779.38,423.8,4271.8,247.0,246.0,off_level,,,False,False
a25f12:2026-06-20T15:07:42Z,midwest,2026-06-20,M20P,N252BN,1781969786.4,1781970054.18,267.8,4571.8,247.0,246.0,VFR_level,4500,True,False,False
a25f12:2026-06-20T15:07:42Z,midwest,2026-06-20,M20P,N252BN,1781971837.45,1781973141.19,1303.7,5171.8,70.0,69.0,off_level,,,False,False
ac4c1a:2026-06-20T14:49:41Z,midwest,2026-06-20,NAVI,N8915H,1781967323.76,1781968094.06,770.3,4581.7,236.0,235.0,VFR_level,4500,True,False,False
ac4c1a:2026-06-20T14:49:41Z,midwest,2026-06-20,NAVI,N8915H,1781968265.96,1781969663.33,1397.4,4581.7,238.0,237.0,VFR_level,4500,True,False,False
ac4c1a:2026-06-20T14:49:41Z,midwest,2026-06-20,NAVI,N8915H,1781971501.82,1781972543.14,1041.3,4581.7,235.0,234.0,VFR_level,4500,True,False,False
ad423b:2026-06-20T14:44:16Z,midwest,2026-06-20,BE35,N9530Y,1781967216.36,1781967811.17,594.8,4286.3,314.0,313.0,off_level,,,False,False
ad423b:2026-06-20T14:44:16Z,midwest,2026-06-20,BE35,N9530Y,1781967881.91,1781968187.96,306.0,4386.3,326.0,325.0,VFR_level,4500,True,False,False
ab6e70:2026-06-20T14:38:38Z,midwest,2026-06-20,C172,N8358U,1781966774.39,1781967001.52,227.1,5815.9,17.0,16.0,off_level,,,False,False
ab6e70:2026-06-20T14:38:38Z,midwest,2026-06-20,C172,N8358U,1781967076.5,1781967363.94,287.4,5615.9,17.0,16.0,VFR_level,5500,True,False,False
ab6e70:2026-06-20T14:38:38Z,midwest,2026-06-20,C172,N8358U,1781967582.64,1781968444.45,861.8,5615.9,17.0,16.0,VFR_level,5500,True,False,False
ab6e70:2026-06-20T14:38:38Z,midwest,2026-06-20,C172,N8358U,1781971015.11,1781971321.65,306.5,4640.9,196.0,195.0,VFR_level,4500,True,False,False
ab6e70:2026-06-20T14:38:38Z,midwest,2026-06-20,C172,N8358U,1781971500.18,1781971787.4,287.2,4540.9,205.0,204.0,VFR_level,4500,True,False,False
ab6e70:2026-06-20T14:38:38Z,midwest,2026-06-20,C172,N8358U,1781971816.53,1781972101.1,284.6,4490.9,210.0,209.0,VFR_level,4500,True,False,False
ab6e70:2026-06-20T14:38:38Z,midwest,2026-06-20,C172,N8358U,1781972204.53,1781972386.69,182.2,4515.9,219.0,218.0,VFR_level,4500,True,False,False
a25a09:2026-06-20T14:17:12Z,midwest,2026-06-20,P28A,N2501R,1781965329.77,1781965817.96,488.2,4516.8,78.0,77.0,VFR_level,4500,False,True,False
a27daa:2026-06-20T13:50:30Z,midwest,2026-06-20,BE76,N26LM,1781963951.05,1781964154.09,203.0,6497.0,100.0,99.0,VFR_level,6500,False,False,False
a34a4e:2026-06-20T13:19:12Z,midwest,2026-06-20,BE33,N3108N,1781962314.16,1781963168.97,854.8,9418.5,111.0,110.0,VFR_level,9500,True,False,False
a34a4e:2026-06-20T13:19:12Z,midwest,2026-06-20,BE33,N3108N,1781963673.02,1781968774.39,5101.4,9418.5,114.0,113.0,VFR_level,9500,True,False,False
a34a4e:2026-06-20T13:19:12Z,midwest,2026-06-20,BE33,N3108N,1781969000.27,1781969187.45,187.2,7468.5,114.0,113.0,VFR_level,7500,True,False,False
a34a4e:2026-06-20T13:19:12Z,midwest,2026-06-20,BE33,N3108N,1781970162.56,1781971150.48,987.9,5468.5,121.0,120.0,VFR_level,5500,True,False,False
a34a4e:2026-06-20T13:19:12Z,midwest,2026-06-20,BE33,N3108N,1781971231.25,1781971489.32,258.1,5468.5,121.0,120.0,VFR_level,5500,True,False,False
a34a4e:2026-06-20T13:19:12Z,midwest,2026-06-20,BE33,N3108N,1781971648.11,1781972082.43,434.3,5443.5,121.0,120.0,VFR_level,5500,True,False,False
a34a4e:2026-06-20T13:19:12Z,midwest,2026-06-20,BE33,N3108N,1781974948.9,1781981401.1,6452.2,9385.2,124.0,123.0,VFR_level,9500,True,False,False
a419e5:2026-06-20T13:02:33Z,midwest,2026-06-20,G164,N36303,1781988637.51,1781989075.89,438.4,4611.4,266.0,265.0,VFR_level,4500,True,False,False
a419e5:2026-06-20T13:02:33Z,midwest,2026-06-20,G164,N36303,1781989459.91,1781989771.59,311.7,4781.1,271.0,270.0,off_level,,,False,False
a419e5:2026-06-20T13:02:33Z,midwest,2026-06-20,G164,N36303,1781989820.57,1781990097.85,277.3,4331.1,272.0,271.0,off_level,,,False,False
a669fc:2026-06-20T12:53:01Z,midwest,2026-06-20,P46T,N512MM,1781960240.51,1781960798.54,558.0,7470.4,251.0,250.0,VFR_level,7500,False,True,False
